osmid,y,x,street_count,highway,ref,junction,railway,geometry
21638845,41.3700925,2.187743,3,,,,,POINT (2.187743 41.3700925)
21638865,41.3767732,2.1906313,1,,,,,POINT (2.1906313 41.3767732)
21638867,41.3782089,2.1889331,4,,,,,POINT (2.1889331 41.3782089)
21638868,41.3784394,2.1899711,3,,,,,POINT (2.1899711 41.3784394)
21638869,41.3785912,2.1906605,4,,,,,POINT (2.1906605 41.3785912)
21638874,41.3805208,2.1871041,3,,,,,POINT (2.1871041 41.3805208)
21638877,41.3791109,2.1891407,4,,,,,POINT (2.1891407 41.3791109)
21638878,41.3792994,2.1900047,4,,,,,POINT (2.1900047 41.3792994)
21638882,41.3805427,2.1878203,4,,,,,POINT (2.1878203 41.3805427)
21638889,41.3821601,2.1841254,3,,,,,POINT (2.1841254 41.3821601)
21638890,41.3822566,2.1839229,3,,,,,POINT (2.1839229 41.3822566)
21638891,41.3826159,2.1831984,4,,,,,POINT (2.1831984 41.3826159)
21638917,41.376012,2.1781453,3,,,,,POINT (2.1781453 41.376012)
21638920,41.3754696,2.1776314,3,,,,,POINT (2.1776314 41.3754696)
21638921,41.3756032,2.1773937,3,,,,,POINT (2.1773937 41.3756032)
21638922,41.3757004,2.1773643,3,,,,,POINT (2.1773643 41.3757004)
21639537,41.324466,2.1194798,3,,,,,POINT (2.1194798 41.324466)
26057050,41.3748782,2.1485618,3,,,,,POINT (2.1485618 41.3748782)
26057076,41.3733143,2.1762752,3,,,,,POINT (2.1762752 41.3733143)
26057116,41.3857548,2.1701372,4,,,,,POINT (2.1701372 41.3857548)
26057125,41.3873948,2.1685475,4,,,,,POINT (2.1685475 41.3873948)
26057131,41.3888075,2.1723496,5,,,,,POINT (2.1723496 41.3888075)
26057304,41.3865457,2.1663094,4,,,,,POINT (2.1663094 41.3865457)
26057312,41.389593,2.16837,4,,,,,POINT (2.16837 41.389593)
26057341,41.3893208,2.1736834,4,,,,,POINT (2.1736834 41.3893208)
26057342,41.3899292,2.1753258,4,,,,,POINT (2.1753258 41.3899292)
26057345,41.3892243,2.1762337,3,,,,,POINT (2.1762337 41.3892243)
26057346,41.3889575,2.1758863,3,,,,,POINT (2.1758863 41.3889575)
26057347,41.3889558,2.1737424,3,,,,,POINT (2.1737424 41.3889558)
26057388,41.3838266,2.1608564,4,,,,,POINT (2.1608564 41.3838266)
26057389,41.3846778,2.1619691,4,,,,,POINT (2.1619691 41.3846778)
26198831,41.3804334,2.1563247,4,,,,,POINT (2.1563247 41.3804334)
26198833,41.3795841,2.1551756,4,,,,,POINT (2.1551756 41.3795841)
26198844,41.3778687,2.1529122,4,,,,,POINT (2.1529122 41.3778687)
30227025,41.3782059,2.1733456,3,,,,,POINT (2.1733456 41.3782059)
30227027,41.3775175,2.1745094,1,,,,,POINT (2.1745094 41.3775175)
30227032,41.3777597,2.1728957,3,,,,,POINT (2.1728957 41.3777597)
30227034,41.3770587,2.1739954,1,,,,,POINT (2.1739954 41.3770587)
30227035,41.3805733,2.1708255,3,,,,,POINT (2.1708255 41.3805733)
30227037,41.3791144,2.1721135,1,,,,,POINT (2.1721135 41.3791144)
30227048,41.3786939,2.1705237,2,,,,,POINT (2.1705237 41.3786939)
30227049,41.3782126,2.1711198,2,,,,,POINT (2.1711198 41.3782126)
30227050,41.3778764,2.1717029,4,,,,,POINT (2.1717029 41.3778764)
30227052,41.3774098,2.1725123,3,,,,,POINT (2.1725123 41.3774098)
30227068,41.3773903,2.1711983,3,,,,,POINT (2.1711983 41.3773903)
30227131,41.3811112,2.1651064,3,,,,,POINT (2.1651064 41.3811112)
30227132,41.3812005,2.1659327,4,,,,,POINT (2.1659327 41.3812005)
30227133,41.3816681,2.1667236,3,,,,,POINT (2.1667236 41.3816681)
30227134,41.3816111,2.16383,3,,,,,POINT (2.16383 41.3816111)
30227135,41.3812727,2.1638879,3,,,,,POINT (2.1638879 41.3812727)
30227136,41.380797,2.1639619,4,,,,,POINT (2.1639619 41.380797)
30227137,41.3803796,2.1640259,3,,,,,POINT (2.1640259 41.3803796)
30227139,41.3808936,2.1652572,3,,,,,POINT (2.1652572 41.3808936)
30227151,41.3825883,2.1644995,3,,,,,POINT (2.1644995 41.3825883)
30227153,41.3817581,2.1652892,3,,,,,POINT (2.1652892 41.3817581)
30227154,41.3807403,2.1664529,4,,,,,POINT (2.1664529 41.3807403)
30227156,41.3823562,2.1640673,3,,,,,POINT (2.1640673 41.3823562)
30227157,41.3820306,2.164377,4,,,,,POINT (2.164377 41.3820306)
30227158,41.3816931,2.1646959,4,,,,,POINT (2.1646959 41.3816931)
30227159,41.381356,2.1649365,3,,,,,POINT (2.1649365 41.381356)
30227160,41.3804602,2.1655627,3,,,,,POINT (2.1655627 41.3804602)
30227192,41.3837354,2.1644878,3,,,,,POINT (2.1644878 41.3837354)
30227193,41.383326,2.1649366,4,,,,,POINT (2.1649366 41.383326)
30227194,41.3830111,2.1652713,3,,,,,POINT (2.1652713 41.3830111)
30227195,41.3826993,2.1656095,3,,,,,POINT (2.1656095 41.3826993)
30227196,41.3823117,2.1660362,4,,,,,POINT (2.1660362 41.3823117)
30227198,41.3807467,2.1677141,3,,,,,POINT (2.1677141 41.3807467)
30227228,41.3804028,2.1631144,3,,,,,POINT (2.1631144 41.3804028)
30227229,41.3803577,2.1636551,3,,,,,POINT (2.1636551 41.3803577)
30227231,41.3804058,2.1645765,3,,,,,POINT (2.1645765 41.3804058)
30227232,41.3804556,2.1655022,3,,,,,POINT (2.1655022 41.3804556)
30227233,41.3805014,2.1661378,3,,,,,POINT (2.1661378 41.3805014)
30227390,41.3821042,2.1683799,4,,,,,POINT (2.1683799 41.3821042)
30227391,41.3824395,2.168972,4,,,,,POINT (2.168972 41.3824395)
30227402,41.3831498,2.1682528,1,,,,,POINT (2.1682528 41.3831498)
30227450,41.3789074,2.1638551,3,,,,,POINT (2.1638551 41.3789074)
30227468,41.3802441,2.1696928,3,,,,,POINT (2.1696928 41.3802441)
30227487,41.3816613,2.1758448,3,,,,,POINT (2.1758448 41.3816613)
30227489,41.3824239,2.1767976,1,,,,,POINT (2.1767976 41.3824239)
30227495,41.3839611,2.1787276,4,,,,,POINT (2.1787276 41.3839611)
30236715,41.3732646,2.1627417,4,,,,,POINT (2.1627417 41.3732646)
30236716,41.3729058,2.1625876,3,,,,,POINT (2.1625876 41.3729058)
30236718,41.3725151,2.1624364,3,,,,,POINT (2.1624364 41.3725151)
30236720,41.3731607,2.1614811,3,,,,,POINT (2.1614811 41.3731607)
30236748,41.3722005,2.1630471,4,,,,,POINT (2.1630471 41.3722005)
30236749,41.3720641,2.1637054,4,,,,,POINT (2.1637054 41.3720641)
30236750,41.3719232,2.1643854,4,,,,,POINT (2.1643854 41.3719232)
30236751,41.3717782,2.165075,4,,,,,POINT (2.165075 41.3717782)
30236752,41.3716733,2.1655913,4,,,,,POINT (2.1655913 41.3716733)
30236753,41.3715787,2.1660458,3,,,,,POINT (2.1660458 41.3715787)
30236760,41.3737213,2.1616867,4,,,,,POINT (2.1616867 41.3737213)
30236761,41.3725819,2.16125,4,,,,,POINT (2.16125 41.3725819)
30236773,41.3730769,2.1633623,4,,,,,POINT (2.1633623 41.3730769)
30236779,41.3728784,2.1640046,4,,,,,POINT (2.1640046 41.3728784)
30236780,41.3714679,2.1634973,3,,,,,POINT (2.1634973 41.3714679)
30236813,41.3721659,2.126484,3,,,,,POINT (2.126484 41.3721659)
30237081,41.372685,2.1257544,3,,,,,POINT (2.1257544 41.372685)
30237104,41.3741959,2.1238666,4,,,,,POINT (2.1238666 41.3741959)
30237479,41.3819309,2.1331823,3,,,,,POINT (2.1331823 41.3819309)
30237481,41.3828506,2.1357518,4,,,,,POINT (2.1357518 41.3828506)
30237482,41.3833435,2.1370501,4,,,,,POINT (2.1370501 41.3833435)
30237483,41.3840404,2.1381687,4,,,,,POINT (2.1381687 41.3840404)
30237484,41.3847771,2.1393782,3,,,,,POINT (2.1393782 41.3847771)
30237520,41.3847725,2.1352521,3,,,,,POINT (2.1352521 41.3847725)
30237521,41.3842343,2.1355968,3,,,,,POINT (2.1355968 41.3842343)
30237530,41.3887727,2.1363201,3,,,,,POINT (2.1363201 41.3887727)
30237531,41.3885173,2.1365758,4,,,,,POINT (2.1365758 41.3885173)
30237532,41.387952,2.1371009,4,,,,,POINT (2.1371009 41.387952)
30237533,41.3868614,2.1381582,3,,,,,POINT (2.1381582 41.3868614)
30237538,41.3882225,2.1329169,3,,,,,POINT (2.1329169 41.3882225)
30237539,41.3876202,2.1335118,4,,,,,POINT (2.1335118 41.3876202)
30237540,41.387364,2.1337711,4,,,,,POINT (2.1337711 41.387364)
30237541,41.3870851,2.1340451,4,,,,,POINT (2.1340451 41.3870851)
30237542,41.3865411,2.1345827,3,,,,,POINT (2.1345827 41.3865411)
30237586,41.3856377,2.1449091,4,,,,,POINT (2.1449091 41.3856377)
30237587,41.3865079,2.1460175,4,,,,,POINT (2.1460175 41.3865079)
30237588,41.3873405,2.1471297,3,,,,,POINT (2.1471297 41.3873405)
30237606,41.385785,2.1428323,4,,,,,POINT (2.1428323 41.385785)
30237607,41.3864745,2.1437427,4,,,,,POINT (2.1437427 41.3864745)
30237610,41.3890311,2.1471617,3,,,,,POINT (2.1471617 41.3890311)
30237612,41.3907397,2.1494208,4,,,,,POINT (2.1494208 41.3907397)
30237613,41.3916165,2.1505827,4,,,,,POINT (2.1505827 41.3916165)
30237614,41.3924477,2.1517144,4,,,,,POINT (2.1517144 41.3924477)
30237615,41.3932932,2.1528513,4,,,,,POINT (2.1528513 41.3932932)
30237616,41.3941584,2.1539878,3,,,,,POINT (2.1539878 41.3941584)
30237617,41.3950168,2.1551106,3,,,,,POINT (2.1551106 41.3950168)
30237627,41.3881987,2.1437715,3,traffic_signals,,,,POINT (2.1437715 41.3881987)
30237628,41.3890419,2.1448762,4,traffic_signals,,,,POINT (2.1448762 41.3890419)
30237629,41.3898656,2.1460064,3,,,,,POINT (2.1460064 41.3898656)
30237630,41.390113,2.1462804,4,,,,,POINT (2.1462804 41.390113)
30237632,41.3916143,2.1482746,4,,,,,POINT (2.1482746 41.3916143)
30237633,41.3924805,2.1494147,4,traffic_signals,,,,POINT (2.1494147 41.3924805)
30237634,41.3933341,2.1505526,4,,,,,POINT (2.1505526 41.3933341)
30237635,41.3941775,2.1516724,3,,,,,POINT (2.1516724 41.3941775)
30237637,41.3943603,2.15143,4,,,,,POINT (2.15143 41.3943603)
30237638,41.3924756,2.1539557,4,,,,,POINT (2.1539557 41.3924756)
30237639,41.3916335,2.155085,4,,,,,POINT (2.155085 41.3916335)
30237640,41.3907538,2.1562229,4,,,,,POINT (2.1562229 41.3907538)
30237641,41.3899131,2.157333,4,,,,,POINT (2.157333 41.3899131)
30237642,41.3890454,2.1584753,4,,,,,POINT (2.1584753 41.3890454)
30237643,41.3881987,2.1595996,4,,,,,POINT (2.1595996 41.3881987)
30237645,41.3864884,2.1618459,4,,,,,POINT (2.1618459 41.3864884)
30237675,41.4064169,2.1333366,4,,,,,POINT (2.1333366 41.4064169)
30237677,41.4054372,2.1349603,4,,,,,POINT (2.1349603 41.4054372)
30237678,41.4049986,2.1354793,4,,,,,POINT (2.1354793 41.4049986)
30237679,41.4039636,2.1366181,4,,,,,POINT (2.1366181 41.4039636)
30237680,41.4034316,2.137206,4,,,,,POINT (2.137206 41.4034316)
30237682,41.4020853,2.1388823,4,,,,,POINT (2.1388823 41.4020853)
30237685,41.4001017,2.1415547,4,,,,,POINT (2.1415547 41.4001017)
30237686,41.3996685,2.1421317,4,,,,,POINT (2.1421317 41.3996685)
30237689,41.3977935,2.1446665,4,,,,,POINT (2.1446665 41.3977935)
30237690,41.3973733,2.1452303,4,,,,,POINT (2.1452303 41.3973733)
30237691,41.3968235,2.145942,4,,,,,POINT (2.145942 41.3968235)
30237692,41.3963809,2.1464944,4,,,,,POINT (2.1464944 41.3963809)
30237693,41.3959664,2.1470516,4,,,,,POINT (2.1470516 41.3959664)
30237694,41.3951788,2.1480945,4,,,,,POINT (2.1480945 41.3951788)
30237696,41.3916311,2.15282,4,,,,,POINT (2.15282 41.3916311)
30237697,41.3907851,2.1539357,4,,,,,POINT (2.1539357 41.3907851)
30237698,41.3899154,2.1550825,4,,,,,POINT (2.1550825 41.3899154)
30237699,41.3890517,2.1562198,4,,,,,POINT (2.1562198 41.3890517)
30237700,41.3881816,2.1573688,4,,,,,POINT (2.1573688 41.3881816)
30237701,41.3873457,2.158471,4,,,,,POINT (2.158471 41.3873457)
30237703,41.385647,2.1607103,4,,,,,POINT (2.1607103 41.385647)
30237705,41.3837422,2.1631957,4,,,,,POINT (2.1631957 41.3837422)
30237706,41.3833762,2.1637329,3,,,,,POINT (2.1637329 41.3833762)
30237768,41.3944136,2.1468692,3,traffic_signals,,,,POINT (2.1468692 41.3944136)
30237770,41.39331,2.1482934,3,,,,,POINT (2.1482934 41.39331)
30237772,41.3908024,2.1517126,4,,,,,POINT (2.1517126 41.3908024)
30237867,41.3900666,2.1530072,3,,,,,POINT (2.1530072 41.3900666)
30237873,41.389089,2.1540146,4,traffic_signals,,,,POINT (2.1540146 41.389089)
30238005,41.3881709,2.1550528,4,,,,,POINT (2.1550528 41.3881709)
30238006,41.3873191,2.1562308,4,traffic_signals,,,,POINT (2.1562308 41.3873191)
30238009,41.3847856,2.1595845,4,,,,,POINT (2.1595845 41.3847856)
30238011,41.3828901,2.1620984,4,traffic_signals,,,,POINT (2.1620984 41.3828901)
30238015,41.3813855,2.1437848,4,,,,,POINT (2.1437848 41.3813855)
30238016,41.3822224,2.1448814,3,,,,,POINT (2.1448814 41.3822224)
30238017,41.3830927,2.1460276,4,,,,,POINT (2.1460276 41.3830927)
30238018,41.3839532,2.1471627,4,,,,,POINT (2.1471627 41.3839532)
30238020,41.3856604,2.1493967,4,,,,,POINT (2.1493967 41.3856604)
30238021,41.3865171,2.1505239,3,,,,,POINT (2.1505239 41.3865171)
30238023,41.3881989,2.1528174,4,,,,,POINT (2.1528174 41.3881989)
30238025,41.3916179,2.1573648,4,traffic_signals,,,,POINT (2.1573648 41.3916179)
30238026,41.3924507,2.1584718,4,,,,,POINT (2.1584718 41.3924507)
30238027,41.3929991,2.1592226,3,,,,,POINT (2.1592226 41.3929991)
30238029,41.3947201,2.1614564,4,crossing,,,,POINT (2.1614564 41.3947201)
30238030,41.3958677,2.1629713,4,,,,,POINT (2.1629713 41.3958677)
30238031,41.3967437,2.1640934,4,,,,,POINT (2.1640934 41.3967437)
30238032,41.3975605,2.1652053,3,,,,,POINT (2.1652053 41.3975605)
30238197,41.3760922,2.1598198,4,,,,,POINT (2.1598198 41.3760922)
30238198,41.3769505,2.1609364,4,,,,,POINT (2.1609364 41.3769505)
30238199,41.3778005,2.162089,4,,,,,POINT (2.162089 41.3778005)
30238275,41.3785558,2.1656767,3,,,,,POINT (2.1656767 41.3785558)
30238277,41.3778096,2.1668432,3,,,,,POINT (2.1668432 41.3778096)
30238278,41.3775112,2.167309,4,,,,,POINT (2.167309 41.3775112)
30238280,41.376374,2.1691078,3,,,,,POINT (2.1691078 41.376374)
30238379,41.3781057,2.1652372,3,,,,,POINT (2.1652372 41.3781057)
30238381,41.3771075,2.1668763,3,,,,,POINT (2.1668763 41.3771075)
30238383,41.3759947,2.1687108,4,,,,,POINT (2.1687108 41.3759947)
30238385,41.374902,2.1699777,4,,,,,POINT (2.1699777 41.374902)
30242757,41.3896867,2.1734065,4,,,,,POINT (2.1734065 41.3896867)
30242758,41.390518,2.1745122,4,,,,,POINT (2.1745122 41.390518)
30242759,41.3913841,2.1757033,4,,,,,POINT (2.1757033 41.3913841)
30242760,41.392227,2.1768143,4,,,,,POINT (2.1768143 41.392227)
30242762,41.3939451,2.1790639,4,,,,,POINT (2.1790639 41.3939451)
30242763,41.3947682,2.1801982,4,,,,,POINT (2.1801982 41.3947682)
30242764,41.3956331,2.1813504,3,,,,,POINT (2.1813504 41.3956331)
30242766,41.3964751,2.1824696,4,,,,,POINT (2.1824696 41.3964751)
30242768,41.39824,2.1848306,3,,,,,POINT (2.1848306 41.39824)
30242809,41.3973476,2.1813237,4,,,,,POINT (2.1813237 41.3973476)
30242810,41.3964956,2.1802191,4,,,,,POINT (2.1802191 41.3964956)
30242811,41.3956217,2.1790594,4,,,,,POINT (2.1790594 41.3956217)
30242812,41.3947872,2.1779367,4,,,,,POINT (2.1779367 41.3947872)
30242814,41.3930864,2.1756925,4,,,,,POINT (2.1756925 41.3930864)
30242815,41.3922356,2.1745708,4,,,,,POINT (2.1745708 41.3922356)
30242816,41.391403,2.1734254,4,,,,,POINT (2.1734254 41.391403)
30242817,41.3905252,2.1722992,4,,,,,POINT (2.1722992 41.3905252)
30242818,41.389684,2.1711549,4,,,,,POINT (2.1711549 41.389684)
30242864,41.3912977,2.1659743,4,,,,,POINT (2.1659743 41.3912977)
30242871,41.3975504,2.1742869,4,,,,,POINT (2.1742869 41.3975504)
30242872,41.3983937,2.1754165,4,,,,,POINT (2.1754165 41.3983937)
30242874,41.4001137,2.1777067,4,,,,,POINT (2.1777067 41.4001137)
30242877,41.401397,2.1794541,3,,,,,POINT (2.1794541 41.401397)
30242948,41.4123049,2.1623442,4,,,,,POINT (2.1623442 41.4123049)
30242950,41.4105021,2.1639165,3,,,,,POINT (2.1639165 41.4105021)
30242951,41.4102356,2.1642813,4,,,,,POINT (2.1642813 41.4102356)
30242952,41.4095786,2.1651478,4,traffic_signals,,,,POINT (2.1651478 41.4095786)
30242955,41.4080935,2.1671273,3,,,,,POINT (2.1671273 41.4080935)
30242956,41.4075882,2.1677978,4,,,,,POINT (2.1677978 41.4075882)
30242957,41.4069301,2.1686751,4,,,,,POINT (2.1686751 41.4069301)
30242958,41.4060666,2.1698152,4,,,,,POINT (2.1698152 41.4060666)
30242959,41.4052311,2.1709113,4,,,,,POINT (2.1709113 41.4052311)
30242960,41.4043697,2.1720527,4,,,,,POINT (2.1720527 41.4043697)
30242962,41.4026495,2.174301,4,,,,,POINT (2.174301 41.4026495)
30242963,41.4018079,2.1754513,4,,,,,POINT (2.1754513 41.4018079)
30242965,41.3992296,2.1788705,4,,,,,POINT (2.1788705 41.3992296)
30242968,41.3956208,2.1835915,4,,,,,POINT (2.1835915 41.3956208)
30242970,41.3939561,2.1858141,4,traffic_signals,,,,POINT (2.1858141 41.3939561)
30242971,41.3931146,2.1868056,4,,,,,POINT (2.1868056 41.3931146)
30242972,41.3922859,2.1880147,4,,,,,POINT (2.1880147 41.3922859)
30242973,41.3914648,2.189113,4,,,,,POINT (2.189113 41.3914648)
30242975,41.3896468,2.1914943,3,,,,,POINT (2.1914943 41.3896468)
30242976,41.3881999,2.1934372,4,,,,,POINT (2.1934372 41.3881999)
30242977,41.3871577,2.194825,4,,,,,POINT (2.194825 41.3871577)
30243042,41.3788174,2.1516527,3,,,,,POINT (2.1516527 41.3788174)
30243047,41.3830833,2.1573254,4,,,,,POINT (2.1573254 41.3830833)
30243048,41.3839348,2.1584589,4,,,,,POINT (2.1584589 41.3839348)
30243053,41.3904103,2.1670716,4,traffic_signals,,,,POINT (2.1670716 41.3904103)
30243054,41.3915821,2.1686124,4,,,,,POINT (2.1686124 41.3915821)
30243056,41.3932917,2.1708871,4,,,,,POINT (2.1708871 41.3932917)
30243058,41.3950134,2.1731758,4,,,,,POINT (2.1731758 41.3950134)
30243061,41.3975198,2.1765809,4,,,,,POINT (2.1765809 41.3975198)
30243062,41.3983797,2.1777352,4,,,,,POINT (2.1777352 41.3983797)
30243065,41.401792,2.1823042,3,,,,,POINT (2.1823042 41.401792)
30243112,41.4052614,2.1640724,3,,,,,POINT (2.1640724 41.4052614)
30243114,41.4035246,2.166406,4,,,,,POINT (2.166406 41.4035246)
30243115,41.4026731,2.1675462,4,,,,,POINT (2.1675462 41.4026731)
30243116,41.4018319,2.1686726,4,,,,,POINT (2.1686726 41.4018319)
30243117,41.4009829,2.1697891,4,,,,,POINT (2.1697891 41.4009829)
30243118,41.400123,2.1709209,4,,,,,POINT (2.1709209 41.400123)
30243120,41.3992485,2.1720481,4,,,,,POINT (2.1720481 41.3992485)
30243124,41.3930747,2.1801984,4,,,,,POINT (2.1801984 41.3930747)
30243125,41.3922164,2.181334,4,,,,,POINT (2.181334 41.3922164)
30243126,41.3914119,2.1823811,4,,,,,POINT (2.1823811 41.3914119)
30243127,41.3906079,2.1834634,4,,,,,POINT (2.1834634 41.3906079)
30243128,41.3897947,2.1845158,4,,,,,POINT (2.1845158 41.3897947)
30243129,41.3966726,2.1754464,4,,,,,POINT (2.1754464 41.3966726)
30243156,41.4052058,2.1663822,4,,,,,POINT (2.1663822 41.4052058)
30243157,41.404359,2.1675048,4,,,,,POINT (2.1675048 41.404359)
30243158,41.4034957,2.1686421,4,,,,,POINT (2.1686421 41.4034957)
30243159,41.4026545,2.1697614,4,,,,,POINT (2.1697614 41.4026545)
30243160,41.4018113,2.1709044,4,,,,,POINT (2.1709044 41.4018113)
30243161,41.4009598,2.1720329,4,,,,,POINT (2.1720329 41.4009598)
30243163,41.3992399,2.1742882,4,,,,,POINT (2.1742882 41.3992399)
30243166,41.3939231,2.1812974,4,,,,,POINT (2.1812974 41.3939231)
30243202,41.4037362,2.1616694,3,,,,,POINT (2.1616694 41.4037362)
30243203,41.4026883,2.1630123,4,,,,,POINT (2.1630123 41.4026883)
30243205,41.400125,2.1663833,4,,,,,POINT (2.1663833 41.400125)
30243206,41.3992759,2.1675018,4,,,,,POINT (2.1675018 41.3992759)
30243208,41.3984126,2.1686338,4,,,,,POINT (2.1686338 41.3984126)
30243209,41.3975689,2.1697923,4,,,,,POINT (2.1697923 41.3975689)
30243210,41.3967155,2.1709222,4,,,,,POINT (2.1709222 41.3967155)
30243211,41.3939252,2.1745969,3,,,,,POINT (2.1745969 41.3939252)
30243212,41.3913905,2.1779318,4,,,,,POINT (2.1779318 41.3913905)
30243213,41.3910514,2.1783095,3,,,,,POINT (2.1783095 41.3910514)
30243244,41.4001106,2.1640916,4,,,,,POINT (2.1640916 41.4001106)
30243245,41.3992742,2.165251,4,,,,,POINT (2.165251 41.3992742)
30243250,41.3931923,2.1733002,3,,,,,POINT (2.1733002 41.3931923)
30243251,41.3904978,2.1768627,5,,,,,POINT (2.1768627 41.3904978)
30243253,41.3892998,2.1784404,3,,,,,POINT (2.1784404 41.3892998)
30243260,41.3984136,2.1641032,4,,,,,POINT (2.1641032 41.3984136)
30243261,41.396716,2.1663873,4,,,,,POINT (2.1663873 41.396716)
30243262,41.3958445,2.1675328,4,,,,,POINT (2.1675328 41.3958445)
30243263,41.395006,2.1686343,4,,,,,POINT (2.1686343 41.395006)
30243264,41.3923412,2.1721514,4,,,,,POINT (2.1721514 41.3923412)
30243312,41.3796745,2.14602,4,,,,,POINT (2.14602 41.3796745)
30243313,41.3805001,2.1471678,4,traffic_signals,,,,POINT (2.1471678 41.3805001)
30243319,41.3847718,2.1528074,4,,,,,POINT (2.1528074 41.3847718)
30243321,41.3864942,2.1550473,4,,,,,POINT (2.1550473 41.3864942)
30243322,41.389897,2.1596326,4,traffic_signals,,,,POINT (2.1596326 41.389897)
30243323,41.390741,2.1607366,4,,,,,POINT (2.1607366 41.390741)
30243325,41.3924136,2.1629576,3,,,,,POINT (2.1629576 41.3924136)
30243329,41.39837,2.1708663,4,,,,,POINT (2.1708663 41.39837)
30243330,41.4009626,2.1743133,4,,,,,POINT (2.1743133 41.4009626)
30243331,41.4027515,2.1767184,3,,,,,POINT (2.1767184 41.4027515)
30243332,41.4035919,2.1778129,4,,,,,POINT (2.1778129 41.4035919)
30243333,41.4043969,2.1788813,4,,,,,POINT (2.1788813 41.4043969)
30243334,41.4052125,2.1799902,4,,,,,POINT (2.1799902 41.4052125)
30243335,41.406042,2.1811181,4,,,,,POINT (2.1811181 41.406042)
30243336,41.4068797,2.1822443,4,,,,,POINT (2.1822443 41.4068797)
30243337,41.407759,2.1834267,4,,,,,POINT (2.1834267 41.407759)
30243338,41.4083575,2.1842097,3,,,,,POINT (2.1842097 41.4083575)
30243342,41.4104766,2.1869951,4,,,,,POINT (2.1869951 41.4104766)
30243344,41.4115925,2.1885067,4,,,,,POINT (2.1885067 41.4115925)
30243348,41.4145473,2.1924111,4,,,,,POINT (2.1924111 41.4145473)
30243349,41.4153897,2.193533,6,,,,,POINT (2.193533 41.4153897)
30243350,41.4162683,2.1947131,4,,,,,POINT (2.1947131 41.4162683)
30243352,41.4171094,2.1958427,4,,,,,POINT (2.1958427 41.4171094)
30243353,41.4175158,2.1963886,4,,,,,POINT (2.1963886 41.4175158)
30243355,41.4188101,2.198127,4,,,,,POINT (2.198127 41.4188101)
30243356,41.4196531,2.1992594,4,,,,,POINT (2.1992594 41.4196531)
30243357,41.4204923,2.2003867,5,,,,,POINT (2.2003867 41.4204923)
30243358,41.4213808,2.2015692,3,,,,,POINT (2.2015692 41.4213808)
30243361,41.3839473,2.1494013,4,,,,,POINT (2.1494013 41.3839473)
30243362,41.384781,2.150531,4,,,,,POINT (2.150531 41.384781)
30243363,41.3856416,2.1516897,4,,,,,POINT (2.1516897 41.3856416)
30243365,41.3873501,2.1539361,4,,,,,POINT (2.1539361 41.3873501)
30243366,41.3907689,2.1584737,4,,,,,POINT (2.1584737 41.3907689)
30243367,41.3916003,2.1595883,4,,,,,POINT (2.1595883 41.3916003)
30243368,41.3921677,2.160339,3,,,,,POINT (2.160339 41.3921677)
30243370,41.3933006,2.1618323,3,,,,,POINT (2.1618323 41.3933006)
30243371,41.393954,2.1627019,4,,,,,POINT (2.1627019 41.393954)
30243373,41.3950144,2.1641149,4,,,,,POINT (2.1641149 41.3950144)
30243375,41.3958637,2.1652492,4,,,,,POINT (2.1652492 41.3958637)
30243389,41.4018211,2.173182,4,,,,,POINT (2.173182 41.4018211)
30243391,41.4044379,2.1766819,4,,,,,POINT (2.1766819 41.4044379)
30243392,41.4052476,2.1777786,4,,,,,POINT (2.1777786 41.4052476)
30243394,41.4064796,2.1794282,4,,,,,POINT (2.1794282 41.4064796)
30243395,41.4068924,2.1799816,4,,,,,POINT (2.1799816 41.4068924)
30243396,41.4077373,2.1811089,4,,,,,POINT (2.1811089 41.4077373)
30243397,41.4086238,2.182286,4,,,,,POINT (2.182286 41.4086238)
30243398,41.4092232,2.1830807,4,,,,,POINT (2.1830807 41.4092232)
30243400,41.4107835,2.1851436,3,,,,,POINT (2.1851436 41.4107835)
30243401,41.411196,2.1856906,3,,,,,POINT (2.1856906 41.411196)
30243447,41.4136767,2.1890307,4,,,,,POINT (2.1890307 41.4136767)
30243449,41.4155539,2.1910741,4,,,,,POINT (2.1910741 41.4155539)
30243876,41.376089,2.1530324,4,traffic_signals,,,,POINT (2.1530324 41.376089)
30243877,41.3769439,2.1541719,4,,,,,POINT (2.1541719 41.3769439)
30243878,41.3777867,2.1552875,4,traffic_signals,,,,POINT (2.1552875 41.3777867)
30243879,41.378639,2.1564196,4,traffic_signals,,,,POINT (2.1564196 41.378639)
30243880,41.3794974,2.1575586,4,traffic_signals,,,,POINT (2.1575586 41.3794974)
30243881,41.3803572,2.1586997,4,,,,,POINT (2.1586997 41.3803572)
30243883,41.3820382,2.1609632,4,traffic_signals,,,,POINT (2.1609632 41.3820382)
30243887,41.3760779,2.1553273,5,,,,,POINT (2.1553273 41.3760779)
30243888,41.3769185,2.1564375,4,,,,,POINT (2.1564375 41.3769185)
30243889,41.377767,2.1575542,4,,,,,POINT (2.1575542 41.377767)
30243890,41.3786328,2.1587031,4,,,,,POINT (2.1587031 41.3786328)
30243891,41.3794671,2.1598109,4,,,,,POINT (2.1598109 41.3794671)
30243942,41.3792706,2.1760378,3,,,,,POINT (2.1760378 41.3792706)
30243943,41.3793398,2.1761073,3,,,,,POINT (2.1761073 41.3793398)
30243944,41.3796641,2.17641,4,,,,,POINT (2.17641 41.3796641)
30243946,41.379975,2.1767507,3,,,,,POINT (2.1767507 41.379975)
30243952,41.3804783,2.1777379,3,,,,,POINT (2.1777379 41.3804783)
30243953,41.380614,2.1780254,4,,,,,POINT (2.1780254 41.380614)
30243958,41.3817688,2.1771018,3,,,,,POINT (2.1771018 41.3817688)
30243959,41.381445,2.1775878,4,,,,,POINT (2.1775878 41.381445)
30243961,41.3810754,2.1783123,3,,,,,POINT (2.1783123 41.3810754)
30244000,41.3866886,2.1821683,4,,,,,POINT (2.1821683 41.3866886)
30244001,41.3875681,2.1832468,4,,,,,POINT (2.1832468 41.3875681)
30246668,41.3752399,2.1609345,3,,,,,POINT (2.1609345 41.3752399)
30246669,41.3761076,2.1620697,4,,,,,POINT (2.1620697 41.3761076)
30246671,41.3777713,2.1643135,3,,,,,POINT (2.1643135 41.3777713)
30246674,41.3769209,2.1654438,3,,,,,POINT (2.1654438 41.3769209)
30246702,41.3760716,2.1665916,3,,,,,POINT (2.1665916 41.3760716)
30246711,41.3907976,2.1448138,4,,,,,POINT (2.1448138 41.3907976)
30246712,41.3902116,2.1456243,3,crossing,,,,POINT (2.1456243 41.3902116)
30246752,41.3811443,2.1575924,3,,,,,POINT (2.1575924 41.3811443)
30246768,41.388161,2.1460028,4,,,,,POINT (2.1460028 41.388161)
30246771,41.3813869,2.1550612,4,,,,,POINT (2.1550612 41.3813869)
30246772,41.3803109,2.1564803,4,,,,,POINT (2.1564803 41.3803109)
30246773,41.3778052,2.1597987,4,,,,,POINT (2.1597987 41.3778052)
30246777,41.3873511,2.1449016,4,,,,,POINT (2.1449016 41.3873511)
30246778,41.3856347,2.147173,4,,,,,POINT (2.147173 41.3856347)
30246781,41.3805318,2.1539255,4,,,,,POINT (2.1539255 41.3805318)
30246783,41.377285,2.1582084,4,,,,,POINT (2.1582084 41.377285)
30246820,41.3847852,2.1460497,4,,,,,POINT (2.1460497 41.3847852)
30246824,41.3760558,2.1575566,4,,,,,POINT (2.1575566 41.3760558)
30246859,41.3847748,2.1437993,4,,,,,POINT (2.1437993 41.3847748)
30246860,41.3839383,2.1449206,4,,,,,POINT (2.1449206 41.3839383)
30246862,41.3813733,2.1482827,4,,,,,POINT (2.1482827 41.3813733)
30246864,41.3777491,2.153079,4,,,,,POINT (2.153079 41.3777491)
30246949,41.3747218,2.1557471,3,,,,,POINT (2.1557471 41.3747218)
30246970,41.374294,2.1558793,3,,,,,POINT (2.1558793 41.374294)
30246971,41.3736328,2.155891,3,,,,,POINT (2.155891 41.3736328)
30247005,41.3739838,2.1569372,3,,,,,POINT (2.1569372 41.3739838)
30247006,41.3736419,2.1566686,3,,,,,POINT (2.1566686 41.3736419)
30247007,41.372976,2.1566993,4,,,,,POINT (2.1566993 41.372976)
30247026,41.3736539,2.1580229,4,,,,,POINT (2.1580229 41.3736539)
30247027,41.3730143,2.1577255,4,,,,,POINT (2.1577255 41.3730143)
30247035,41.37214,2.1568604,3,,,,,POINT (2.1568604 41.37214)
30247060,41.3736639,2.1586679,3,,,,,POINT (2.1586679 41.3736639)
30247061,41.3730271,2.1583815,4,,,,,POINT (2.1583815 41.3730271)
30247088,41.3924655,2.1471492,4,,,,,POINT (2.1471492 41.3924655)
30247089,41.3899179,2.1505317,4,,,,,POINT (2.1505317 41.3899179)
30247091,41.3858774,2.1558694,4,,,,,POINT (2.1558694 41.3858774)
30247093,41.3828653,2.15988,4,,,,,POINT (2.15988 41.3828653)
30247097,41.3811724,2.1620734,4,traffic_signals,,,,POINT (2.1620734 41.3811724)
30247166,41.3933242,2.1550982,4,traffic_signals,,,,POINT (2.1550982 41.3933242)
30247167,41.3924762,2.1562328,4,traffic_signals,,,,POINT (2.1562328 41.3924762)
30247382,41.4043903,2.1408094,4,,,,,POINT (2.1408094 41.4043903)
30247386,41.4038767,2.1421541,3,,,,,POINT (2.1421541 41.4038767)
30247390,41.4033825,2.1429276,3,,,,,POINT (2.1429276 41.4033825)
30247395,41.4028518,2.1444181,4,,,,,POINT (2.1444181 41.4028518)
30247401,41.4020932,2.1459571,3,,,,,POINT (2.1459571 41.4020932)
30247405,41.4014364,2.1471427,4,,,,,POINT (2.1471427 41.4014364)
30247406,41.4012603,2.1474593,3,crossing,,,,POINT (2.1474593 41.4012603)
30247409,41.4007678,2.1481789,4,,,,,POINT (2.1481789 41.4007678)
30247411,41.4002259,2.1489897,4,,,,,POINT (2.1489897 41.4002259)
30247413,41.3994476,2.1501539,4,,,,,POINT (2.1501539 41.3994476)
30247416,41.398922,2.1507846,4,,,,,POINT (2.1507846 41.398922)
30247426,41.3969047,2.1526926,4,,,,,POINT (2.1526926 41.3969047)
30247429,41.3960026,2.1538371,3,,,,,POINT (2.1538371 41.3960026)
30247431,41.3952254,2.1548421,4,,,,,POINT (2.1548421 41.3952254)
30247432,41.3941769,2.1562201,4,,,,,POINT (2.1562201 41.3941769)
30247433,41.3933081,2.1573601,4,,,,,POINT (2.1573601 41.3933081)
30247434,41.3899148,2.1618703,4,,,,,POINT (2.1618703 41.3899148)
30248252,41.3726665,2.1646705,4,,,,,POINT (2.1646705 41.3726665)
30248264,41.3724644,2.1653053,4,,,,,POINT (2.1653053 41.3724644)
30248270,41.3722582,2.1659763,3,,,,,POINT (2.1659763 41.3722582)
30248272,41.3708339,2.1650724,1,,,,,POINT (2.1650724 41.3708339)
30248273,41.374507,2.1677043,1,crossing,,,,POINT (2.1677043 41.374507)
30248274,41.3737686,2.1673136,3,,,,,POINT (2.1673136 41.3737686)
30248275,41.3732073,2.1670474,3,,,,,POINT (2.1670474 41.3732073)
30248280,41.3739439,2.1606337,4,,,,,POINT (2.1606337 41.3739439)
30248281,41.3738754,2.161021,4,,,,,POINT (2.161021 41.3738754)
30248295,41.3725444,2.1675066,3,,,,,POINT (2.1675066 41.3725444)
30248296,41.3721734,2.1685162,3,,,,,POINT (2.1685162 41.3721734)
30248297,41.3718266,2.169366,3,,,,,POINT (2.169366 41.3718266)
30248299,41.3739957,2.1694407,1,,,,,POINT (2.1694407 41.3739957)
30248300,41.3732582,2.1690596,4,,,,,POINT (2.1690596 41.3732582)
30248310,41.3734401,2.1684321,4,,,,,POINT (2.1684321 41.3734401)
30248312,41.3729658,2.1699702,4,,,,,POINT (2.1699702 41.3729658)
30248313,41.3727594,2.17078,4,,,,,POINT (2.17078 41.3727594)
30248318,41.3729232,2.1678842,3,,,,,POINT (2.1678842 41.3729232)
30248342,41.3757701,2.1708116,3,,,,,POINT (2.1708116 41.3757701)
30248343,41.3762095,2.1712699,4,,,,,POINT (2.1712699 41.3762095)
30248345,41.3769481,2.1720452,3,,,,,POINT (2.1720452 41.3769481)
30248535,41.3788344,2.1471627,3,,,,,POINT (2.1471627 41.3788344)
30248549,41.3864832,2.1482822,4,traffic_signals,,,,POINT (2.1482822 41.3864832)
30248550,41.3916056,2.1459678,3,,,,,POINT (2.1459678 41.3916056)
30248580,41.3932721,2.1453294,3,,,,,POINT (2.1453294 41.3932721)
30248582,41.3936441,2.1457242,3,,,,,POINT (2.1457242 41.3936441)
30248583,41.3939846,2.1461819,3,,,,,POINT (2.1461819 41.3939846)
30248584,41.3945726,2.1471403,3,traffic_signals,,,,POINT (2.1471403 41.3945726)
30248585,41.3947852,2.1474865,3,,,,,POINT (2.1474865 41.3947852)
30248586,41.3959438,2.1493362,4,,,,,POINT (2.1493362 41.3959438)
30248590,41.3975866,2.1519058,4,,,,,POINT (2.1519058 41.3975866)
30248591,41.3981752,2.1528063,3,,,,,POINT (2.1528063 41.3981752)
30248592,41.3984728,2.1532431,5,,,,,POINT (2.1532431 41.3984728)
30248593,41.3986995,2.1536097,3,,,,,POINT (2.1536097 41.3986995)
30248594,41.398785,2.1537466,3,,,,,POINT (2.1537466 41.398785)
30248595,41.3990059,2.1540753,4,crossing,,,,POINT (2.1540753 41.3990059)
30251173,41.3762695,2.1237359,3,,,,,POINT (2.1237359 41.3762695)
30251175,41.3768813,2.1247162,4,,,,,POINT (2.1247162 41.3768813)
30251176,41.3772076,2.1252504,4,,,,,POINT (2.1252504 41.3772076)
30251177,41.3775004,2.1257574,3,,,,,POINT (2.1257574 41.3775004)
30251178,41.3777728,2.1262291,3,,,,,POINT (2.1262291 41.3777728)
30251179,41.3781905,2.1269557,3,,,,,POINT (2.1269557 41.3781905)
30251181,41.3788161,2.1280673,3,,,,,POINT (2.1280673 41.3788161)
30251184,41.3798397,2.1299338,3,,,,,POINT (2.1299338 41.3798397)
30251188,41.3806635,2.1317526,3,,,,,POINT (2.1317526 41.3806635)
30251189,41.3808474,2.132378,4,,,,,POINT (2.132378 41.3808474)
30251190,41.3811652,2.1335455,4,,,,,POINT (2.1335455 41.3811652)
30251191,41.3813587,2.1342867,3,,,,,POINT (2.1342867 41.3813587)
30251200,41.3832245,2.1390586,4,,,,,POINT (2.1390586 41.3832245)
30251207,41.3856394,2.1426431,5,,,,,POINT (2.1426431 41.3856394)
30251592,41.3346439,2.1099482,3,,,,,POINT (2.1099482 41.3346439)
30251593,41.3327653,2.1095662,3,,,,,POINT (2.1095662 41.3327653)
30251622,41.3347887,2.1086034,3,,,,,POINT (2.1086034 41.3347887)
30251623,41.3329225,2.1081995,3,,,,,POINT (2.1081995 41.3329225)
30251635,41.3326463,2.1106336,3,,,,,POINT (2.1106336 41.3326463)
30251717,41.3273024,2.1126002,4,,,,,POINT (2.1126002 41.3273024)
30251870,41.3454322,2.1421096,3,,,,,POINT (2.1421096 41.3454322)
30251873,41.3429455,2.140562,4,,,,,POINT (2.140562 41.3429455)
30251877,41.345992,2.144407,3,,,,,POINT (2.144407 41.345992)
30252066,41.3740681,2.1728463,3,,,,,POINT (2.1728463 41.3740681)
30252067,41.3731586,2.1723496,3,,,,,POINT (2.1723496 41.3731586)
30252069,41.3738316,2.1736469,4,,,,,POINT (2.1736469 41.3738316)
30252070,41.3729199,2.1731613,4,,,,,POINT (2.1731613 41.3729199)
30252077,41.3735057,2.171155,1,,,,,POINT (2.171155 41.3735057)
30252078,41.3723441,2.1748425,3,,,,,POINT (2.1748425 41.3723441)
30252163,41.3809717,2.1803575,3,,,,,POINT (2.1803575 41.3809717)
30252167,41.380057,2.179674,3,,,,,POINT (2.179674 41.380057)
30252169,41.3797412,2.179483,3,,,,,POINT (2.179483 41.3797412)
30252170,41.3794328,2.1793058,3,,,,,POINT (2.1793058 41.3794328)
30252171,41.3790953,2.1790621,3,,,,,POINT (2.1790621 41.3790953)
30252172,41.3786205,2.178735,3,,,,,POINT (2.178735 41.3786205)
30252173,41.3782463,2.1785064,3,,,,,POINT (2.1785064 41.3782463)
30252176,41.3775085,2.1780695,3,,,,,POINT (2.1780695 41.3775085)
30252209,41.3822399,2.1736612,1,,,,,POINT (2.1736612 41.3822399)
30253202,41.4007494,2.1881955,4,,,,,POINT (2.1881955 41.4007494)
30253203,41.3999164,2.1893218,4,,,,,POINT (2.1893218 41.3999164)
30253204,41.3990576,2.1904602,4,,,,,POINT (2.1904602 41.3990576)
30253205,41.3982278,2.1915738,4,,,,,POINT (2.1915738 41.3982278)
30253206,41.397373,2.1927097,4,,,,,POINT (2.1927097 41.397373)
30253208,41.3956882,2.194964,4,,,,,POINT (2.194964 41.3956882)
30253210,41.3939657,2.1972794,4,,,,,POINT (2.1972794 41.3939657)
30253211,41.3928643,2.1987755,4,,,,,POINT (2.1987755 41.3928643)
30253212,41.3927436,2.1989327,4,,,,,POINT (2.1989327 41.3927436)
30253278,41.3901579,2.200159,3,,,,,POINT (2.200159 41.3901579)
30253296,41.3921771,2.2038808,3,,,,,POINT (2.2038808 41.3921771)
30253297,41.3923769,2.2041016,3,,,,,POINT (2.2041016 41.3923769)
30253310,41.3946919,2.2058689,3,,,,,POINT (2.2058689 41.3946919)
30253314,41.3952495,2.2065618,4,,,,,POINT (2.2065618 41.3952495)
30253315,41.3953397,2.206707,4,,,,,POINT (2.206707 41.3953397)
30253333,41.3986121,2.2093499,3,,,,,POINT (2.2093499 41.3986121)
30253348,41.4011676,2.2123941,3,,,,,POINT (2.2123941 41.4011676)
30253367,41.4037082,2.2158969,3,,,,,POINT (2.2158969 41.4037082)
30253375,41.3914514,2.184583,4,,,,,POINT (2.184583 41.3914514)
30253376,41.392284,2.1857327,4,,,,,POINT (2.1857327 41.392284)
30253377,41.3940108,2.1880305,4,,,,,POINT (2.1880305 41.3940108)
30253380,41.3965463,2.1915546,4,,,,,POINT (2.1915546 41.3965463)
30253381,41.3981594,2.1937972,4,,,,,POINT (2.1937972 41.3981594)
30253388,41.4041542,2.2017777,4,,,,,POINT (2.2017777 41.4041542)
30253389,41.4049864,2.202844,4,,,,,POINT (2.202844 41.4049864)
30253390,41.4058246,2.2039274,4,,,,,POINT (2.2039274 41.4058246)
30253391,41.4066888,2.2051108,4,,,,,POINT (2.2051108 41.4066888)
30253392,41.4075407,2.2062574,4,,,,,POINT (2.2062574 41.4075407)
30253394,41.414221,2.2064481,3,,,,,POINT (2.2064481 41.414221)
30253395,41.413507,2.2073902,4,,,,,POINT (2.2073902 41.413507)
30253397,41.4117996,2.2096577,4,,,,,POINT (2.2096577 41.4117996)
30253398,41.4109392,2.2107802,4,,,,,POINT (2.2107802 41.4109392)
30253399,41.4131513,2.2056009,3,,,,,POINT (2.2056009 41.4131513)
30253400,41.4118008,2.2073648,4,,,,,POINT (2.2073648 41.4118008)
30253401,41.410947,2.208521,4,,,,,POINT (2.208521 41.410947)
30253402,41.4100927,2.2096429,3,,,,,POINT (2.2096429 41.4100927)
30253432,41.4166227,2.1851159,3,,,,,POINT (2.1851159 41.4166227)
30253435,41.4154312,2.1844203,4,,,,,POINT (2.1844203 41.4154312)
30253436,41.4148407,2.1840419,3,,,,,POINT (2.1840419 41.4148407)
30253438,41.413902,2.1834472,4,,,,,POINT (2.1834472 41.413902)
30253439,41.4128895,2.1828509,3,,,,,POINT (2.1828509 41.4128895)
30253440,41.4168757,2.1847804,3,,,,,POINT (2.1847804 41.4168757)
30253444,41.4157053,2.1840587,4,,,,,POINT (2.1840587 41.4157053)
30253446,41.4150043,2.1836082,4,,,,,POINT (2.1836082 41.4150043)
30253448,41.4140949,2.1830654,4,,,,,POINT (2.1830654 41.4140949)
30253449,41.41306,2.1824307,4,,,,,POINT (2.1824307 41.41306)
30253450,41.4124416,2.1820529,3,,,,,POINT (2.1820529 41.4124416)
30253451,41.4119789,2.1817806,3,,,,,POINT (2.1817806 41.4119789)
30253456,41.4114606,2.1826031,4,,,,,POINT (2.1826031 41.4114606)
30253457,41.4109494,2.1834228,3,,,,,POINT (2.1834228 41.4109494)
30253494,41.3967169,2.1618462,4,,,,,POINT (2.1618462 41.3967169)
30253568,41.4035224,2.170901,4,,,,,POINT (2.170901 41.4035224)
30253569,41.4053459,2.1733352,4,,,,,POINT (2.1733352 41.4053459)
30253571,41.406986,2.1755097,4,,,,,POINT (2.1755097 41.406986)
30253572,41.407794,2.1766174,4,,,,,POINT (2.1766174 41.407794)
30253573,41.4086016,2.1777194,4,,,,,POINT (2.1777194 41.4086016)
30253574,41.4094433,2.1788566,4,,,,,POINT (2.1788566 41.4094433)
30253579,41.4118538,2.1796708,3,,,,,POINT (2.1796708 41.4118538)
30253584,41.4108801,2.1809158,4,,,,,POINT (2.1809158 41.4108801)
30253589,41.4100066,2.1820559,4,,,,,POINT (2.1820559 41.4100066)
30253725,41.412912,2.1766181,3,,,,,POINT (2.1766181 41.412912)
30253727,41.4120801,2.1777352,4,,,,,POINT (2.1777352 41.4120801)
30253728,41.4112222,2.1788818,4,,,,,POINT (2.1788818 41.4112222)
30253730,41.410293,2.1800942,4,,,,,POINT (2.1800942 41.410293)
30253733,41.4069142,2.1845323,4,,,,,POINT (2.1845323 41.4069142)
30253734,41.4060507,2.1856735,4,,,,,POINT (2.1856735 41.4060507)
30253862,41.4026732,2.1811674,4,,,,,POINT (2.1811674 41.4026732)
30253863,41.4034888,2.1822598,4,,,,,POINT (2.1822598 41.4034888)
30253864,41.4043204,2.1833746,3,,,,,POINT (2.1833746 41.4043204)
30253865,41.4051819,2.1845192,3,,,,,POINT (2.1845192 41.4051819)
30253934,41.4070167,2.1878342,3,,,,,POINT (2.1878342 41.4070167)
30253977,41.4120331,2.1754414,3,,,,,POINT (2.1754414 41.4120331)
30253978,41.4111712,2.1765987,4,,,,,POINT (2.1765987 41.4111712)
30253982,41.4060356,2.183377,4,,,,,POINT (2.183377 41.4060356)
30253983,41.413763,2.1709467,4,,,,,POINT (2.1709467 41.413763)
30253989,41.4111982,2.1743376,4,,,,,POINT (2.1743376 41.4111982)
30253991,41.4094704,2.1765659,4,,,,,POINT (2.1765659 41.4094704)
30253992,41.4077603,2.178839,4,,,,,POINT (2.178839 41.4077603)
30254010,41.414314,2.1681757,4,,,,,POINT (2.1681757 41.414314)
30254011,41.4138899,2.1685326,3,,,,,POINT (2.1685326 41.4138899)
30254013,41.4131374,2.1695898,3,,,,,POINT (2.1695898 41.4131374)
30254014,41.4126959,2.1701707,4,,,,,POINT (2.1701707 41.4126959)
30254022,41.4118019,2.1713469,4,,,,,POINT (2.1713469 41.4118019)
30254023,41.4113616,2.1719263,4,,,,,POINT (2.1719263 41.4113616)
30254026,41.4095033,2.1743696,4,,,,,POINT (2.1743696 41.4095033)
30254029,41.4060634,2.1788725,4,,,,,POINT (2.1788725 41.4060634)
30254048,41.4119054,2.1690559,4,,,,,POINT (2.1690559 41.4119054)
30254049,41.4114485,2.1696507,4,,,,,POINT (2.1696507 41.4114485)
30254050,41.4109786,2.1702421,4,,,,,POINT (2.1702421 41.4109786)
30254051,41.4105254,2.1708318,4,,,,,POINT (2.1708318 41.4105254)
30254052,41.4099716,2.1715523,4,,,,,POINT (2.1715523 41.4099716)
30254053,41.409531,2.1721309,4,,,,,POINT (2.1721309 41.409531)
30254054,41.4086637,2.1732758,4,,,,,POINT (2.1732758 41.4086637)
30254056,41.4061102,2.1766522,4,,,,,POINT (2.1766522 41.4061102)
30254057,41.403536,2.179997,4,,,,,POINT (2.179997 41.403536)
30254078,41.4114636,2.1673993,3,,,,,POINT (2.1673993 41.4114636)
30254079,41.411201,2.1677521,3,,,,,POINT (2.1677521 41.411201)
30254080,41.4106582,2.1685289,4,,,,,POINT (2.1685289 41.4106582)
30254081,41.410289,2.1690322,3,,,,,POINT (2.1690322 41.410289)
30254082,41.4092064,2.1703832,4,,,,,POINT (2.1703832 41.4092064)
30254083,41.4087147,2.1710223,4,,,,,POINT (2.1710223 41.4087147)
30254084,41.4078267,2.1721676,4,,,,,POINT (2.1721676 41.4078267)
30254085,41.4070307,2.1732577,4,,,,,POINT (2.1732577 41.4070307)
30254087,41.4027258,2.1789338,4,,,,,POINT (2.1789338 41.4027258)
30254089,41.4009902,2.1811988,4,,,,,POINT (2.1811988 41.4009902)
30254192,41.4052127,2.1686543,4,,,,,POINT (2.1686543 41.4052127)
30254193,41.4043541,2.1697872,4,,,,,POINT (2.1697872 41.4043541)
30254194,41.4026555,2.172042,4,,,,,POINT (2.172042 41.4026555)
30254197,41.4001072,2.175429,4,,,,,POINT (2.175429 41.4001072)
30254198,41.3992597,2.1765752,4,,,,,POINT (2.1765752 41.3992597)
30254220,41.3976222,2.1607972,4,,,,,POINT (2.1607972 41.3976222)
30254222,41.3968819,2.1616176,3,,,,,POINT (2.1616176 41.3968819)
30254224,41.3932959,2.1663556,4,,,,,POINT (2.1663556 41.3932959)
30254225,41.390627,2.1698688,4,,,,,POINT (2.1698688 41.390627)
30254227,41.3941391,2.1652454,4,,,,,POINT (2.1652454 41.3941391)
30254228,41.3884717,2.1727801,4,,,,,POINT (2.1727801 41.3884717)
30254230,41.3823059,2.1809058,4,,,,,POINT (2.1809058 41.3823059)
30254231,41.3830167,2.1799748,3,,,,,POINT (2.1799748 41.3830167)
30254242,41.381101,2.1800189,4,,,,,POINT (2.1800189 41.381101)
30254244,41.3806515,2.179621,3,,,,,POINT (2.179621 41.3806515)
30254245,41.3802477,2.1792384,3,,,,,POINT (2.1792384 41.3802477)
30254246,41.3823156,2.1786726,2,,,,,POINT (2.1786726 41.3823156)
30254247,41.3819703,2.1782481,4,,,,,POINT (2.1782481 41.3819703)
30254248,41.381644,2.1780945,3,,,,,POINT (2.1780945 41.381644)
30254251,41.3813814,2.1784999,3,,,,,POINT (2.1784999 41.3813814)
30254253,41.3798181,2.1778752,3,,,,,POINT (2.1778752 41.3798181)
30254255,41.3794896,2.1774964,3,,,,,POINT (2.1774964 41.3794896)
30254257,41.3791552,2.1770936,3,,,,,POINT (2.1770936 41.3791552)
30254285,41.3787681,2.176801,4,,,,,POINT (2.176801 41.3787681)
30254286,41.3780874,2.1775754,3,,,,,POINT (2.1775754 41.3780874)
30254288,41.3801523,2.1778818,3,,,,,POINT (2.1778818 41.3801523)
30254326,41.3983927,2.1618256,3,,,,,POINT (2.1618256 41.3983927)
30254348,41.3973139,2.1633255,4,,,,,POINT (2.1633255 41.3973139)
30254350,41.391447,2.1710855,4,,,,,POINT (2.1710855 41.391447)
30254369,41.3988296,2.1587547,4,,,,,POINT (2.1587547 41.3988296)
30254370,41.399093,2.1591747,3,,,,,POINT (2.1591747 41.399093)
30254379,41.4011052,2.1598326,4,,,,,POINT (2.1598326 41.4011052)
30254380,41.4007597,2.1593919,3,,,,,POINT (2.1593919 41.4007597)
30254381,41.4005777,2.1591419,3,,,,,POINT (2.1591419 41.4005777)
30254390,41.4001273,2.1580172,3,,,,,POINT (2.1580172 41.4001273)
30254393,41.3984135,2.1599252,4,,,,,POINT (2.1599252 41.3984135)
30254436,41.4031265,2.1553811,3,,,,,POINT (2.1553811 41.4031265)
30254437,41.4033995,2.1557877,3,,,,,POINT (2.1557877 41.4033995)
30254466,41.4045144,2.1530104,3,,,,,POINT (2.1530104 41.4045144)
30254467,41.4037039,2.1539131,3,,,,,POINT (2.1539131 41.4037039)
30254468,41.4033443,2.1543,3,,,,,POINT (2.1543 41.4033443)
30254509,41.407465,2.1564115,4,,,,,POINT (2.1564115 41.407465)
30254511,41.4067348,2.1570965,4,,,,,POINT (2.1570965 41.4067348)
30254512,41.4061634,2.1576193,3,,,,,POINT (2.1576193 41.4061634)
30254514,41.4085564,2.1563348,4,,,,,POINT (2.1563348 41.4085564)
30254515,41.4078078,2.1570731,4,,,,,POINT (2.1570731 41.4078078)
30254517,41.4071505,2.1577347,4,,,,,POINT (2.1577347 41.4071505)
30254518,41.4065679,2.1583255,3,,,,,POINT (2.1583255 41.4065679)
30254563,41.4108055,2.1484662,3,,,,,POINT (2.1484662 41.4108055)
30254568,41.4144895,2.1467176,4,,,,,POINT (2.1467176 41.4144895)
30254569,41.4140721,2.1471532,3,,,,,POINT (2.1471532 41.4140721)
30254573,41.4173239,2.1424896,1,turning_circle,,,,POINT (2.1424896 41.4173239)
30254584,41.4147476,2.1449715,3,,,,,POINT (2.1449715 41.4147476)
30254592,41.4237371,2.1493685,3,,,,,POINT (2.1493685 41.4237371)
30254593,41.4235651,2.1499989,4,,,,,POINT (2.1499989 41.4235651)
30254594,41.4233653,2.150691,3,,,,,POINT (2.150691 41.4233653)
30254596,41.4230797,2.1516938,4,,,,,POINT (2.1516938 41.4230797)
30254599,41.4242626,2.154338,3,,,,,POINT (2.154338 41.4242626)
30254600,41.4235919,2.1547989,3,,,,,POINT (2.1547989 41.4235919)
30254601,41.4271488,2.1558394,3,,,,,POINT (2.1558394 41.4271488)
30254603,41.426106,2.1565731,3,,,,,POINT (2.1565731 41.426106)
30254604,41.4256452,2.1568739,3,,,,,POINT (2.1568739 41.4256452)
30254605,41.4249623,2.15733,3,,,,,POINT (2.15733 41.4249623)
30254606,41.4254018,2.1562463,3,,,,,POINT (2.1562463 41.4254018)
30254608,41.4322537,2.1562513,3,,,,,POINT (2.1562513 41.4322537)
30254610,41.4318508,2.1580418,4,,,,,POINT (2.1580418 41.4318508)
30254613,41.4315228,2.1579037,4,,,,,POINT (2.1579037 41.4315228)
30254614,41.4312545,2.1590922,3,,,,,POINT (2.1590922 41.4312545)
30254627,41.4365623,2.1632541,3,,,,,POINT (2.1632541 41.4365623)
30254629,41.4358997,2.1627978,4,,,,,POINT (2.1627978 41.4358997)
30254630,41.4352508,2.1623436,4,,,,,POINT (2.1623436 41.4352508)
30254631,41.434614,2.1619109,4,,,,,POINT (2.1619109 41.434614)
30254632,41.4339627,2.1614672,3,,,,,POINT (2.1614672 41.4339627)
30254633,41.4332086,2.1609677,3,,,,,POINT (2.1609677 41.4332086)
30254635,41.4318181,2.1600229,3,,,,,POINT (2.1600229 41.4318181)
30254638,41.4315612,2.1605224,3,,,,,POINT (2.1605224 41.4315612)
30254644,41.4339596,2.1597195,3,,,,,POINT (2.1597195 41.4339596)
30254671,41.4255004,2.1781659,4,,,,,POINT (2.1781659 41.4255004)
30254672,41.4255305,2.1791055,3,,,,,POINT (2.1791055 41.4255305)
30254783,41.4194662,2.2106756,3,,,,,POINT (2.2106756 41.4194662)
30254784,41.4185695,2.2118199,3,,,,,POINT (2.2118199 41.4185695)
30254785,41.4177241,2.2129751,3,,,,,POINT (2.2129751 41.4177241)
30254803,41.4191864,2.2148873,4,,,,,POINT (2.2148873 41.4191864)
30264187,41.3715947,2.1469,3,,,,,POINT (2.1469 41.3715947)
30264201,41.3709177,2.1481482,4,,,,,POINT (2.1481482 41.3709177)
30264232,41.3721244,2.1477019,3,,,,,POINT (2.1477019 41.3721244)
30264234,41.3715103,2.1485196,3,,,,,POINT (2.1485196 41.3715103)
30264242,41.3721176,2.1493255,3,,,,,POINT (2.1493255 41.3721176)
30264245,41.3697586,2.1438096,5,,,,,POINT (2.1438096 41.3697586)
30264251,41.3690918,2.1429221,4,,,,,POINT (2.1429221 41.3690918)
30264252,41.3685523,2.1434069,3,,,,,POINT (2.1434069 41.3685523)
30264258,41.3683389,2.1419475,3,,,,,POINT (2.1419475 41.3683389)
30264259,41.3679541,2.1427416,3,,,,,POINT (2.1427416 41.3679541)
30264260,41.3702012,2.1383213,3,,,,,POINT (2.1383213 41.3702012)
30264262,41.3691649,2.1394915,3,,,,,POINT (2.1394915 41.3691649)
30264304,41.3743865,2.1376874,3,,,,,POINT (2.1376874 41.3743865)
30264306,41.3726242,2.1386801,3,,,,,POINT (2.1386801 41.3726242)
30264311,41.3738528,2.1372545,3,,,,,POINT (2.1372545 41.3738528)
30264315,41.3719902,2.1380619,4,,,,,POINT (2.1380619 41.3719902)
30264316,41.3714662,2.1383256,4,,,,,POINT (2.1383256 41.3714662)
30264319,41.3717376,2.1391777,3,,,,,POINT (2.1391777 41.3717376)
30264320,41.3709551,2.1396196,3,,,,,POINT (2.1396196 41.3709551)
30264415,41.3768082,2.1390491,3,,,,,POINT (2.1390491 41.3768082)
30264417,41.3753363,2.1390104,4,,,,,POINT (2.1390104 41.3753363)
30264418,41.3747123,2.1391426,4,,,,,POINT (2.1391426 41.3747123)
30264419,41.3739937,2.1392845,4,,,,,POINT (2.1392845 41.3739937)
30264420,41.3729956,2.1398201,4,,,,,POINT (2.1398201 41.3729956)
30264549,41.3767483,2.1266965,4,,,,,POINT (2.1266965 41.3767483)
30264553,41.3742454,2.1282362,3,,,,,POINT (2.1282362 41.3742454)
30264555,41.3736214,2.1287431,4,crossing,,,,POINT (2.1287431 41.3736214)
30264556,41.3725946,2.1295678,4,,,,,POINT (2.1295678 41.3725946)
30264557,41.3720888,2.1300076,4,,,,,POINT (2.1300076 41.3720888)
30264558,41.3715499,2.1304453,4,,,,,POINT (2.1304453 41.3715499)
30264559,41.370851,2.1310853,3,,,,,POINT (2.1310853 41.370851)
30264590,41.3731555,2.1277246,4,crossing,,,,POINT (2.1277246 41.3731555)
30264592,41.374351,2.1302823,3,,,,,POINT (2.1302823 41.374351)
30264593,41.374522,2.1306993,4,,,,,POINT (2.1306993 41.374522)
30264597,41.3748263,2.1324882,4,,,,,POINT (2.1324882 41.3748263)
30264599,41.3750031,2.1337114,3,,,,,POINT (2.1337114 41.3750031)
30264647,41.373193,2.124937,4,,,,,POINT (2.124937 41.373193)
30264649,41.3737307,2.1260432,4,,,,,POINT (2.1260432 41.3737307)
30264650,41.3741355,2.1269352,3,,,,,POINT (2.1269352 41.3741355)
30294176,41.382655,2.1306354,3,,,,,POINT (2.1306354 41.382655)
30294177,41.3828855,2.1314717,4,,,,,POINT (2.1314717 41.3828855)
30294178,41.3832048,2.1325653,4,,,,,POINT (2.1325653 41.3832048)
30294180,41.3840048,2.1349786,4,,,,,POINT (2.1349786 41.3840048)
30294181,41.3844627,2.1362096,3,,,,,POINT (2.1362096 41.3844627)
30294183,41.383893,2.1366363,3,,,,,POINT (2.1366363 41.383893)
30294184,41.382557,2.1375783,4,,,,,POINT (2.1375783 41.382557)
30294185,41.381727,2.1381298,4,,,,,POINT (2.1381298 41.381727)
30294190,41.3792021,2.1331291,3,,,,,POINT (2.1331291 41.3792021)
30294191,41.3798858,2.134984,4,crossing,,,,POINT (2.134984 41.3798858)
30294192,41.3801002,2.1355624,4,crossing,,,,POINT (2.1355624 41.3801002)
30294194,41.3806988,2.1371937,3,,,,,POINT (2.1371937 41.3806988)
30294195,41.3817827,2.1400443,3,,,,,POINT (2.1400443 41.3817827)
30294197,41.3753502,2.1382422,3,,,,,POINT (2.1382422 41.3753502)
30294200,41.3760344,2.1376971,4,,,,,POINT (2.1376971 41.3760344)
30294313,41.3764551,2.1397896,3,,,,,POINT (2.1397896 41.3764551)
30294314,41.3753228,2.1397393,3,,,,,POINT (2.1397393 41.3753228)
30294315,41.3764913,2.1404797,3,,,,,POINT (2.1404797 41.3764913)
30294316,41.3753099,2.1404475,3,,,,,POINT (2.1404475 41.3753099)
30294318,41.3768353,2.1377063,3,,,,,POINT (2.1377063 41.3768353)
30294321,41.3804349,2.1347218,4,,,,,POINT (2.1347218 41.3804349)
30294322,41.378607,2.1355899,3,,,,,POINT (2.1355899 41.378607)
30294324,41.3776508,2.1360659,4,,,,,POINT (2.1360659 41.3776508)
30294325,41.3764567,2.1365762,4,,,,,POINT (2.1365762 41.3764567)
30294326,41.3753724,2.1370253,3,,,,,POINT (2.1370253 41.3753724)
30294328,41.3768708,2.1312988,3,,,,,POINT (2.1312988 41.3768708)
30294329,41.377038,2.1319579,4,,,,,POINT (2.1319579 41.377038)
30294331,41.3773631,2.1333813,4,,,,,POINT (2.1333813 41.3773631)
30294332,41.3774646,2.1338864,4,,,,,POINT (2.1338864 41.3774646)
30294333,41.3775646,2.1343294,4,,,,,POINT (2.1343294 41.3775646)
30294334,41.377752,2.1351501,3,,,,,POINT (2.1351501 41.377752)
30294335,41.377642,2.1299337,3,,,,,POINT (2.1299337 41.377642)
30294337,41.3780423,2.1315439,4,,,,,POINT (2.1315439 41.3780423)
30294338,41.3783928,2.1329769,3,,,,,POINT (2.1329769 41.3783928)
30294339,41.3785068,2.1334533,4,,,,,POINT (2.1334533 41.3785068)
30294340,41.3786234,2.1339252,3,,,,,POINT (2.1339252 41.3786234)
30294341,41.3788044,2.1346581,3,,,,,POINT (2.1346581 41.3788044)
30294432,41.3790868,2.1311317,4,,,,,POINT (2.1311317 41.3790868)
30294433,41.3785171,2.1313509,4,,,,,POINT (2.1313509 41.3785171)
30294436,41.3760202,2.1323753,4,,,,,POINT (2.1323753 41.3760202)
30294437,41.3754635,2.1326391,3,,,,,POINT (2.1326391 41.3754635)
30294439,41.3742914,2.133121,3,,,,,POINT (2.133121 41.3742914)
30294440,41.3739911,2.1332559,3,,,,,POINT (2.1332559 41.3739911)
30294443,41.3754437,2.1335929,3,,,,,POINT (2.1335929 41.3754437)
30294444,41.3744044,2.1339014,3,,,,,POINT (2.1339014 41.3744044)
30294446,41.3739805,2.1311367,3,,,,,POINT (2.1311367 41.3739805)
30294447,41.3740969,2.1318795,4,,,,,POINT (2.1318795 41.3740969)
30294448,41.3742393,2.1327883,3,,,,,POINT (2.1327883 41.3742393)
30294451,41.3755211,2.1297112,3,,,,,POINT (2.1297112 41.3755211)
30294457,41.3733683,2.1263153,4,,,,,POINT (2.1263153 41.3733683)
30294458,41.3737764,2.1272143,4,,,,,POINT (2.1272143 41.3737764)
30294466,41.3765443,2.1217167,3,,,,,POINT (2.1217167 41.3765443)
30294467,41.3771676,2.1229851,4,,,,,POINT (2.1229851 41.3771676)
30294469,41.3777542,2.1241486,3,,,,,POINT (2.1241486 41.3777542)
30294473,41.3816084,2.1270385,3,,,,,POINT (2.1270385 41.3816084)
30294474,41.3874234,2.1312526,3,,,,,POINT (2.1312526 41.3874234)
30294476,41.3864707,2.1321634,1,,,,,POINT (2.1321634 41.3864707)
30294477,41.3861885,2.1324454,3,,,,,POINT (2.1324454 41.3861885)
30294478,41.3856231,2.1330134,4,,,,,POINT (2.1330134 41.3856231)
30294483,41.3873015,2.1306007,4,,,,,POINT (2.1306007 41.3873015)
30294484,41.3862551,2.1310958,4,,,,,POINT (2.1310958 41.3862551)
30294485,41.3859553,2.131239,3,,,,,POINT (2.131239 41.3859553)
30294486,41.3856033,2.1314132,4,,,,,POINT (2.1314132 41.3856033)
30294487,41.384783,2.131786,4,,,,,POINT (2.131786 41.384783)
30294489,41.3839963,2.1321843,4,,,,,POINT (2.1321843 41.3839963)
30294492,41.3801721,2.1339988,4,,,,,POINT (2.1339988 41.3801721)
30294498,41.3753906,2.136151,4,,,,,POINT (2.136151 41.3753906)
30294499,41.3796218,2.1342738,4,,,,,POINT (2.1342738 41.3796218)
30294501,41.3836493,2.1300202,3,,,,,POINT (2.1300202 41.3836493)
30294503,41.3819796,2.1310355,4,,,,,POINT (2.1310355 41.3819796)
30294508,41.3842484,2.1291931,3,,,,,POINT (2.1291931 41.3842484)
30294509,41.3834829,2.1297375,3,,,,,POINT (2.1297375 41.3834829)
30294510,41.3962486,2.1208259,3,,,,,POINT (2.1208259 41.3962486)
30294511,41.3964848,2.1212696,3,,,,,POINT (2.1212696 41.3964848)
30294512,41.3965802,2.1214501,3,,,,,POINT (2.1214501 41.3965802)
30294514,41.3969864,2.1222185,4,,,,,POINT (2.1222185 41.3969864)
30294515,41.3975123,2.1232241,4,,,,,POINT (2.1232241 41.3975123)
30294516,41.3978279,2.1237959,4,,,,,POINT (2.1237959 41.3978279)
30294517,41.398226,2.1245363,4,,,,,POINT (2.1245363 41.398226)
30294518,41.3978726,2.1205262,3,,,,,POINT (2.1205262 41.3978726)
30294519,41.398141,2.1210552,4,,,,,POINT (2.1210552 41.398141)
30294520,41.3983952,2.1215562,3,,,,,POINT (2.1215562 41.3983952)
30294521,41.398513,2.1198598,3,,,,,POINT (2.1198598 41.398513)
30294522,41.3988447,2.1204743,3,,,,,POINT (2.1204743 41.3988447)
30294523,41.3990503,2.120887,3,,,,,POINT (2.120887 41.3990503)
30294524,41.3997998,2.119692,3,,,,,POINT (2.119692 41.3997998)
30294526,41.3993699,2.119983,3,,,,,POINT (2.119983 41.3993699)
30294527,41.3982426,2.1223552,3,,,,,POINT (2.1223552 41.3982426)
30294528,41.3986121,2.1232138,3,,,,,POINT (2.1232138 41.3986121)
30294529,41.3989121,2.123897,3,,,,,POINT (2.123897 41.3989121)
30294530,41.3995732,2.1203633,3,,,,,POINT (2.1203633 41.3995732)
30294531,41.3977124,2.1222421,3,,,,,POINT (2.1222421 41.3977124)
30294532,41.4015499,2.1199812,3,,,,,POINT (2.1199812 41.4015499)
30294548,41.4037883,2.1142563,3,turning_circle,,,,POINT (2.1142563 41.4037883)
30294550,41.4037648,2.1155693,3,,,,,POINT (2.1155693 41.4037648)
30294552,41.403603,2.1167106,4,,,,,POINT (2.1167106 41.403603)
30294554,41.4033465,2.1173394,3,,,,,POINT (2.1173394 41.4033465)
30294558,41.4021588,2.1193456,3,,,,,POINT (2.1193456 41.4021588)
30294562,41.4016494,2.1199259,3,,,,,POINT (2.1199259 41.4016494)
30294565,41.4010235,2.1203273,4,,,,,POINT (2.1203273 41.4010235)
30294568,41.4002425,2.1211898,3,,,,,POINT (2.1211898 41.4002425)
30294569,41.3999605,2.1214565,4,,,,,POINT (2.1214565 41.3999605)
30294570,41.4028638,2.1215539,1,,,,,POINT (2.1215539 41.4028638)
30294654,41.4058495,2.1202308,4,,,,,POINT (2.1202308 41.4058495)
30294655,41.4050113,2.1211342,3,,,,,POINT (2.1211342 41.4050113)
30294656,41.4040974,2.1220491,3,,,,,POINT (2.1220491 41.4040974)
30294661,41.4003516,2.1257327,3,,,,,POINT (2.1257327 41.4003516)
30294666,41.4111625,2.1330404,3,,,,,POINT (2.1330404 41.4111625)
30294667,41.4105818,2.1324035,4,,,,,POINT (2.1324035 41.4105818)
30294668,41.4102655,2.132074,3,,,,,POINT (2.132074 41.4102655)
30294669,41.4117609,2.1297043,3,,,,,POINT (2.1297043 41.4117609)
30294670,41.4109407,2.1309987,4,,,,,POINT (2.1309987 41.4109407)
30294673,41.4093955,2.1334148,3,,,,,POINT (2.1334148 41.4093955)
30294674,41.4087577,2.1344157,3,,,,,POINT (2.1344157 41.4087577)
30294683,41.4097437,2.1337914,3,,,,,POINT (2.1337914 41.4097437)
30294684,41.4094921,2.1341648,1,,,,,POINT (2.1341648 41.4094921)
30294696,41.412841,2.1299846,4,,,,,POINT (2.1299846 41.412841)
30294698,41.4125106,2.1305519,3,,,,,POINT (2.1305519 41.4125106)
30294703,41.411513,2.1323283,4,,,,,POINT (2.1323283 41.411513)
30294707,41.4119468,2.1392656,3,,,,,POINT (2.1392656 41.4119468)
30294708,41.4124216,2.139928,3,,,,,POINT (2.139928 41.4124216)
30294709,41.4112167,2.140198,4,,,,,POINT (2.140198 41.4112167)
30294710,41.4105942,2.1408348,4,,,,,POINT (2.1408348 41.4105942)
30294711,41.4099486,2.1414549,3,,,,,POINT (2.1414549 41.4099486)
30294757,41.4109668,2.1413737,3,,,,,POINT (2.1413737 41.4109668)
30294765,41.4108126,2.1396475,3,,,,,POINT (2.1396475 41.4108126)
30294769,41.4101441,2.1396689,3,,,,,POINT (2.1396689 41.4101441)
30294772,41.4075532,2.1397898,3,,,,,POINT (2.1397898 41.4075532)
30294776,41.4054076,2.1359591,3,,,,,POINT (2.1359591 41.4054076)
30294777,41.4044252,2.1370044,3,,,,,POINT (2.1370044 41.4044252)
30294778,41.4048306,2.1373728,3,,,,,POINT (2.1373728 41.4048306)
30294779,41.4044574,2.1381015,4,,,,,POINT (2.1381015 41.4044574)
30294780,41.4038236,2.1393454,3,,,,,POINT (2.1393454 41.4038236)
30294781,41.4033387,2.1401907,3,,,,,POINT (2.1401907 41.4033387)
30294783,41.4035179,2.1351577,3,,,,,POINT (2.1351577 41.4035179)
30294784,41.4028994,2.1341936,4,,,,,POINT (2.1341936 41.4028994)
30294853,41.4059397,2.1361101,3,,,,,POINT (2.1361101 41.4059397)
30294854,41.4066876,2.1368932,4,,,,,POINT (2.1368932 41.4066876)
30294856,41.4072864,2.1383698,4,,,,,POINT (2.1383698 41.4072864)
30294982,41.4122896,2.1413225,3,,,,,POINT (2.1413225 41.4122896)
30295033,41.4126868,2.1477576,1,,,,,POINT (2.1477576 41.4126868)
30295037,41.4110901,2.1490194,4,,,,,POINT (2.1490194 41.4110901)
30295038,41.4101692,2.1500004,3,,,,,POINT (2.1500004 41.4101692)
30295052,41.4129288,2.1491118,3,,,,,POINT (2.1491118 41.4129288)
30295054,41.4107711,2.1510783,4,,,,,POINT (2.1510783 41.4107711)
30295094,41.4055436,2.1506311,3,traffic_signals,,,,POINT (2.1506311 41.4055436)
30295096,41.4059763,2.1515034,4,,,,,POINT (2.1515034 41.4059763)
30295097,41.4064127,2.1523914,4,,,,,POINT (2.1523914 41.4064127)
30295098,41.4067426,2.1529994,3,,,,,POINT (2.1529994 41.4067426)
30295099,41.4070719,2.1536002,4,,,,,POINT (2.1536002 41.4070719)
30295100,41.4075884,2.1545492,3,,,,,POINT (2.1545492 41.4075884)
30295101,41.4078098,2.1549466,3,,,,,POINT (2.1549466 41.4078098)
30295102,41.4078745,2.1550652,3,,,,,POINT (2.1550652 41.4078745)
30295105,41.4095249,2.158117,4,,,,,POINT (2.158117 41.4095249)
30295106,41.4099111,2.1588183,4,,,,,POINT (2.1588183 41.4099111)
30295107,41.4104785,2.1598903,4,,,,,POINT (2.1598903 41.4104785)
30295108,41.4111806,2.1611713,3,,,,,POINT (2.1611713 41.4111806)
30295131,41.4117802,2.1586711,4,,,,,POINT (2.1586711 41.4117802)
30295132,41.4111535,2.1592447,4,,,,,POINT (2.1592447 41.4111535)
30295133,41.4101927,2.1601522,4,,,,,POINT (2.1601522 41.4101927)
30295134,41.4096781,2.1606408,4,,,,,POINT (2.1606408 41.4096781)
30295135,41.4090578,2.1612174,4,,,,,POINT (2.1612174 41.4090578)
30295136,41.4085858,2.1616518,4,,,,,POINT (2.1616518 41.4085858)
30295137,41.4078744,2.1623631,4,,,,,POINT (2.1623631 41.4078744)
30295138,41.4071611,2.1630081,3,,,,,POINT (2.1630081 41.4071611)
30295139,41.4068181,2.1633342,3,,,,,POINT (2.1633342 41.4068181)
30295161,41.4093297,2.1647738,3,,,,,POINT (2.1647738 41.4093297)
30295163,41.4082631,2.1660066,4,,,,,POINT (2.1660066 41.4082631)
30295165,41.4072138,2.1672028,3,,,,,POINT (2.1672028 41.4072138)
30295211,41.4090476,2.1643004,3,,,,,POINT (2.1643004 41.4090476)
30295215,41.407962,2.1655221,4,,,,,POINT (2.1655221 41.407962)
30295216,41.4074506,2.1661057,4,,,,,POINT (2.1661057 41.4074506)
30295217,41.4069026,2.1667067,3,,,,,POINT (2.1667067 41.4069026)
30295245,41.4070187,2.1640142,3,,,,,POINT (2.1640142 41.4070187)
30295247,41.4085761,2.1664852,3,,,,,POINT (2.1664852 41.4085761)
30295259,41.4110561,2.1679567,3,,,,,POINT (2.1679567 41.4110561)
30295264,41.4151927,2.1734996,3,,,,,POINT (2.1734996 41.4151927)
30295271,41.4160398,2.1746717,3,,,,,POINT (2.1746717 41.4160398)
30295274,41.4182598,2.1773254,4,,,,,POINT (2.1773254 41.4182598)
30295286,41.4153514,2.1781503,4,,,,,POINT (2.1781503 41.4153514)
30295287,41.4157472,2.1786812,3,,,,,POINT (2.1786812 41.4157472)
30295288,41.4160172,2.1790139,3,,,,,POINT (2.1790139 41.4160172)
30295290,41.4176793,2.1741924,3,,,,,POINT (2.1741924 41.4176793)
30295293,41.4156061,2.1801889,3,,,,,POINT (2.1801889 41.4156061)
30295298,41.4150968,2.1795171,3,,,,,POINT (2.1795171 41.4150968)
30295302,41.4181347,2.1762226,3,,,,,POINT (2.1762226 41.4181347)
30295304,41.4171345,2.1803926,3,,,,,POINT (2.1803926 41.4171345)
30295310,41.416334,2.1804176,3,,,,,POINT (2.1804176 41.416334)
30295312,41.4178644,2.1788663,3,,,,,POINT (2.1788663 41.4178644)
30295331,41.4237407,2.1726736,3,,,,,POINT (2.1726736 41.4237407)
30295333,41.4235181,2.1732366,3,,,,,POINT (2.1732366 41.4235181)
30295334,41.4232085,2.1740126,4,,,,,POINT (2.1740126 41.4232085)
30295335,41.4228097,2.1750125,4,,,,,POINT (2.1750125 41.4228097)
30295336,41.4225851,2.1756177,4,,,,,POINT (2.1756177 41.4225851)
30295337,41.4223555,2.1761843,4,,,,,POINT (2.1761843 41.4223555)
30295338,41.4219356,2.1772037,4,,,,,POINT (2.1772037 41.4219356)
30295339,41.4216801,2.1778442,3,,,,,POINT (2.1778442 41.4216801)
30295341,41.4230954,2.1767046,4,,,,,POINT (2.1767046 41.4230954)
30295343,41.4216326,2.1756827,4,,,,,POINT (2.1756827 41.4216326)
30295347,41.424698,2.1750736,4,,,,,POINT (2.1750736 41.424698)
30295348,41.4239516,2.1745401,4,,,,,POINT (2.1745401 41.4239516)
30295349,41.4224691,2.1735029,3,,,,,POINT (2.1735029 41.4224691)
30295350,41.4218662,2.1730794,3,,,,,POINT (2.1730794 41.4218662)
30295380,41.4203714,2.1747752,3,,,,,POINT (2.1747752 41.4203714)
30295381,41.4210221,2.1758679,3,,,,,POINT (2.1758679 41.4210221)
30295383,41.4204047,2.1714366,3,,,,,POINT (2.1714366 41.4204047)
30295384,41.4198111,2.1728884,4,,,,,POINT (2.1728884 41.4198111)
30295385,41.4195744,2.1734778,4,,,,,POINT (2.1734778 41.4195744)
30295386,41.4193471,2.1740498,4,,,,,POINT (2.1740498 41.4193471)
30295387,41.4190714,2.1747218,3,,,,,POINT (2.1747218 41.4190714)
30295392,41.421528,2.178891,4,,,,,POINT (2.178891 41.421528)
30295394,41.4202843,2.1767989,4,,,,,POINT (2.1767989 41.4202843)
30295395,41.4195663,2.1755618,4,,,,,POINT (2.1755618 41.4195663)
30295396,41.4187243,2.1741328,3,,,,,POINT (2.1741328 41.4187243)
30295399,41.4240897,2.1718051,3,,,,,POINT (2.1718051 41.4240897)
30295400,41.425073,2.1725225,3,,,,,POINT (2.1725225 41.425073)
30295403,41.4225698,2.1802681,4,,,,,POINT (2.1802681 41.4225698)
30295405,41.4214773,2.1797688,3,,,,,POINT (2.1797688 41.4214773)
30295406,41.4227006,2.1786253,3,,,,,POINT (2.1786253 41.4227006)
30295407,41.4226485,2.1793453,4,,,,,POINT (2.1793453 41.4226485)
30295408,41.4224732,2.1811806,4,,,,,POINT (2.1811806 41.4224732)
30295410,41.4223072,2.1829279,4,,,,,POINT (2.1829279 41.4223072)
30295411,41.4222118,2.1839292,3,,,,,POINT (2.1839292 41.4222118)
30295414,41.4223894,2.1820641,4,,,,,POINT (2.1820641 41.4223894)
30295416,41.4208407,2.1817865,3,,,,,POINT (2.1817865 41.4208407)
30295418,41.4241335,2.1832715,3,,,,,POINT (2.1832715 41.4241335)
30295422,41.4254473,2.1850698,3,,,,,POINT (2.1850698 41.4254473)
30295424,41.4239571,2.1849842,3,,,,,POINT (2.1849842 41.4239571)
30295475,41.4277843,2.1916664,3,,,,,POINT (2.1916664 41.4277843)
30295477,41.4303345,2.1906618,4,,,,,POINT (2.1906618 41.4303345)
30295480,41.4305877,2.1919017,3,,,,,POINT (2.1919017 41.4305877)
30295483,41.4309025,2.1936039,4,,,,,POINT (2.1936039 41.4309025)
30295487,41.431286,2.1955827,3,,,,,POINT (2.1955827 41.431286)
30295490,41.432676,2.1924705,3,,,,,POINT (2.1924705 41.432676)
30295491,41.4323836,2.1924961,3,,,,,POINT (2.1924961 41.4323836)
30295493,41.4317868,2.1925448,4,,,,,POINT (2.1925448 41.4317868)
30295496,41.4311361,2.1925892,3,,,,,POINT (2.1925892 41.4311361)
30295508,41.4309266,2.187805,4,,,,,POINT (2.187805 41.4309266)
30295509,41.4311573,2.1888329,4,,,,,POINT (2.1888329 41.4311573)
30295510,41.4312807,2.1894031,3,,,,,POINT (2.1894031 41.4312807)
30295514,41.431387,2.1893804,3,,,,,POINT (2.1893804 41.431387)
30295515,41.4314655,2.1899969,3,,,,,POINT (2.1899969 41.4314655)
30295517,41.4316625,2.1915137,4,,,,,POINT (2.1915137 41.4316625)
30295525,41.4331385,2.1848466,3,,,,,POINT (2.1848466 41.4331385)
30295529,41.4328644,2.1874614,4,,,,,POINT (2.1874614 41.4328644)
30295530,41.4327427,2.1886608,4,,,,,POINT (2.1886608 41.4327427)
30295531,41.4326826,2.1893023,3,,,,,POINT (2.1893023 41.4326826)
30295544,41.4339693,2.1850128,4,,,,,POINT (2.1850128 41.4339693)
30295549,41.4334194,2.1893553,3,,,,,POINT (2.1893553 41.4334194)
30295622,41.4355825,2.1845962,3,,,,,POINT (2.1845962 41.4355825)
30295627,41.4354564,2.186905,4,,,,,POINT (2.186905 41.4354564)
30295628,41.4354648,2.1880679,3,,,,,POINT (2.1880679 41.4354648)
30295712,41.4379838,2.1883728,3,,,,,POINT (2.1883728 41.4379838)
30295713,41.4374288,2.1882007,3,,,,,POINT (2.1882007 41.4374288)
30295714,41.4370223,2.1880725,4,,,,,POINT (2.1880725 41.4370223)
30295716,41.4362825,2.187861,4,,,,,POINT (2.187861 41.4362825)
30295719,41.4354578,2.1876497,3,,,,,POINT (2.1876497 41.4354578)
30295800,41.4375599,2.1850419,3,,,,,POINT (2.1850419 41.4375599)
30295807,41.4368733,2.1889126,3,,,,,POINT (2.1889126 41.4368733)
30295808,41.4367331,2.1897032,3,,,,,POINT (2.1897032 41.4367331)
30295809,41.4385359,2.1865635,3,,,,,POINT (2.1865635 41.4385359)
30295810,41.4377931,2.1861241,4,,,,,POINT (2.1861241 41.4377931)
30295811,41.4379183,2.1851052,3,,,,,POINT (2.1851052 41.4379183)
30295814,41.4366186,2.1861378,4,,,,,POINT (2.1861378 41.4366186)
30295815,41.4362688,2.1859808,4,,,,,POINT (2.1859808 41.4362688)
30295816,41.4359312,2.1858358,3,,,,,POINT (2.1858358 41.4359312)
30295817,41.4365386,2.1847144,3,,,,,POINT (2.1847144 41.4365386)
30295820,41.43613,2.1866614,3,,,,,POINT (2.1866614 41.43613)
30295821,41.4360354,2.1845474,3,,,,,POINT (2.1845474 41.4360354)
30295824,41.4358758,2.186622,4,,,,,POINT (2.186622 41.4358758)
30295825,41.4358498,2.1869448,3,,,,,POINT (2.1869448 41.4358498)
30295834,41.4387211,2.1854715,3,,,,,POINT (2.1854715 41.4387211)
30295838,41.4383102,2.1874477,3,,,,,POINT (2.1874477 41.4383102)
30295841,41.4377918,2.1889941,3,,,,,POINT (2.1889941 41.4377918)
30295854,41.4453412,2.1824984,3,,,,,POINT (2.1824984 41.4453412)
30295855,41.4446652,2.1819468,4,,,,,POINT (2.1819468 41.4446652)
30295856,41.4440453,2.1814506,4,,,,,POINT (2.1814506 41.4440453)
30295866,41.4445593,2.1805024,3,,,,,POINT (2.1805024 41.4445593)
30295870,41.4434044,2.1795811,3,,,,,POINT (2.1795811 41.4434044)
30295878,41.4416292,2.1765617,3,,,,,POINT (2.1765617 41.4416292)
30295881,41.4405146,2.1754851,4,,,,,POINT (2.1754851 41.4405146)
30295888,41.4404497,2.1773935,3,,,,,POINT (2.1773935 41.4404497)
30295890,41.4401862,2.1779089,4,,,,,POINT (2.1779089 41.4401862)
30295892,41.4396996,2.1788826,3,,,,,POINT (2.1788826 41.4396996)
30296013,41.4440463,2.1820753,3,,,,,POINT (2.1820753 41.4440463)
30296014,41.4438296,2.1827559,4,,,,,POINT (2.1827559 41.4438296)
30296015,41.4436716,2.1833115,4,,,,,POINT (2.1833115 41.4436716)
30296016,41.4435221,2.1839199,4,,,,,POINT (2.1839199 41.4435221)
30296017,41.443361,2.1845395,4,,,,,POINT (2.1845395 41.443361)
30296018,41.4432054,2.1851573,4,,,,,POINT (2.1851573 41.4432054)
30296020,41.4429929,2.1859695,3,,,,,POINT (2.1859695 41.4429929)
30296034,41.4457428,2.1860482,3,,,,,POINT (2.1860482 41.4457428)
30296036,41.444324,2.1855574,4,,,,,POINT (2.1855574 41.444324)
30296038,41.4427015,2.1849515,3,,,,,POINT (2.1849515 41.4427015)
30296039,41.4458801,2.1832546,3,,,,,POINT (2.1832546 41.4458801)
30296040,41.4458635,2.1839466,3,,,,,POINT (2.1839466 41.4458635)
30296055,41.4458053,2.1854062,3,,,,,POINT (2.1854062 41.4458053)
30296130,41.444536,2.1849566,4,,,,,POINT (2.1849566 41.444536)
30296131,41.4428397,2.1843145,3,,,,,POINT (2.1843145 41.4428397)
30296141,41.4442801,2.180954,4,,,,,POINT (2.180954 41.4442801)
30296142,41.4438225,2.1818639,4,,,,,POINT (2.1818639 41.4438225)
30296143,41.4435117,2.1824805,4,,,,,POINT (2.1824805 41.4435117)
30296144,41.4432841,2.1829828,4,,,,,POINT (2.1829828 41.4432841)
30296145,41.4429751,2.1836724,4,,,,,POINT (2.1836724 41.4429751)
30296147,41.4425714,2.1855217,4,,,,,POINT (2.1855217 41.4425714)
30296151,41.4449877,2.1836972,4,,,,,POINT (2.1836972 41.4449877)
30296152,41.4419419,2.1812213,3,,,,,POINT (2.1812213 41.4419419)
30296290,41.4456856,2.1786225,3,,,,,POINT (2.1786225 41.4456856)
30296293,41.4444032,2.1774879,4,,,,,POINT (2.1774879 41.4444032)
30296294,41.4438401,2.1770424,3,,,,,POINT (2.1770424 41.4438401)
30296295,41.443269,2.1763443,3,,,,,POINT (2.1763443 41.443269)
30296305,41.4450304,2.1763294,3,,,,,POINT (2.1763294 41.4450304)
30296306,41.4448777,2.1764487,3,,,,,POINT (2.1764487 41.4448777)
30296307,41.4446656,2.1768924,3,,,,,POINT (2.1768924 41.4446656)
30296310,41.4437768,2.1787933,3,,,,,POINT (2.1787933 41.4437768)
30296340,41.4427839,2.1771104,3,,,,,POINT (2.1771104 41.4427839)
30296342,41.4419623,2.1761382,4,,,,,POINT (2.1761382 41.4419623)
30296347,41.4408978,2.1747224,4,,,,,POINT (2.1747224 41.4408978)
30296367,41.4428933,2.1791216,4,,,,,POINT (2.1791216 41.4428933)
30296368,41.4454902,2.1816573,3,,,,,POINT (2.1816573 41.4454902)
30296370,41.4448817,2.181458,3,,,,,POINT (2.181458 41.4448817)
30296542,41.4476596,2.1781132,3,,,,,POINT (2.1781132 41.4476596)
30296543,41.4472516,2.1779153,3,,,,,POINT (2.1779153 41.4472516)
30296558,41.4474364,2.1774483,3,,,,,POINT (2.1774483 41.4474364)
30296559,41.4469852,2.1773362,4,,,,,POINT (2.1773362 41.4469852)
30296564,41.4457555,2.1773224,3,,,,,POINT (2.1773224 41.4457555)
30296565,41.4470223,2.1778194,3,,,,,POINT (2.1778194 41.4470223)
30296580,41.4458728,2.1777613,3,,,,,POINT (2.1777613 41.4458728)
30296599,41.4488242,2.1839515,3,,,,,POINT (2.1839515 41.4488242)
30296600,41.4483545,2.1854669,4,,,,,POINT (2.1854669 41.4483545)
30296601,41.447559,2.1870505,4,,,,,POINT (2.1870505 41.447559)
30296616,41.4486109,2.1818962,3,,,,,POINT (2.1818962 41.4486109)
30296620,41.4476711,2.1851048,3,,,,,POINT (2.1851048 41.4476711)
30296789,41.4487859,2.1897059,4,,,,,POINT (2.1897059 41.4487859)
30297009,41.4419374,2.2031082,3,,,,,POINT (2.2031082 41.4419374)
30297011,41.4423429,2.2066959,3,,,,,POINT (2.2066959 41.4423429)
30297035,41.4407951,2.2033822,3,,,,,POINT (2.2033822 41.4407951)
30297037,41.4412261,2.207369,3,,,,,POINT (2.207369 41.4412261)
30297198,41.4379747,2.2005457,3,,,,,POINT (2.2005457 41.4379747)
30297199,41.4381015,2.2017122,3,,,,,POINT (2.2017122 41.4381015)
30297201,41.4359492,2.2027159,3,,,,,POINT (2.2027159 41.4359492)
30297203,41.4347753,2.2029083,4,,,,,POINT (2.2029083 41.4347753)
30297204,41.4342919,2.2029829,4,,,,,POINT (2.2029829 41.4342919)
30297206,41.4346871,2.2018629,3,,,,,POINT (2.2018629 41.4346871)
30297209,41.4348784,2.2042762,3,,,,,POINT (2.2042762 41.4348784)
30297213,41.4345605,2.2055592,4,,,,,POINT (2.2055592 41.4345605)
30297215,41.4347527,2.2072549,3,,12,,,POINT (2.2072549 41.4347527)
30297219,41.430228,2.2065841,3,,,,,POINT (2.2065841 41.430228)
30297252,41.4309969,2.2049617,3,,,,,POINT (2.2049617 41.4309969)
30297272,41.4353898,2.1988542,3,,,,,POINT (2.1988542 41.4353898)
30297273,41.4344361,2.2008592,3,,,,,POINT (2.2008592 41.4344361)
30297293,41.4266693,2.2012547,4,,,,,POINT (2.2012547 41.4266693)
30297301,41.4231262,2.2059307,4,,,,,POINT (2.2059307 41.4231262)
30297327,41.4260701,2.2009155,3,,,,,POINT (2.2009155 41.4260701)
30297333,41.4227016,2.2053708,3,,,,,POINT (2.2053708 41.4227016)
30297359,41.4212211,2.2058628,3,,,,,POINT (2.2058628 41.4212211)
30297360,41.4204932,2.204905,4,,,,,POINT (2.204905 41.4204932)
30297363,41.4188031,2.2026604,4,,,,,POINT (2.2026604 41.4188031)
30297365,41.4179529,2.2015009,4,,,,,POINT (2.2015009 41.4179529)
30297366,41.4170921,2.2003637,4,,,,,POINT (2.2003637 41.4170921)
30297368,41.4188102,2.1958308,3,,,,,POINT (2.1958308 41.4188102)
30297369,41.4179583,2.1969829,4,,,,,POINT (2.1969829 41.4179583)
30297370,41.4171885,2.1980192,4,,,,,POINT (2.1980192 41.4171885)
30297371,41.4171348,2.1983323,3,,,,,POINT (2.1983323 41.4171348)
30297372,41.4165272,2.1991436,3,,,,,POINT (2.1991436 41.4165272)
30297376,41.4083912,2.2051171,3,,,,,POINT (2.2051171 41.4083912)
30297377,41.4080946,2.2055208,3,,,,,POINT (2.2055208 41.4080946)
30297379,41.4058169,2.2107662,4,,,,,POINT (2.2107662 41.4058169)
30297380,41.4049716,2.2096397,4,,,,,POINT (2.2096397 41.4049716)
30297381,41.4041263,2.208514,4,,,,,POINT (2.208514 41.4041263)
30297382,41.4032585,2.2073567,4,,,,,POINT (2.2073567 41.4032585)
30297383,41.4024362,2.2062609,4,,,,,POINT (2.2062609 41.4024362)
30297454,41.405449,2.1967431,3,,,,,POINT (2.1967431 41.405449)
30297459,41.4034696,2.1997694,2,,,,,POINT (2.1997694 41.4034696)
30297485,41.3981346,2.2050193,3,,,,,POINT (2.2050193 41.3981346)
30297525,41.4050504,2.1962143,3,,,,,POINT (2.1962143 41.4050504)
30297527,41.4041837,2.197326,3,,,,,POINT (2.197326 41.4041837)
30297530,41.4006595,2.2019153,3,,,,,POINT (2.2019153 41.4006595)
30297642,41.3850223,2.1840687,1,,,,,POINT (2.1840687 41.3850223)
30297911,41.3829412,2.1784877,3,,,,,POINT (2.1784877 41.3829412)
30297917,41.382235,2.1792206,2,,,,,POINT (2.1792206 41.382235)
30297921,41.3818394,2.1798244,2,,,,,POINT (2.1798244 41.3818394)
30297970,41.3812101,2.1794682,3,,,,,POINT (2.1794682 41.3812101)
30298829,41.4358907,2.2021162,3,,,,,POINT (2.2021162 41.4358907)
30298832,41.4424277,2.1801328,3,,,,,POINT (2.1801328 41.4424277)
30298833,41.4422204,2.1806058,3,,,,,POINT (2.1806058 41.4422204)
30298838,41.3769039,2.151955,4,,,,,POINT (2.151955 41.3769039)
30298841,41.3753641,2.1539878,3,,,,,POINT (2.1539878 41.3753641)
30298886,41.3729324,2.1551673,3,,,,,POINT (2.1551673 41.3729324)
30298888,41.3729367,2.1592415,4,,,,,POINT (2.1592415 41.3729367)
30298891,41.3727257,2.1605974,4,,,,,POINT (2.1605974 41.3727257)
30298893,41.3745869,2.1612597,3,,,,,POINT (2.1612597 41.3745869)
30298929,41.3709,2.1545723,3,,,,,POINT (2.1545723 41.3709)
30298941,41.3727294,2.1485133,3,,,,,POINT (2.1485133 41.3727294)
30298952,41.3711208,2.1461204,3,,,,,POINT (2.1461204 41.3711208)
30298958,41.3704385,2.1446664,3,,,,,POINT (2.1446664 41.3704385)
30298959,41.3719318,2.147403,3,,,,,POINT (2.147403 41.3719318)
30307932,41.3752652,2.1425828,3,,,,,POINT (2.1425828 41.3752652)
30307934,41.3737919,2.1425118,4,,,,,POINT (2.1425118 41.3737919)
30307936,41.372693,2.1424589,4,,,,,POINT (2.1424589 41.372693)
30307937,41.3721855,2.1424397,3,,,,,POINT (2.1424397 41.3721855)
30307939,41.3714709,2.1424025,3,,,,,POINT (2.1424025 41.3714709)
30307943,41.3699007,2.1373896,3,,,,,POINT (2.1373896 41.3699007)
30307945,41.3676672,2.1395904,4,,,,,POINT (2.1395904 41.3676672)
30307946,41.3710863,2.1352326,3,,,,,POINT (2.1352326 41.3710863)
30307948,41.3697678,2.1355403,3,,,,,POINT (2.1355403 41.3697678)
30307968,41.3728514,2.1352517,4,,,,,POINT (2.1352517 41.3728514)
30307969,41.3724193,2.1354955,3,,,,,POINT (2.1354955 41.3724193)
30307971,41.3703972,2.1366527,3,,,,,POINT (2.1366527 41.3703972)
30307972,41.3698569,2.1369725,3,,,,,POINT (2.1369725 41.3698569)
30307973,41.3712926,2.137803,3,,,,,POINT (2.137803 41.3712926)
30307974,41.3701651,2.138228,3,,,,,POINT (2.138228 41.3701651)
30308051,41.3710392,2.1329705,4,,,,,POINT (2.1329705 41.3710392)
30312388,41.38256,2.1943099,3,,,,,POINT (2.1943099 41.38256)
30312391,41.3847548,2.1957083,3,,,,,POINT (2.1957083 41.3847548)
30312481,41.3913226,2.1937604,4,,,,,POINT (2.1937604 41.3913226)
30312482,41.3921605,2.1948702,4,,,,,POINT (2.1948702 41.3921605)
30312484,41.3931248,2.1961543,4,,,,,POINT (2.1961543 41.3931248)
30312485,41.3947375,2.1983273,4,,,,,POINT (2.1983273 41.3947375)
30312486,41.3955921,2.1994447,4,,,,,POINT (2.1994447 41.3955921)
30312487,41.3964346,2.2005753,4,,,,,POINT (2.2005753 41.3964346)
30312489,41.3981259,2.2028635,4,,,,,POINT (2.2028635 41.3981259)
30312828,41.3922371,2.1901696,4,,,,,POINT (2.1901696 41.3922371)
30312830,41.3931083,2.1914022,4,,,,,POINT (2.1914022 41.3931083)
30312831,41.3948499,2.1938295,4,,,,,POINT (2.1938295 41.3948499)
30312832,41.3964391,2.1960677,4,,,,,POINT (2.1960677 41.3964391)
30312835,41.398144,2.1983405,4,,,,,POINT (2.1983405 41.398144)
30312836,41.3989852,2.1994984,4,,,,,POINT (2.1994984 41.3989852)
30312837,41.3998338,2.2006168,4,,,,,POINT (2.2006168 41.3998338)
30312838,41.4024591,2.2040566,4,,,,,POINT (2.2040566 41.4024591)
30312839,41.4032727,2.2051361,4,,,,,POINT (2.2051361 41.4032727)
30312840,41.4041031,2.2062379,4,,,,,POINT (2.2062379 41.4041031)
30312841,41.404976,2.2073964,4,,,,,POINT (2.2073964 41.404976)
30312843,41.4058181,2.2085251,4,,,,,POINT (2.2085251 41.4058181)
30312919,41.4038488,2.2111037,3,,,,,POINT (2.2111037 41.4038488)
30312922,41.4026871,2.2126601,3,,,,,POINT (2.2126601 41.4026871)
30312934,41.4035989,2.2114339,4,,,,,POINT (2.2114339 41.4035989)
30312935,41.4027463,2.2103238,4,,,,,POINT (2.2103238 41.4027463)
30312937,41.401055,2.2080805,4,,,,,POINT (2.2080805 41.401055)
30312951,41.4064258,2.2031731,4,,,,,POINT (2.2031731 41.4064258)
30312952,41.4050038,2.2050446,4,,,,,POINT (2.2050446 41.4050038)
30312954,41.4018787,2.2091903,4,,,,,POINT (2.2091903 41.4018787)
30312955,41.4009579,2.2103941,3,,,,,POINT (2.2103941 41.4009579)
30312960,41.4056842,2.2019228,4,,,,,POINT (2.2019228 41.4056842)
30312962,41.4041484,2.2039404,4,,,,,POINT (2.2039404 41.4041484)
30312975,41.4015839,2.1893122,3,,,,,POINT (2.1893122 41.4015839)
30312976,41.4007445,2.1904242,4,,,,,POINT (2.1904242 41.4007445)
30312978,41.3990339,2.1926652,4,,,,,POINT (2.1926652 41.3990339)
30313010,41.3973171,2.1949089,4,,,,,POINT (2.1949089 41.3973171)
30313062,41.3936934,2.1997228,4,,,,,POINT (2.1997228 41.3936934)
30313063,41.3935606,2.1998972,4,,,,,POINT (2.1998972 41.3935606)
30313064,41.3922578,2.2016464,3,,,,,POINT (2.2016464 41.3922578)
30313113,41.3898089,2.1481906,4,,,,,POINT (2.1481906 41.3898089)
30313122,41.3953745,2.1434986,3,,,,,POINT (2.1434986 41.3953745)
30313123,41.394946,2.144046,4,,,,,POINT (2.144046 41.394946)
30313125,41.3978015,2.1502591,3,,,,,POINT (2.1502591 41.3978015)
30313129,41.3967696,2.14845,4,,,,,POINT (2.14845 41.3967696)
30313130,41.3963818,2.1477689,3,,,,,POINT (2.1477689 41.3963818)
30313132,41.3954017,2.1460963,4,,,,,POINT (2.1460963 41.3954017)
30313134,41.394819,2.1451172,4,,,,,POINT (2.1451172 41.394819)
30313135,41.3945119,2.1446029,4,,,,,POINT (2.1446029 41.3945119)
30313136,41.3942159,2.1441047,3,,,,,POINT (2.1441047 41.3942159)
30313139,41.3972053,2.1406273,5,,,,,POINT (2.1406273 41.3972053)
30313140,41.3965376,2.1413364,3,,,,,POINT (2.1413364 41.3965376)
30313141,41.3959067,2.1420332,3,,,,,POINT (2.1420332 41.3959067)
30313142,41.3954109,2.1425796,4,,,,,POINT (2.1425796 41.3954109)
30313143,41.395074,2.1430011,3,,,,,POINT (2.1430011 41.395074)
30313144,41.3946531,2.1435539,4,,,,,POINT (2.1435539 41.3946531)
30313158,41.397706,2.1414275,3,,,,,POINT (2.1414275 41.397706)
30313159,41.3971166,2.1421594,4,,,,,POINT (2.1421594 41.3971166)
30313161,41.3960851,2.1434731,4,,,,,POINT (2.1434731 41.3960851)
30313162,41.3956718,2.1440044,4,,,,,POINT (2.1440044 41.3956718)
30313163,41.395248,2.1445508,4,,,,,POINT (2.1445508 41.395248)
30313171,41.4005445,2.1397298,4,traffic_signals,,,,POINT (2.1397298 41.4005445)
30313174,41.3991511,2.1413862,4,,,,,POINT (2.1413862 41.3991511)
30313177,41.3978,2.1430808,4,traffic_signals,,,,POINT (2.1430808 41.3978)
30313178,41.3971982,2.143835,4,,,,,POINT (2.143835 41.3971982)
30313179,41.3967486,2.1443985,4,traffic_signals,,,,POINT (2.1443985 41.3967486)
30313181,41.3962593,2.1450034,4,,,,,POINT (2.1450034 41.3962593)
30313182,41.3958381,2.1455532,4,traffic_signals,,,,POINT (2.1455532 41.3958381)
30313240,41.3983394,2.1497975,4,,,,,POINT (2.1497975 41.3983394)
30313241,41.39805,2.1493097,4,,,,,POINT (2.1493097 41.39805)
30313244,41.3972543,2.1479773,4,,,,,POINT (2.1479773 41.3972543)
30313246,41.3970104,2.1475595,3,,,,,POINT (2.1475595 41.3970104)
30313252,41.3938015,2.1427722,4,,,,,POINT (2.1427722 41.3938015)
30313254,41.3935633,2.1425607,4,,,,,POINT (2.1425607 41.3935633)
30313256,41.3925581,2.1416602,4,,,,,POINT (2.1416602 41.3925581)
30313348,41.3999633,2.1507876,3,,,,,POINT (2.1507876 41.3999633)
30313349,41.399701,2.1504643,3,,,,,POINT (2.1504643 41.399701)
30313353,41.3987784,2.1492728,4,,,,,POINT (2.1492728 41.3987784)
30313355,41.3984847,2.1487751,4,,,,,POINT (2.1487751 41.3984847)
30313357,41.3977173,2.1474677,4,,,,,POINT (2.1474677 41.3977173)
30313358,41.3974904,2.1470668,4,,,,,POINT (2.1470668 41.3974904)
30313363,41.4018826,2.1508584,3,,,,,POINT (2.1508584 41.4018826)
30313364,41.402255,2.151626,3,,,,,POINT (2.151626 41.402255)
30313367,41.4026766,2.1525132,3,,,,,POINT (2.1525132 41.4026766)
30313368,41.4033765,2.1506937,3,,,,,POINT (2.1506937 41.4033765)
30313375,41.3958502,2.1288746,3,,,,,POINT (2.1288746 41.3958502)
30313376,41.3978984,2.1255171,3,,,,,POINT (2.1255171 41.3978984)
30313377,41.3976595,2.1250685,3,,,,,POINT (2.1250685 41.3976595)
30313399,41.3960395,2.1251128,3,,,,,POINT (2.1251128 41.3960395)
30313434,41.3968902,2.120321,3,,,,,POINT (2.120321 41.3968902)
30313436,41.3970017,2.1207614,3,,,,,POINT (2.1207614 41.3970017)
30313438,41.3973852,2.1215454,3,crossing,,,,POINT (2.1215454 41.3973852)
30313439,41.3974762,2.121748,4,,,,,POINT (2.121748 41.3974762)
30313440,41.3979402,2.122704,4,,,,,POINT (2.122704 41.3979402)
30313444,41.3988003,2.1203849,3,,,,,POINT (2.1203849 41.3988003)
30313537,41.3952686,2.1227287,4,,,,,POINT (2.1227287 41.3952686)
30313538,41.3940512,2.1239154,3,,,,,POINT (2.1239154 41.3940512)
30313560,41.3962581,2.1229738,3,,,,,POINT (2.1229738 41.3962581)
30314490,41.3949638,2.1221824,3,,,,,POINT (2.1221824 41.3949638)
30314491,41.3937312,2.1233156,4,,,,,POINT (2.1233156 41.3937312)
30314492,41.3930734,2.1239253,4,,,,,POINT (2.1239253 41.3930734)
30314622,41.3868141,2.1231824,3,,,,,POINT (2.1231824 41.3868141)
30314629,41.3856805,2.1269905,3,,,,,POINT (2.1269905 41.3856805)
30314630,41.3796068,2.1239489,3,,,,,POINT (2.1239489 41.3796068)
30314631,41.3786309,2.1247847,4,,,,,POINT (2.1247847 41.3786309)
30314632,41.378318,2.1242948,3,,,,,POINT (2.1242948 41.378318)
30314635,41.3764542,2.1259525,4,,,,,POINT (2.1259525 41.3764542)
30314636,41.3755895,2.1266957,3,,,,,POINT (2.1266957 41.3755895)
30314637,41.3783406,2.1220033,3,,,,,POINT (2.1220033 41.3783406)
30314638,41.3778039,2.1224487,4,,,,,POINT (2.1224487 41.3778039)
30314640,41.377453,2.1217343,3,,,,,POINT (2.1217343 41.377453)
30314642,41.3784482,2.1236868,3,,,,,POINT (2.1236868 41.3784482)
30314648,41.3747667,2.1264581,4,,,,,POINT (2.1264581 41.3747667)
30314651,41.3739576,2.1250269,4,,,,,POINT (2.1250269 41.3739576)
30315450,41.3489419,2.1374456,3,,,,,POINT (2.1374456 41.3489419)
30315480,41.3536878,2.1353577,3,,,,,POINT (2.1353577 41.3536878)
30315481,41.35208,2.1365632,4,,,,,POINT (2.1365632 41.35208)
30315492,41.3453189,2.1465878,3,,,,,POINT (2.1465878 41.3453189)
30315629,41.3577666,2.1633934,3,,,,,POINT (2.1633934 41.3577666)
30318120,41.3528034,2.140374,4,,,,,POINT (2.140374 41.3528034)
30318187,41.352345,2.1377891,4,,,,,POINT (2.1377891 41.352345)
30318188,41.352952,2.1413012,3,,,,,POINT (2.1413012 41.352952)
30318191,41.3541479,2.1364979,4,,,,,POINT (2.1364979 41.3541479)
30332577,41.4257463,2.1903689,4,,,,,POINT (2.1903689 41.4257463)
30332593,41.4227549,2.1886828,3,,,,,POINT (2.1886828 41.4227549)
30332598,41.4212983,2.1879684,4,,,,,POINT (2.1879684 41.4212983)
30332601,41.4196384,2.1901434,4,,,,,POINT (2.1901434 41.4196384)
30332606,41.4188035,2.1889786,4,,,,,POINT (2.1889786 41.4188035)
30332639,41.4174413,2.188544,4,,,,,POINT (2.188544 41.4174413)
30332641,41.4161237,2.1880886,3,,,,,POINT (2.1880886 41.4161237)
30332643,41.4156774,2.1863577,3,,,,,POINT (2.1863577 41.4156774)
30332647,41.4145895,2.1855309,4,,,,,POINT (2.1855309 41.4145895)
30332649,41.4142897,2.1852995,3,,,,,POINT (2.1852995 41.4142897)
30332650,41.414031,2.1851086,4,,,,,POINT (2.1851086 41.414031)
30332651,41.4133535,2.1845795,4,,,,,POINT (2.1845795 41.4133535)
30332652,41.4124151,2.1838402,4,,,,,POINT (2.1838402 41.4124151)
30332653,41.4120519,2.1835422,4,,,,,POINT (2.1835422 41.4120519)
30332654,41.4116832,2.1832894,3,,,,,POINT (2.1832894 41.4116832)
30332655,41.4126457,2.1859984,3,,,,,POINT (2.1859984 41.4126457)
30332656,41.4117548,2.1852954,3,,,,,POINT (2.1852954 41.4117548)
30332657,41.410717,2.1850478,3,,,,,POINT (2.1850478 41.410717)
30332756,41.4163381,2.1854897,3,,,,,POINT (2.1854897 41.4163381)
30332757,41.4151724,2.1847619,4,,,,,POINT (2.1847619 41.4151724)
30332758,41.4148325,2.1845517,3,,,,,POINT (2.1845517 41.4148325)
30332759,41.4143551,2.1842458,3,,,,,POINT (2.1842458 41.4143551)
30332760,41.4137145,2.1838554,4,,,,,POINT (2.1838554 41.4137145)
30332761,41.4126854,2.1832256,4,,,,,POINT (2.1832256 41.4126854)
30332762,41.4119868,2.1827944,3,,,,,POINT (2.1827944 41.4119868)
30332804,41.408584,2.1885493,3,,,,,POINT (2.1885493 41.408584)
30332979,41.3973045,2.188108,4,,,,,POINT (2.188108 41.3973045)
30333308,41.4120602,2.1799307,3,,,,,POINT (2.1799307 41.4120602)
30333309,41.4103174,2.1777023,4,,,,,POINT (2.1777023 41.4103174)
30333310,41.4086562,2.1754643,4,,,,,POINT (2.1754643 41.4086562)
30333312,41.4062128,2.1722045,4,,,,,POINT (2.1722045 41.4062128)
30333313,41.4031028,2.1681181,4,,,,,POINT (2.1681181 41.4031028)
30333325,41.3973269,2.1603945,3,,,,,POINT (2.1603945 41.3973269)
30333328,41.3992441,2.1629609,4,,,,,POINT (2.1629609 41.3992441)
30333329,41.4009816,2.1652342,4,,,,,POINT (2.1652342 41.4009816)
30333330,41.4024426,2.1583931,3,,,,,POINT (2.1583931 41.4024426)
30333333,41.401622,2.1593043,3,,,,,POINT (2.1593043 41.401622)
30333334,41.400704,2.1603298,4,,,,,POINT (2.1603298 41.400704)
30333335,41.4003159,2.1608279,3,,,,,POINT (2.1608279 41.4003159)
30333336,41.3998531,2.1614256,3,,,,,POINT (2.1614256 41.3998531)
30333337,41.4006034,2.1630841,3,,,,,POINT (2.1630841 41.4006034)
30333338,41.4002416,2.1626206,4,,,,,POINT (2.1626206 41.4002416)
30333339,41.3998038,2.1620293,4,,,,,POINT (2.1620293 41.3998038)
30333341,41.3989627,2.1607796,4,,,,,POINT (2.1607796 41.3989627)
30333343,41.3981419,2.159493,4,,,,,POINT (2.159493 41.3981419)
30333344,41.3978123,2.1589685,3,,,,,POINT (2.1589685 41.3978123)
30333367,41.4020109,2.154887,3,,,,,POINT (2.154887 41.4020109)
30333369,41.4009797,2.1560895,4,,,,,POINT (2.1560895 41.4009797)
30333370,41.4005409,2.1565702,3,,,,,POINT (2.1565702 41.4005409)
30333391,41.3990853,2.1577062,4,,,,,POINT (2.1577062 41.3990853)
30333392,41.3985949,2.1569669,3,,,,,POINT (2.1569669 41.3985949)
30333441,41.4002909,2.1571912,3,,,,,POINT (2.1571912 41.4002909)
30333442,41.3998831,2.1576543,3,,,,,POINT (2.1576543 41.3998831)
30333443,41.3994054,2.1581929,3,,,,,POINT (2.1581929 41.3994054)
30343257,41.3812636,2.1868632,3,,,,,POINT (2.1868632 41.3812636)
30343259,41.3813639,2.1873053,3,,,,,POINT (2.1873053 41.3813639)
30343260,41.3814049,2.1874861,3,,,,,POINT (2.1874861 41.3814049)
30343261,41.3814407,2.1876437,4,,,,,POINT (2.1876437 41.3814407)
30343262,41.3814824,2.1878277,3,,,,,POINT (2.1878277 41.3814824)
30343263,41.3815208,2.1879972,3,crossing,,,,POINT (2.1879972 41.3815208)
30343264,41.3815598,2.1881687,3,,,,,POINT (2.1881687 41.3815598)
30343265,41.3816001,2.1883465,4,,,,,POINT (2.1883465 41.3816001)
30343269,41.3817571,2.1890316,4,,,,,POINT (2.1890316 41.3817571)
30343275,41.3822843,2.1913329,3,,,,,POINT (2.1913329 41.3822843)
30343282,41.3805812,2.1879877,4,,,,,POINT (2.1879877 41.3805812)
30343283,41.3806211,2.1881686,3,,,,,POINT (2.1881686 41.3806211)
30343284,41.3806586,2.1883533,3,,,,,POINT (2.1883533 41.3806586)
30343285,41.3806957,2.1885156,3,,,,,POINT (2.1885156 41.3806957)
30343290,41.3808894,2.1893752,3,,,,,POINT (2.1893752 41.3808894)
30343293,41.3811325,2.190413,3,,,,,POINT (2.190413 41.3811325)
30343394,41.3800961,2.1896909,3,,,,,POINT (2.1896909 41.3800961)
30343396,41.3805624,2.1917734,3,,,,,POINT (2.1917734 41.3805624)
30343397,41.3806,2.1919384,3,,,,,POINT (2.1919384 41.3806)
30343398,41.3794283,2.1880715,3,,,,,POINT (2.1880715 41.3794283)
30343399,41.3796587,2.1891109,3,,,,,POINT (2.1891109 41.3796587)
30343411,41.3824712,2.1872312,4,,,,,POINT (2.1872312 41.3824712)
30343413,41.3795024,2.188417,4,,,,,POINT (2.188417 41.3795024)
30343414,41.3789942,2.1886198,4,,,,,POINT (2.1886198 41.3789942)
30343415,41.377264,2.1893101,4,,,,,POINT (2.1893101 41.377264)
30343416,41.3765476,2.189596,4,,,,,POINT (2.189596 41.3765476)
30343417,41.3756847,2.1899402,3,,,,,POINT (2.1899402 41.3756847)
30343455,41.3764705,2.1892422,4,,,,,POINT (2.1892422 41.3764705)
30343456,41.3756031,2.1895855,3,,,,,POINT (2.1895855 41.3756031)
30343458,41.3771833,2.1889601,4,,,,,POINT (2.1889601 41.3771833)
30343459,41.3781315,2.1885847,4,,,,,POINT (2.1885847 41.3781315)
30343460,41.3789179,2.1882735,4,,,,,POINT (2.1882735 41.3789179)
30343461,41.3805005,2.1876443,4,,,,,POINT (2.1876443 41.3805005)
30343467,41.3827645,2.1878758,3,,,,,POINT (2.1878758 41.3827645)
30343473,41.3766964,2.1902788,3,,,,,POINT (2.1902788 41.3766964)
30343484,41.377581,2.190685,3,,,,,POINT (2.190685 41.377581)
30343485,41.3785158,2.1903149,4,,,,,POINT (2.1903149 41.3785158)
30343487,41.3835811,2.1896931,3,,,,,POINT (2.1896931 41.3835811)
30343488,41.3825598,2.1900142,4,,,,,POINT (2.1900142 41.3825598)
30343489,41.3795209,2.191038,4,,,,,POINT (2.191038 41.3795209)
30343490,41.3787477,2.1913591,3,,,,,POINT (2.1913591 41.3787477)
30343526,41.3804452,2.1912538,3,,,,,POINT (2.1912538 41.3804452)
30343527,41.3796366,2.1915619,3,,,,,POINT (2.1915619 41.3796366)
30343528,41.3803664,2.1908998,4,,,,,POINT (2.1908998 41.3803664)
30343530,41.3794646,2.1882488,3,,,,,POINT (2.1882488 41.3794646)
30343531,41.3789571,2.1884517,4,,,,,POINT (2.1884517 41.3789571)
30343533,41.3756488,2.1897676,3,,,,,POINT (2.1897676 41.3756488)
30343534,41.3795416,2.188591,3,,,,,POINT (2.188591 41.3795416)
30343548,41.3790329,2.1887956,4,,,,,POINT (2.1887956 41.3790329)
30343569,41.3766188,2.1899346,4,,,,,POINT (2.1899346 41.3766188)
30343570,41.3773453,2.1896556,4,,,,,POINT (2.1896556 41.3773453)
30343571,41.3782852,2.1892782,4,,,,,POINT (2.1892782 41.3782852)
30343572,41.379068,2.1889561,3,,,,,POINT (2.1889561 41.379068)
30343573,41.3796208,2.1889341,3,,,,,POINT (2.1889341 41.3796208)
30343576,41.380169,2.1900236,3,,,,,POINT (2.1900236 41.380169)
30343578,41.3776584,2.1910258,3,,,,,POINT (2.1910258 41.3776584)
30343583,41.3793698,2.1903488,4,,,,,POINT (2.1903488 41.3793698)
30343589,41.3802115,2.1902078,3,,,,,POINT (2.1902078 41.3802115)
30343590,41.3794104,2.1905195,4,,,,,POINT (2.1905195 41.3794104)
30343593,41.3802518,2.1903853,3,,,,,POINT (2.1903853 41.3802518)
30343594,41.378669,2.191005,3,,,,,POINT (2.191005 41.378669)
30343595,41.3794492,2.1906934,4,,,,,POINT (2.1906934 41.3794492)
30343597,41.3802888,2.1905518,3,,,,,POINT (2.1905518 41.3802888)
30343615,41.3794838,2.1908687,4,,,,,POINT (2.1908687 41.3794838)
30343616,41.3804044,2.1910728,3,,,,,POINT (2.1910728 41.3804044)
30343617,41.3795976,2.1913916,3,,,,,POINT (2.1913916 41.3795976)
30343619,41.380487,2.1914244,3,,,,,POINT (2.1914244 41.380487)
30343620,41.380523,2.1915852,3,,,,,POINT (2.1915852 41.380523)
30343621,41.3797083,2.1919108,3,,,,,POINT (2.1919108 41.3797083)
30343623,41.3797503,2.1920841,3,,,,,POINT (2.1920841 41.3797503)
30343642,41.3765848,2.1897665,4,,,,,POINT (2.1897665 41.3765848)
30343643,41.3773038,2.1894829,4,,,,,POINT (2.1894829 41.3773038)
30343644,41.378323,2.189447,4,,,,,POINT (2.189447 41.378323)
30343645,41.3773817,2.1898208,4,,,,,POINT (2.1898208 41.3773817)
30343646,41.3766591,2.1901076,4,,,,,POINT (2.1901076 41.3766591)
30343649,41.378401,2.189798,3,,,,,POINT (2.189798 41.378401)
30343650,41.3767344,2.1904533,3,,,,,POINT (2.1904533 41.3767344)
30343651,41.3774616,2.1901673,4,,,,,POINT (2.1901673 41.3774616)
30343654,41.3784779,2.1901446,3,,,,,POINT (2.1901446 41.3784779)
30343666,41.3775426,2.1905187,4,,,,,POINT (2.1905187 41.3775426)
30343667,41.3770022,2.1907248,1,,,,,POINT (2.1907248 41.3770022)
30343670,41.3776218,2.1908622,3,,,,,POINT (2.1908622 41.3776218)
30343672,41.3786294,2.1908376,4,,,,,POINT (2.1908376 41.3786294)
30553739,41.4060858,2.1595644,4,,,,,POINT (2.1595644 41.4060858)
30553740,41.4054107,2.1602537,4,,,,,POINT (2.1602537 41.4054107)
30553741,41.4047706,2.1608765,4,,,,,POINT (2.1608765 41.4047706)
30553742,41.4042731,2.1613606,3,,,,,POINT (2.1613606 41.4042731)
30553747,41.4098287,2.1566279,4,,,,,POINT (2.1566279 41.4098287)
30553748,41.4091053,2.1573245,4,,,,,POINT (2.1573245 41.4091053)
30553749,41.408338,2.1580866,4,,,,,POINT (2.1580866 41.408338)
30553750,41.4077351,2.1586762,4,,,,,POINT (2.1586762 41.4077351)
30553752,41.4071362,2.159284,3,,,,,POINT (2.159284 41.4071362)
30553753,41.4068898,2.1595365,3,,,,,POINT (2.1595365 41.4068898)
30553756,41.4050564,2.1613354,4,,,,,POINT (2.1613354 41.4050564)
30553757,41.4045606,2.1618365,4,,,,,POINT (2.1618365 41.4045606)
30553758,41.4041165,2.1622613,3,,,,,POINT (2.1622613 41.4041165)
30553971,41.4055286,2.1586664,3,,,,,POINT (2.1586664 41.4055286)
30553972,41.4048913,2.1594385,4,,,,,POINT (2.1594385 41.4048913)
30553973,41.4043061,2.160119,4,,,,,POINT (2.160119 41.4043061)
30553974,41.4038516,2.1606681,4,,,,,POINT (2.1606681 41.4038516)
30553975,41.4034273,2.1611765,4,,,,,POINT (2.1611765 41.4034273)
30553978,41.4024532,2.1623791,3,,,,,POINT (2.1623791 41.4024532)
30553979,41.4020031,2.1629429,3,,,,,POINT (2.1629429 41.4020031)
30554037,41.4003647,2.1598954,4,,,,,POINT (2.1598954 41.4003647)
30554039,41.3995093,2.1609707,3,,,,,POINT (2.1609707 41.3995093)
30554041,41.3991988,2.1605366,3,,,,,POINT (2.1605366 41.3991988)
30554042,41.4000399,2.1616872,3,,,,,POINT (2.1616872 41.4000399)
30554043,41.4004894,2.1623072,3,,,,,POINT (2.1623072 41.4004894)
30554044,41.4007876,2.1627168,3,,,,,POINT (2.1627168 41.4007876)
30554503,41.4001395,2.1595987,3,,,,,POINT (2.1595987 41.4001395)
30554505,41.4011572,2.1609092,3,,,,,POINT (2.1609092 41.4011572)
30554509,41.4017893,2.1617172,4,,,,,POINT (2.1617172 41.4017893)
30554511,41.4023309,2.1625138,4,,,,,POINT (2.1625138 41.4023309)
30554542,41.4007502,2.1614463,3,,,,,POINT (2.1614463 41.4007502)
30554603,41.4026306,2.1559127,4,,,,,POINT (2.1559127 41.4026306)
30554604,41.4020797,2.1565429,3,,,,,POINT (2.1565429 41.4020797)
30554607,41.4011826,2.1575695,3,,,,,POINT (2.1575695 41.4011826)
30554608,41.4007941,2.1579833,4,,,,,POINT (2.1579833 41.4007941)
30554609,41.4004047,2.1584504,4,,,,,POINT (2.1584504 41.4004047)
30554613,41.3979272,2.1611981,3,,,,,POINT (2.1611981 41.3979272)
30554658,41.3995985,2.1572011,3,,,,,POINT (2.1572011 41.3995985)
30554781,41.4005173,2.1523089,4,,,,,POINT (2.1523089 41.4005173)
30554782,41.3999313,2.1529966,3,,,,,POINT (2.1529966 41.3999313)
30554783,41.3994978,2.1535107,3,,,,,POINT (2.1535107 41.3994978)
30554784,41.398604,2.1545561,3,,,,,POINT (2.1545561 41.398604)
30554803,41.3998106,2.15397,3,,,,,POINT (2.15397 41.3998106)
30554804,41.3993041,2.1545733,4,,,,,POINT (2.1545733 41.3993041)
30554807,41.4023677,2.1554775,3,,,,,POINT (2.1554775 41.4023677)
30554808,41.4018205,2.1560777,3,,,,,POINT (2.1560777 41.4018205)
30554811,41.4025372,2.1567368,3,,,,,POINT (2.1567368 41.4025372)
30554812,41.4028651,2.1571589,3,,,,,POINT (2.1571589 41.4028651)
30554813,41.4031868,2.1575857,4,,,,,POINT (2.1575857 41.4031868)
30554840,41.4104558,2.1505161,4,,,,,POINT (2.1505161 41.4104558)
30554843,41.4085646,2.1522508,4,,,,,POINT (2.1522508 41.4085646)
30554844,41.4080058,2.1527681,3,,,,,POINT (2.1527681 41.4080058)
30554845,41.4079603,2.1528072,3,,,,,POINT (2.1528072 41.4079603)
30554846,41.406366,2.1542748,4,,,,,POINT (2.1542748 41.406366)
30554848,41.4054509,2.1551474,4,,,,,POINT (2.1551474 41.4054509)
30554849,41.4048911,2.1557294,4,,,,,POINT (2.1557294 41.4048911)
30554850,41.4044959,2.156156,3,,,,,POINT (2.156156 41.4044959)
30554851,41.4041828,2.1564915,4,,,,,POINT (2.1564915 41.4041828)
30554852,41.4034874,2.1572597,4,,,,,POINT (2.1572597 41.4034874)
30554853,41.4028983,2.1579214,3,,,,,POINT (2.1579214 41.4028983)
30554859,41.4034442,2.1587896,3,crossing,,,,POINT (2.1587896 41.4034442)
30554948,41.4019631,2.1548286,3,,,,,POINT (2.1548286 41.4019631)
30554955,41.403898,2.1560248,3,,,,,POINT (2.1560248 41.403898)
30554956,41.4031899,2.1567985,4,,,,,POINT (2.1567985 41.4031899)
30554968,41.405891,2.1572086,3,,,,,POINT (2.1572086 41.405891)
30554969,41.4057059,2.1574257,3,,,,,POINT (2.1574257 41.4057059)
30554970,41.4054549,2.1577201,3,,,,,POINT (2.1577201 41.4054549)
30554971,41.4051545,2.1580742,4,,,,,POINT (2.1580742 41.4051545)
30554972,41.4045033,2.1588364,4,,,,,POINT (2.1588364 41.4045033)
30554974,41.4039101,2.15953,4,,,,,POINT (2.15953 41.4039101)
30554976,41.4034714,2.1600463,4,,,,,POINT (2.1600463 41.4034714)
30554977,41.4030379,2.1605551,3,,,,,POINT (2.1605551 41.4030379)
30555001,41.4036429,2.164302,4,,,,,POINT (2.164302 41.4036429)
30555002,41.4043643,2.1652752,4,,,,,POINT (2.1652752 41.4043643)
30555003,41.4047828,2.1658339,4,,,,,POINT (2.1658339 41.4047828)
30555005,41.4060669,2.1675222,4,,,,,POINT (2.1675222 41.4060669)
30555006,41.4078969,2.1699549,4,,,,,POINT (2.1699549 41.4078969)
30555007,41.4103634,2.1732395,4,,,,,POINT (2.1732395 41.4103634)
30555009,41.4137357,2.1777178,4,,,,,POINT (2.1777178 41.4137357)
30555012,41.4147001,2.1789902,3,,,,,POINT (2.1789902 41.4147001)
30555016,41.4171138,2.1822125,4,,,,,POINT (2.1822125 41.4171138)
30555019,41.4187878,2.1845084,4,,,,,POINT (2.1845084 41.4187878)
30555404,41.4183869,2.1805071,3,,,,,POINT (2.1805071 41.4183869)
30555405,41.4179289,2.1811152,3,,,,,POINT (2.1811152 41.4179289)
30555407,41.4163007,2.1832732,4,,,,,POINT (2.1832732 41.4163007)
30555408,41.4160361,2.1836238,3,,,,,POINT (2.1836238 41.4160361)
30555502,41.4138001,2.1857047,3,,,,,POINT (2.1857047 41.4138001)
30555503,41.4117466,2.1844272,3,,,,,POINT (2.1844272 41.4117466)
30555687,41.4058692,2.1808831,3,,,,,POINT (2.1808831 41.4058692)
30555744,41.4036849,2.1591721,4,,,,,POINT (2.1591721 41.4036849)
30555745,41.4032355,2.1596603,4,,,,,POINT (2.1596603 41.4032355)
30555746,41.4027843,2.1601503,3,,,,,POINT (2.1601503 41.4027843)
30555972,41.403504,2.1731709,3,,,,,POINT (2.1731709 41.403504)
30555973,41.4045624,2.1745038,3,,,,,POINT (2.1745038 41.4045624)
30555974,41.4052886,2.1755613,4,,,,,POINT (2.1755613 41.4052886)
30555975,41.4069379,2.1777449,4,,,,,POINT (2.1777449 41.4069379)
30555976,41.4085836,2.1800059,4,,,,,POINT (2.1800059 41.4085836)
30555979,41.4120455,2.1846313,4,,,,,POINT (2.1846313 41.4120455)
30555980,41.4130284,2.1852258,4,,,,,POINT (2.1852258 41.4130284)
30555981,41.4113043,2.1839072,3,,,,,POINT (2.1839072 41.4113043)
30556066,41.4113479,2.189631,3,,,,,POINT (2.189631 41.4113479)
30556082,41.4112858,2.1863696,1,,,,,POINT (2.1863696 41.4112858)
30556093,41.4123334,2.1830083,3,,,,,POINT (2.1830083 41.4123334)
30556099,41.4017967,2.1641679,3,,,,,POINT (2.1641679 41.4017967)
30556151,41.415414,2.1824061,3,,,,,POINT (2.1824061 41.415414)
30556152,41.4151859,2.1830863,4,,,,,POINT (2.1830863 41.4151859)
30556159,41.4146126,2.1819829,3,,,,,POINT (2.1819829 41.4146126)
30556161,41.4123187,2.1867875,3,,,,,POINT (2.1867875 41.4123187)
30556269,41.4106639,2.1872503,3,,,,,POINT (2.1872503 41.4106639)
30556337,41.4101095,2.1702608,2,,,,,POINT (2.1702608 41.4101095)
30556408,41.411642,2.165093,3,,,,,POINT (2.165093 41.411642)
30556410,41.4104928,2.1666109,4,,,,,POINT (2.1666109 41.4104928)
30556411,41.4099236,2.167311,4,,,,,POINT (2.167311 41.4099236)
30556413,41.408504,2.1692665,4,,,,,POINT (2.1692665 41.408504)
30556414,41.4070278,2.1710887,4,,,,,POINT (2.1710887 41.4070278)
30556416,41.4018988,2.1778328,4,,,,,POINT (2.1778328 41.4018988)
30556539,41.4008201,2.1626674,3,,,,,POINT (2.1626674 41.4008201)
30556542,41.4019377,2.1639684,3,,,,,POINT (2.1639684 41.4019377)
30556617,41.3962505,2.1515447,3,,,,,POINT (2.1515447 41.3962505)
30556619,41.3974494,2.1536499,3,,,,,POINT (2.1536499 41.3974494)
30556620,41.3977066,2.154109,3,,,,,POINT (2.154109 41.3977066)
30556621,41.397951,2.1545329,4,,,,,POINT (2.1545329 41.397951)
30556625,41.3990697,2.1564002,4,,,,,POINT (2.1564002 41.3990697)
30556631,41.400742,2.1589717,3,,,,,POINT (2.1589717 41.400742)
30556734,41.4073716,2.1512988,3,,,,,POINT (2.1512988 41.4073716)
30556736,41.4056949,2.1532052,3,,,,,POINT (2.1532052 41.4056949)
30556737,41.4054,2.1535519,4,,,,,POINT (2.1535519 41.4054)
30556738,41.4051059,2.1539185,3,,,,,POINT (2.1539185 41.4051059)
30556739,41.4048533,2.154206,3,,,,,POINT (2.154206 41.4048533)
30556740,41.4042996,2.1548118,4,,,,,POINT (2.1548118 41.4042996)
30556741,41.4039189,2.1552172,4,,,,,POINT (2.1552172 41.4039189)
30556742,41.4036116,2.1555555,3,,,,,POINT (2.1555555 41.4036116)
30556744,41.4028948,2.1563422,4,,,,,POINT (2.1563422 41.4028948)
30556746,41.4023237,2.156969,4,,,,,POINT (2.156969 41.4023237)
30556748,41.4018836,2.1574773,4,,,,,POINT (2.1574773 41.4018836)
30556749,41.4014637,2.1580008,3,,,,,POINT (2.1580008 41.4014637)
30556754,41.3982034,2.1615785,3,,,,,POINT (2.1615785 41.3982034)
30556799,41.3978965,2.1565772,3,,,,,POINT (2.1565772 41.3978965)
30556801,41.3974622,2.1571725,4,,,,,POINT (2.1571725 41.3974622)
30556803,41.3964032,2.1584878,3,,,,,POINT (2.1584878 41.3964032)
30556817,41.396775,2.1561047,4,,,,,POINT (2.1561047 41.396775)
30556818,41.3960206,2.1569582,3,,,,,POINT (2.1569582 41.3960206)
30558181,41.3982279,2.1528852,3,,,,,POINT (2.1528852 41.3982279)
30558208,41.4022139,2.1422183,4,,,,,POINT (2.1422183 41.4022139)
30558212,41.4027081,2.1433542,3,,,,,POINT (2.1433542 41.4027081)
30558214,41.4045396,2.1424104,3,,,,,POINT (2.1424104 41.4045396)
30558218,41.4043954,2.1429365,3,,,,,POINT (2.1429365 41.4043954)
30558219,41.4049485,2.1448449,4,,,,,POINT (2.1448449 41.4049485)
30558221,41.4037536,2.1434141,3,,,,,POINT (2.1434141 41.4037536)
30558240,41.3999516,2.1360685,4,,,,,POINT (2.1360685 41.3999516)
30558241,41.3999575,2.1373899,4,,,,,POINT (2.1373899 41.3999575)
30558243,41.4001068,2.1387289,4,,,,,POINT (2.1387289 41.4001068)
30558244,41.4008831,2.1405146,4,,,,,POINT (2.1405146 41.4008831)
30558246,41.4016883,2.1425419,4,,,,,POINT (2.1425419 41.4016883)
30558251,41.4023973,2.1440398,4,,,,,POINT (2.1440398 41.4023973)
30558252,41.4029902,2.1445313,3,,,,,POINT (2.1445313 41.4029902)
30558253,41.4033454,2.1448223,3,,,,,POINT (2.1448223 41.4033454)
30558254,41.4035495,2.1449884,3,,,,,POINT (2.1449884 41.4035495)
30558255,41.4038792,2.1452622,4,,,,,POINT (2.1452622 41.4038792)
30558256,41.4043219,2.1457768,3,,,,,POINT (2.1457768 41.4043219)
30558257,41.404441,2.145594,3,,,,,POINT (2.145594 41.404441)
30558258,41.4049409,2.1464282,4,,,,,POINT (2.1464282 41.4049409)
30558261,41.4053605,2.1473043,3,,,,,POINT (2.1473043 41.4053605)
30558292,41.4056003,2.1455922,5,,,,,POINT (2.1455922 41.4056003)
30558293,41.4042774,2.1474139,4,,,,,POINT (2.1474139 41.4042774)
30558390,41.4040474,2.1492951,3,,,,,POINT (2.1492951 41.4040474)
30558391,41.4033332,2.1499205,3,,,,,POINT (2.1499205 41.4033332)
30558393,41.3983613,2.1438959,4,,,,,POINT (2.1438959 41.3983613)
30558394,41.3988246,2.1445262,4,,,,,POINT (2.1445262 41.3988246)
30558395,41.3994388,2.1453839,3,,,,,POINT (2.1453839 41.3994388)
30558414,41.3965326,2.1429049,4,,,,,POINT (2.1429049 41.3965326)
30558429,41.3920125,2.142787,3,,,,,POINT (2.142787 41.3920125)
30558433,41.3906964,2.1423209,4,,,,,POINT (2.1423209 41.3906964)
30558435,41.3894155,2.1419942,3,,,,,POINT (2.1419942 41.3894155)
30558439,41.3884221,2.1417161,3,,,,,POINT (2.1417161 41.3884221)
30558444,41.4023228,2.1466205,3,,,,,POINT (2.1466205 41.4023228)
30558445,41.4025817,2.1469269,4,,,,,POINT (2.1469269 41.4025817)
30558446,41.4031188,2.1475631,4,,,,,POINT (2.1475631 41.4031188)
30558447,41.4041854,2.1488279,3,,,,,POINT (2.1488279 41.4041854)
30558449,41.4095531,2.1709243,3,,,,,POINT (2.1709243 41.4095531)
30558451,41.4101974,2.1887395,3,,,,,POINT (2.1887395 41.4101974)
30558452,41.4027715,2.1654421,4,,,,,POINT (2.1654421 41.4027715)
30558453,41.4030988,2.1658597,4,,,,,POINT (2.1658597 41.4030988)
30558454,41.4039474,2.1669651,4,,,,,POINT (2.1669651 41.4039474)
30558456,41.4129181,2.1787661,4,,,,,POINT (2.1787661 41.4129181)
30558458,41.4138252,2.1798745,4,,,,,POINT (2.1798745 41.4138252)
30558459,41.4145473,2.1808468,4,,,,,POINT (2.1808468 41.4145473)
30558461,41.4154948,2.1821571,3,,,,,POINT (2.1821571 41.4154948)
30558462,41.4158258,2.1825985,3,,,,,POINT (2.1825985 41.4158258)
30558464,41.4171353,2.1844293,4,,,,,POINT (2.1844293 41.4171353)
30558465,41.4181089,2.1853949,3,,,,,POINT (2.1853949 41.4181089)
30558475,41.3895788,2.1398141,3,,,,,POINT (2.1398141 41.3895788)
30558476,41.3890419,2.1406717,3,,,,,POINT (2.1406717 41.3890419)
30558477,41.3881368,2.1421831,3,,,,,POINT (2.1421831 41.3881368)
30558511,41.3882137,2.1396927,4,,,,,POINT (2.1396927 41.3882137)
30558512,41.3872954,2.1386493,4,traffic_signals,,,,POINT (2.1386493 41.3872954)
30558545,41.3785254,2.1296237,3,,,,,POINT (2.1296237 41.3785254)
30558546,41.3794222,2.1320253,3,,,,,POINT (2.1320253 41.3794222)
30558547,41.3797373,2.1328876,4,,,,,POINT (2.1328876 41.3797373)
30558551,41.381236,2.1368333,4,,,,,POINT (2.1368333 41.381236)
30558555,41.3779417,2.1298226,3,,,,,POINT (2.1298226 41.3779417)
30558556,41.3788287,2.1322,3,,,,,POINT (2.1322 41.3788287)
30558557,41.3769983,2.1301864,4,,,,,POINT (2.1301864 41.3769983)
30558558,41.3773691,2.1318216,4,,,,,POINT (2.1318216 41.3773691)
30558559,41.3777028,2.1332388,4,,,,,POINT (2.1332388 41.3777028)
30558560,41.3778272,2.1337396,4,,,,,POINT (2.1337396 41.3778272)
30558562,41.3779335,2.1341952,4,,,,,POINT (2.1341952 41.3779335)
30558567,41.3759482,2.1305817,3,,,,,POINT (2.1305817 41.3759482)
30558573,41.3755366,2.1291751,4,,,,,POINT (2.1291751 41.3755366)
30558576,41.3736155,2.1303199,3,,,,,POINT (2.1303199 41.3736155)
30558578,41.3725879,2.1311051,4,,,,,POINT (2.1311051 41.3725879)
30617336,41.4146736,2.1569266,3,,,,,POINT (2.1569266 41.4146736)
30617337,41.4142512,2.157452,3,,,,,POINT (2.157452 41.4142512)
30617347,41.4123339,2.1591886,3,,,,,POINT (2.1591886 41.4123339)
30617355,41.4109244,2.1570199,3,,,,,POINT (2.1570199 41.4109244)
30617356,41.4103015,2.1575154,4,,,,,POINT (2.1575154 41.4103015)
30617357,41.4084357,2.1589367,3,,,,,POINT (2.1589367 41.4084357)
30617381,41.405151,2.1546895,4,,,,,POINT (2.1546895 41.405151)
30617384,41.4060212,2.1560015,4,,,,,POINT (2.1560015 41.4060212)
30617385,41.4063422,2.1564951,4,,,,,POINT (2.1564951 41.4063422)
30617389,41.4091313,2.159576,4,,,,,POINT (2.159576 41.4091313)
30617390,41.41038,2.1620203,3,,,,,POINT (2.1620203 41.41038)
30617409,41.4096274,2.1590879,4,,,,,POINT (2.1590879 41.4096274)
30617411,41.4080842,2.1583405,3,,,,,POINT (2.1583405 41.4080842)
30617419,41.399193,2.1512328,4,,,,,POINT (2.1512328 41.399193)
30617420,41.4089124,2.1597675,3,,,,,POINT (2.1597675 41.4089124)
30617540,41.4047697,2.1383676,3,,,,,POINT (2.1383676 41.4047697)
30617541,41.4029193,2.1367576,4,,,,,POINT (2.1367576 41.4029193)
30617542,41.4024661,2.1363564,4,,,,,POINT (2.1363564 41.4024661)
30617551,41.4029865,2.135736,4,,,,,POINT (2.135736 41.4029865)
30617552,41.4034576,2.136169,4,,,,,POINT (2.136169 41.4034576)
30617554,41.4051315,2.1376555,3,,,,,POINT (2.1376555 41.4051315)
30617577,41.4045456,2.1349583,4,,,,,POINT (2.1349583 41.4045456)
30617578,41.4023505,2.1373781,3,,,,,POINT (2.1373781 41.4023505)
30617580,41.4011085,2.1387902,4,,,,,POINT (2.1387902 41.4011085)
30617583,41.400655,2.136046,3,,,,,POINT (2.136046 41.400655)
30617584,41.399269,2.1360636,4,,,,,POINT (2.1360636 41.399269)
30617585,41.3985783,2.1360742,4,,,,,POINT (2.1360742 41.3985783)
30617598,41.4041384,2.1344754,4,,,,,POINT (2.1344754 41.4041384)
30617599,41.405795,2.1364056,3,,,,,POINT (2.1364056 41.405795)
30617602,41.4140506,2.1447197,3,,,,,POINT (2.1447197 41.4140506)
30617606,41.4151666,2.1465774,3,,,,,POINT (2.1465774 41.4151666)
30617607,41.4154205,2.1470252,3,,,,,POINT (2.1470252 41.4154205)
30617608,41.4159215,2.1478119,3,,,,,POINT (2.1478119 41.4159215)
30617611,41.416888,2.1483089,3,,,,,POINT (2.1483089 41.416888)
30617612,41.4167656,2.1486972,3,,,,,POINT (2.1486972 41.4167656)
30617617,41.4180164,2.1484664,4,,,,,POINT (2.1484664 41.4180164)
30617622,41.4196555,2.1498525,3,,,,,POINT (2.1498525 41.4196555)
30617626,41.4194618,2.151408,3,,,,,POINT (2.151408 41.4194618)
30617631,41.4241996,2.1505984,3,,,,,POINT (2.1505984 41.4241996)
30617632,41.4240284,2.1512198,4,,,,,POINT (2.1512198 41.4240284)
30617633,41.4239155,2.1515658,3,,,,,POINT (2.1515658 41.4239155)
30617636,41.4231856,2.1524251,4,,,,,POINT (2.1524251 41.4231856)
30617695,41.4291741,2.1592382,3,,,,,POINT (2.1592382 41.4291741)
30617697,41.4281689,2.1595125,3,,,,,POINT (2.1595125 41.4281689)
30617700,41.4328651,2.1618012,3,,,,,POINT (2.1618012 41.4328651)
30617701,41.4313118,2.1609766,3,,,,,POINT (2.1609766 41.4313118)
30617712,41.4322559,2.1592031,3,,,,,POINT (2.1592031 41.4322559)
30617717,41.4314375,2.1629461,3,,,,,POINT (2.1629461 41.4314375)
30617733,41.4358683,2.1643323,1,,,,,POINT (2.1643323 41.4358683)
30617734,41.4356982,2.1650348,3,,,,,POINT (2.1650348 41.4356982)
30617737,41.4352917,2.1668005,4,,,,,POINT (2.1668005 41.4352917)
30617738,41.435159,2.1672669,4,,,,,POINT (2.1672669 41.435159)
30617760,41.4350005,2.1679154,3,,,,,POINT (2.1679154 41.4350005)
30617761,41.4358481,2.1658981,3,,,,,POINT (2.1658981 41.4358481)
30617762,41.4355224,2.1657607,4,,,,,POINT (2.1657607 41.4355224)
30617765,41.4347683,2.1654481,3,,,,,POINT (2.1654481 41.4347683)
30617766,41.4345348,2.1653511,3,,,,,POINT (2.1653511 41.4345348)
30617785,41.4259971,2.1529223,3,,,,,POINT (2.1529223 41.4259971)
30617786,41.4267447,2.1538887,3,,,,,POINT (2.1538887 41.4267447)
30617787,41.4272707,2.1546141,4,,,,,POINT (2.1546141 41.4272707)
30617789,41.4277757,2.1562552,3,,,,,POINT (2.1562552 41.4277757)
30617794,41.4244006,2.1546824,3,,,,,POINT (2.1546824 41.4244006)
30617795,41.4246908,2.1554182,4,,,,,POINT (2.1554182 41.4246908)
30617796,41.4250079,2.156062,3,,,,,POINT (2.156062 41.4250079)
30617800,41.4377301,2.1741074,3,,,,,POINT (2.1741074 41.4377301)
30617801,41.4372581,2.1753899,3,,,,,POINT (2.1753899 41.4372581)
30617804,41.4393055,2.1589706,3,,,,,POINT (2.1589706 41.4393055)
30617805,41.4386936,2.1595912,4,,,,,POINT (2.1595912 41.4386936)
30617807,41.4373462,2.1619119,4,,,,,POINT (2.1619119 41.4373462)
30617811,41.4355797,2.1669373,3,,,,,POINT (2.1669373 41.4355797)
30617812,41.4354507,2.1673978,3,,,,,POINT (2.1673978 41.4354507)
30617813,41.4352812,2.1680487,3,,,,,POINT (2.1680487 41.4352812)
30617814,41.435098,2.1687521,3,,,,,POINT (2.1687521 41.435098)
30617833,41.4362704,2.1727444,3,,,,,POINT (2.1727444 41.4362704)
30617835,41.4371332,2.1735642,3,,,,,POINT (2.1735642 41.4371332)
30617836,41.4372605,2.1736917,3,,,,,POINT (2.1736917 41.4372605)
30617900,41.4352186,2.1760768,3,,,,,POINT (2.1760768 41.4352186)
30617904,41.4314945,2.1764271,3,,,,,POINT (2.1764271 41.4314945)
30617907,41.4295248,2.1763499,1,,,,,POINT (2.1763499 41.4295248)
30617909,41.4311536,2.1743831,3,,,,,POINT (2.1743831 41.4311536)
30617918,41.4314321,2.1808311,4,,,,,POINT (2.1808311 41.4314321)
30617932,41.4294252,2.1817394,3,,,,,POINT (2.1817394 41.4294252)
30617933,41.4286632,2.1817156,4,,,,,POINT (2.1817156 41.4286632)
30617934,41.4277436,2.1816873,3,,,,,POINT (2.1816873 41.4277436)
30618051,41.4377801,2.175793,4,,,,,POINT (2.175793 41.4377801)
30618052,41.4373987,2.1766166,3,,,,,POINT (2.1766166 41.4373987)
30618053,41.4340551,2.1728753,3,crossing,,,,POINT (2.1728753 41.4340551)
30618054,41.4346339,2.1733231,4,,,,,POINT (2.1733231 41.4346339)
30618055,41.4351238,2.1737076,3,,,,,POINT (2.1737076 41.4351238)
30618056,41.4356393,2.1741126,4,,,,,POINT (2.1741126 41.4356393)
30618057,41.4361731,2.1745411,3,,,,,POINT (2.1745411 41.4361731)
30618058,41.4367208,2.1749584,3,,,,,POINT (2.1749584 41.4367208)
30618062,41.4290573,2.188924,3,,,,,POINT (2.188924 41.4290573)
30618063,41.4291332,2.1895443,3,,,,,POINT (2.1895443 41.4291332)
30618070,41.4322327,2.1887304,4,,,,,POINT (2.1887304 41.4322327)
30618071,41.4318499,2.1887661,4,,,,,POINT (2.1887661 41.4318499)
30618073,41.4314999,2.1887857,3,,,,,POINT (2.1887857 41.4314999)
30618075,41.4287715,2.1897345,4,,,,,POINT (2.1897345 41.4287715)
30618076,41.4277553,2.1902185,3,,,,,POINT (2.1902185 41.4277553)
30618077,41.4286096,2.1876092,3,,,,,POINT (2.1876092 41.4286096)
30618078,41.4286218,2.1883735,3,,,,,POINT (2.1883735 41.4286218)
30618089,41.4287,2.1890676,3,,,,,POINT (2.1890676 41.4287)
30618092,41.4288399,2.1903566,4,,,,,POINT (2.1903566 41.4288399)
30618094,41.4303345,2.1928286,3,,,,,POINT (2.1928286 41.4303345)
30618095,41.4304591,2.1937215,4,,,,,POINT (2.1937215 41.4304591)
30618096,41.4306901,2.1949477,3,,,,,POINT (2.1949477 41.4306901)
30618097,41.4375153,2.1950631,3,,,,,POINT (2.1950631 41.4375153)
30618100,41.4371432,2.1964988,3,,,,,POINT (2.1964988 41.4371432)
30618112,41.4390481,2.2003551,4,,,,,POINT (2.2003551 41.4390481)
30618113,41.4387792,2.1997258,3,,,,,POINT (2.1997258 41.4387792)
30625851,41.3732153,2.1441507,3,,,,,POINT (2.1441507 41.3732153)
30625895,41.375285,2.1415127,3,,,,,POINT (2.1415127 41.375285)
30625896,41.3745673,2.1414981,4,,,,,POINT (2.1414981 41.3745673)
30625897,41.3738043,2.1414724,4,,,,,POINT (2.1414724 41.3738043)
30625899,41.3730193,2.1414531,3,,,,,POINT (2.1414531 41.3730193)
30625911,41.3745336,2.1380367,4,,,,,POINT (2.1380367 41.3745336)
30646179,41.3802856,2.1781568,3,,,,,POINT (2.1781568 41.3802856)
30646198,41.3820383,2.1789877,3,,,,,POINT (2.1789877 41.3820383)
30646806,41.3784944,2.1781285,3,,,,,POINT (2.1781285 41.3784944)
30647222,41.3812709,2.1764174,3,,,,,POINT (2.1764174 41.3812709)
30647257,41.3820639,2.181221,3,,,,,POINT (2.181221 41.3820639)
30647463,41.3905049,2.1784705,3,,,,,POINT (2.1784705 41.3905049)
30647878,41.3793161,2.1668313,1,,,,,POINT (2.1668313 41.3793161)
30647904,41.3782455,2.1682461,4,,,,,POINT (2.1682461 41.3782455)
30647906,41.3775009,2.1692897,3,,,,,POINT (2.1692897 41.3775009)
30647907,41.3770538,2.1699413,3,,,,,POINT (2.1699413 41.3770538)
30647925,41.3751882,2.1728978,3,,,,,POINT (2.1728978 41.3751882)
30685337,41.3853008,2.1543898,3,,,,,POINT (2.1543898 41.3853008)
30685338,41.3821292,2.1585938,4,,,,,POINT (2.1585938 41.3821292)
30685340,41.385645,2.153948,4,,,,,POINT (2.153948 41.385645)
30685341,41.3907404,2.1471262,4,,,,,POINT (2.1471262 41.3907404)
30686171,41.3711478,2.1373343,3,,,,,POINT (2.1373343 41.3711478)
30686179,41.3745246,2.1352629,3,,,,,POINT (2.1352629 41.3745246)
30686192,41.3738704,2.1364099,3,,,,,POINT (2.1364099 41.3738704)
30686200,41.3713503,2.1361193,4,,,,,POINT (2.1361193 41.3713503)
30686201,41.3716744,2.1371114,4,,,,,POINT (2.1371114 41.3716744)
30686209,41.3748486,2.1399779,4,,,,,POINT (2.1399779 41.3748486)
30686210,41.3742397,2.1401312,4,,,,,POINT (2.1401312 41.3742397)
30686211,41.3732072,2.1404113,3,,,,,POINT (2.1404113 41.3732072)
30686214,41.3721115,2.1414061,3,,,,,POINT (2.1414061 41.3721115)
30686337,41.3699982,2.1378097,3,,,,,POINT (2.1378097 41.3699982)
30686338,41.3707646,2.1393316,3,,,,,POINT (2.1393316 41.3707646)
30686342,41.3717545,2.1408524,3,,,,,POINT (2.1408524 41.3717545)
30686353,41.3752131,2.1451293,3,,,,,POINT (2.1451293 41.3752131)
30686354,41.3744919,2.1454456,3,,,,,POINT (2.1454456 41.3744919)
30686355,41.3740958,2.1456194,4,,,,,POINT (2.1456194 41.3740958)
30686356,41.3736379,2.1458202,4,,,,,POINT (2.1458202 41.3736379)
30686357,41.3726831,2.1462316,4,,,,,POINT (2.1462316 41.3726831)
30688819,41.415786,2.1600762,3,,,,,POINT (2.1600762 41.415786)
30688824,41.4166879,2.1628535,5,,,,,POINT (2.1628535 41.4166879)
30688829,41.4172801,2.1627924,3,,,,,POINT (2.1627924 41.4172801)
30688836,41.4162713,2.1642531,3,,,,,POINT (2.1642531 41.4162713)
30688837,41.4171462,2.162438,3,,,,,POINT (2.162438 41.4171462)
30688839,41.4153733,2.164513,3,,,,,POINT (2.164513 41.4153733)
30688879,41.4135782,2.1612419,3,,,,,POINT (2.1612419 41.4135782)
30688880,41.4137347,2.1614628,3,,,,,POINT (2.1614628 41.4137347)
30688883,41.4143103,2.1629271,4,,,,,POINT (2.1629271 41.4143103)
30688888,41.4146462,2.1642613,4,traffic_signals,,,,POINT (2.1642613 41.4146462)
30688904,41.4155207,2.1633361,5,,,,,POINT (2.1633361 41.4155207)
30688906,41.4141156,2.1647989,3,,,,,POINT (2.1647989 41.4141156)
30689037,41.4140961,2.1611635,3,,,,,POINT (2.1611635 41.4140961)
30689040,41.41497,2.1625113,3,,,,,POINT (2.1625113 41.41497)
30689042,41.4149307,2.1609387,3,,,,,POINT (2.1609387 41.4149307)
30689056,41.4177074,2.1695648,4,,,,,POINT (2.1695648 41.4177074)
30689057,41.4170436,2.169118,1,,,,,POINT (2.169118 41.4170436)
30689058,41.4220311,2.1702201,3,,,,,POINT (2.1702201 41.4220311)
30689094,41.4295057,2.1720106,3,crossing,,,,POINT (2.1720106 41.4295057)
30689095,41.4287704,2.1720983,4,,,,,POINT (2.1720983 41.4287704)
30689096,41.4278096,2.1722081,4,,,,,POINT (2.1722081 41.4278096)
30689098,41.4265172,2.172363,4,,,yes,,POINT (2.172363 41.4265172)
30689100,41.4257616,2.1724462,4,,,,,POINT (2.1724462 41.4257616)
30689101,41.4244011,2.1725961,3,,,,,POINT (2.1725961 41.4244011)
30689104,41.4218954,2.172896,3,,,,,POINT (2.172896 41.4218954)
30689117,41.4200351,2.175119,4,,,,,POINT (2.175119 41.4200351)
30689118,41.4207132,2.1762524,4,,,,,POINT (2.1762524 41.4207132)
30689119,41.4211813,2.1770576,3,,,,,POINT (2.1770576 41.4211813)
30689120,41.4213717,2.1773701,3,,,,,POINT (2.1773701 41.4213717)
30689122,41.426424,2.1870872,3,,,,,POINT (2.1870872 41.426424)
30689129,41.4254714,2.1917009,3,,,,,POINT (2.1917009 41.4254714)
30689130,41.4300535,2.1885786,3,,,,,POINT (2.1885786 41.4300535)
30689140,41.4228305,2.1773617,4,,,,,POINT (2.1773617 41.4228305)
30689170,41.4351715,2.2015798,3,,,,,POINT (2.2015798 41.4351715)
30689173,41.4354137,2.2049773,3,,,,,POINT (2.2049773 41.4354137)
30689175,41.4355125,2.2070931,4,,,,,POINT (2.2070931 41.4355125)
30689179,41.4222668,2.178765,3,,,,,POINT (2.178765 41.4222668)
30689242,41.4242665,2.1737578,4,,,,,POINT (2.1737578 41.4242665)
30689243,41.42355,2.1755276,4,,,,,POINT (2.1755276 41.42355)
30689244,41.4233257,2.1761319,4,,,,,POINT (2.1761319 41.4233257)
30689253,41.4386645,2.2063677,3,,,,,POINT (2.2063677 41.4386645)
30689276,41.4364057,2.2068887,4,,,,,POINT (2.2068887 41.4364057)
30689520,41.3990589,2.188164,4,,,,,POINT (2.188164 41.3990589)
30689522,41.3973815,2.1904297,4,,,,,POINT (2.1904297 41.3973815)
30689524,41.3960668,2.1922198,4,,,,,POINT (2.1922198 41.3960668)
30689525,41.3956734,2.1927486,4,,,,,POINT (2.1927486 41.3956734)
30689530,41.3918161,2.1978894,4,,,,,POINT (2.1978894 41.3918161)
30689531,41.3906478,2.199494,4,,,,,POINT (2.199494 41.3906478)
30689532,41.4035966,2.1889136,4,,,,,POINT (2.1889136 41.4035966)
30689533,41.4024344,2.190436,4,,,,,POINT (2.190436 41.4024344)
30689536,41.3998756,2.1938081,3,,,,,POINT (2.1938081 41.3998756)
30689544,41.3991682,2.1947456,4,,,,,POINT (2.1947456 41.3991682)
30689549,41.3945858,2.2007621,4,,,,,POINT (2.2007621 41.3945858)
30689550,41.39446,2.2009207,4,,,,,POINT (2.2009207 41.39446)
30689551,41.3937435,2.2018317,3,,,,,POINT (2.2018317 41.3937435)
30689552,41.3930685,2.2027302,4,,,,,POINT (2.2027302 41.3930685)
30884265,41.384839,2.1680497,1,,,,,POINT (2.1680497 41.384839)
30884299,41.3800006,2.1667052,3,,,,,POINT (2.1667052 41.3800006)
30884329,41.3804191,2.1673,4,,,,,POINT (2.1673 41.3804191)
30884331,41.381335,2.1685765,3,,,,,POINT (2.1685765 41.381335)
30884341,41.3805704,2.1674899,3,,,,,POINT (2.1674899 41.3805704)
30884353,41.37858,2.1715206,1,,,,,POINT (2.1715206 41.37858)
30884358,41.3760727,2.190152,1,,,,,POINT (2.190152 41.3760727)
30884371,41.3796703,2.1917326,3,,,,,POINT (2.1917326 41.3796703)
30884377,41.3792234,2.18966,3,,,,,POINT (2.18966 41.3792234)
30884408,41.3849309,2.1792091,1,,,,,POINT (2.1792091 41.3849309)
30914307,41.3766473,2.1425288,4,,,,,POINT (2.1425288 41.3766473)
30914308,41.3769875,2.1432256,3,,,,,POINT (2.1432256 41.3769875)
30914312,41.3755589,2.1436747,3,,,,,POINT (2.1436747 41.3755589)
30914370,41.3752511,2.1432086,3,,,,,POINT (2.1432086 41.3752511)
30914373,41.3766003,2.1459304,4,,,,,POINT (2.1459304 41.3766003)
30914390,41.375884,2.1462371,3,,,,,POINT (2.1462371 41.375884)
30914404,41.3792063,2.143207,3,,,,,POINT (2.143207 41.3792063)
30914405,41.3783996,2.1440739,4,,,,,POINT (2.1440739 41.3783996)
30914408,41.3770531,2.1441264,3,give_way,,,,POINT (2.1441264 41.3770531)
30914417,41.3779168,2.14322,3,,,,,POINT (2.14322 41.3779168)
30914422,41.3772879,2.1438545,3,,,,,POINT (2.1438545 41.3772879)
30914440,41.3752765,2.1419743,3,,,,,POINT (2.1419743 41.3752765)
30914460,41.3722159,2.1599642,3,,,,,POINT (2.1599642 41.3722159)
30914511,41.3759261,2.1739594,3,,,,,POINT (2.1739594 41.3759261)
30960622,41.412783,2.153404,3,,,,,POINT (2.153404 41.412783)
30960624,41.4117585,2.1547004,3,,,,,POINT (2.1547004 41.4117585)
30960627,41.410466,2.1563207,4,,,,,POINT (2.1563207 41.410466)
30960628,41.4124139,2.1524209,3,,,,,POINT (2.1524209 41.4124139)
30960629,41.4130742,2.1541922,1,,,,,POINT (2.1541922 41.4130742)
30960632,41.4130026,2.1561711,4,,,,,POINT (2.1561711 41.4130026)
30960642,41.4096021,2.1550215,4,,,,,POINT (2.1550215 41.4096021)
30960653,41.4136116,2.1468408,4,,,,,POINT (2.1468408 41.4136116)
30960664,41.4114348,2.147158,4,,,,,POINT (2.147158 41.4114348)
30960665,41.4105701,2.1480143,3,,,,,POINT (2.1480143 41.4105701)
30960666,41.4102941,2.1482841,3,,,,,POINT (2.1482841 41.4102941)
30960667,41.4096071,2.1489809,3,,,,,POINT (2.1489809 41.4096071)
30960669,41.4078962,2.1507279,4,,,,,POINT (2.1507279 41.4078962)
30960764,41.4108485,2.1492852,3,,,,,POINT (2.1492852 41.4108485)
30960786,41.4093878,2.1457083,4,,,,,POINT (2.1457083 41.4093878)
30960808,41.4086112,2.1442146,3,,,,,POINT (2.1442146 41.4086112)
30960810,41.4074302,2.1457971,4,,,,,POINT (2.1457971 41.4074302)
30960812,41.4066294,2.1468123,4,,,,,POINT (2.1468123 41.4066294)
30960813,41.4058835,2.1478089,4,,,,,POINT (2.1478089 41.4058835)
30960818,41.4066498,2.145617,3,,,,,POINT (2.145617 41.4066498)
30960819,41.4071428,2.146163,4,,,,,POINT (2.146163 41.4071428)
30960820,41.4075707,2.1466764,3,,,,,POINT (2.1466764 41.4075707)
30960821,41.4082311,2.1474757,4,,,,,POINT (2.1474757 41.4082311)
30960828,41.4069847,2.1559025,3,,,,,POINT (2.1559025 41.4069847)
30960832,41.4057607,2.1570076,3,,,,,POINT (2.1570076 41.4057607)
30960850,41.4068527,2.155214,3,,,,,POINT (2.155214 41.4068527)
30960851,41.4067095,2.1553619,3,,,,,POINT (2.1553619 41.4067095)
30960866,41.4050026,2.1510742,3,,,,,POINT (2.1510742 41.4050026)
30960867,41.4054159,2.1519549,4,,,,,POINT (2.1519549 41.4054159)
30960868,41.405888,2.1529752,3,,,,,POINT (2.1529752 41.405888)
31285267,41.3941681,2.1366251,3,,,,,POINT (2.1366251 41.3941681)
31285281,41.3961071,2.1338863,3,,,,,POINT (2.1338863 41.3961071)
31285282,41.3965196,2.1348133,4,,,,,POINT (2.1348133 41.3965196)
31285283,41.3969935,2.1359758,4,traffic_signals,,,,POINT (2.1359758 41.3969935)
31285424,41.4039461,2.1306119,4,traffic_signals,,,,POINT (2.1306119 41.4039461)
31285427,41.4028454,2.1314597,4,traffic_signals,,,,POINT (2.1314597 41.4028454)
31285428,41.4023435,2.1318493,3,,,,,POINT (2.1318493 41.4023435)
31285430,41.4015732,2.1324434,3,,,,,POINT (2.1324434 41.4015732)
31285431,41.4009234,2.1329405,4,traffic_signals,,,,POINT (2.1329405 41.4009234)
31285432,41.4004219,2.1333258,4,traffic_signals,,,,POINT (2.1333258 41.4004219)
31285435,41.3963405,2.1364881,4,traffic_signals,,,,POINT (2.1364881 41.3963405)
31285555,41.4082371,2.1343558,3,,,,,POINT (2.1343558 41.4082371)
31285558,41.407313,2.1358614,3,,,,,POINT (2.1358614 41.407313)
31285672,41.4085116,2.1601483,4,,,,,POINT (2.1601483 41.4085116)
31285673,41.4081199,2.1605206,4,,,,,POINT (2.1605206 41.4081199)
31285674,41.4077654,2.1608575,3,,,,,POINT (2.1608575 41.4077654)
31285675,41.4072222,2.1613737,4,,,,,POINT (2.1613737 41.4072222)
31286185,41.4179709,2.1687828,3,,,,,POINT (2.1687828 41.4179709)
31286193,41.4166975,2.1686881,1,turning_circle,,,,POINT (2.1686881 41.4166975)
31286309,41.4244842,2.1769901,3,,,yes,,POINT (2.1769901 41.4244842)
31286310,41.4240627,2.176659,4,,,,,POINT (2.176659 41.4240627)
31286311,41.4218395,2.1750977,4,,,,,POINT (2.1750977 41.4218395)
31286313,41.4208068,2.1743722,4,,,,,POINT (2.1743722 41.4208068)
31286314,41.4181884,2.1725392,4,,,,,POINT (2.1725392 41.4181884)
31286315,41.4176023,2.1721609,3,,,,,POINT (2.1721609 41.4176023)
31286316,41.416968,2.171746,1,,,,,POINT (2.171746 41.416968)
31286333,41.4194421,2.1778347,3,,,,,POINT (2.1778347 41.4194421)
31286334,41.4199359,2.1785442,3,,,,,POINT (2.1785442 41.4199359)
31286335,41.4206165,2.1794688,3,,,,,POINT (2.1794688 41.4206165)
31286344,41.422148,2.1791372,3,,,,,POINT (2.1791372 41.422148)
33098957,41.3921866,2.1648746,4,,,,,POINT (2.1648746 41.3921866)
33098963,41.394157,2.1675031,4,,,,,POINT (2.1675031 41.394157)
33098964,41.3983971,2.1731626,4,,,,,POINT (2.1731626 41.3983971)
33098965,41.4078072,2.1857511,3,,,,,POINT (2.1857511 41.4078072)
35120240,41.3758523,2.114055,3,,,,,POINT (2.114055 41.3758523)
35120242,41.3762152,2.1138518,3,,,,,POINT (2.1138518 41.3762152)
35120251,41.3773397,2.1149649,4,,,,,POINT (2.1149649 41.3773397)
35120255,41.3779953,2.116267,4,,,,,POINT (2.116267 41.3779953)
35120259,41.3786709,2.1176075,4,,,,,POINT (2.1176075 41.3786709)
35120262,41.3789415,2.1184095,3,,,,,POINT (2.1184095 41.3789415)
36756096,41.3478238,2.1429078,3,,,,,POINT (2.1429078 41.3478238)
36756165,41.3663027,2.1719412,3,motorway_junction,21,,,POINT (2.1719412 41.3663027)
50099103,41.4158355,2.1804924,4,,,,,POINT (2.1804924 41.4158355)
50101968,41.4426363,2.1754397,4,,,,,POINT (2.1754397 41.4426363)
59749808,41.3791298,2.1232215,3,,,,,POINT (2.1232215 41.3791298)
59749809,41.3761683,2.1252057,3,,,,,POINT (2.1252057 41.3761683)
59749810,41.3756072,2.125233,3,,,,,POINT (2.125233 41.3756072)
59850112,41.3841783,2.1308452,4,,,,,POINT (2.1308452 41.3841783)
59850116,41.3871622,2.1357213,3,,,,,POINT (2.1357213 41.3871622)
59850118,41.3882916,2.137693,4,,,,,POINT (2.137693 41.3882916)
59850119,41.3890408,2.1389045,4,,,,,POINT (2.1389045 41.3890408)
59850120,41.3903393,2.1411329,3,,,,,POINT (2.1411329 41.3903393)
60200335,41.3672409,2.1318853,3,,,,,POINT (2.1318853 41.3672409)
60591106,41.3751976,2.1274651,3,,,,,POINT (2.1274651 41.3751976)
60591112,41.3755758,2.1272217,4,,,,,POINT (2.1272217 41.3755758)
60591464,41.3780977,2.123918,3,,,,,POINT (2.123918 41.3780977)
60591465,41.3793755,2.1257607,3,,,,,POINT (2.1257607 41.3793755)
60591483,41.3787439,2.124038,1,,,,,POINT (2.124038 41.3787439)
60591485,41.3783697,2.1243589,3,,,,,POINT (2.1243589 41.3783697)
60591980,41.3799591,2.1267057,4,traffic_signals,,,,POINT (2.1267057 41.3799591)
60962859,41.4060778,2.1537658,3,,,,,POINT (2.1537658 41.4060778)
60962871,41.4054388,2.1565469,3,,,,,POINT (2.1565469 41.4054388)
60969458,41.4013736,2.1536502,4,,,,,POINT (2.1536502 41.4013736)
60969459,41.4008233,2.1543175,4,,,,,POINT (2.1543175 41.4008233)
60969460,41.4012856,2.1551773,4,,,,,POINT (2.1551773 41.4012856)
60969461,41.4018204,2.1545432,3,,,,,POINT (2.1545432 41.4018204)
60969463,41.3998571,2.1554791,4,,,,,POINT (2.1554791 41.3998571)
60969464,41.4003739,2.1563038,3,,,,,POINT (2.1563038 41.4003739)
60969467,41.400787,2.1557934,3,,,,,POINT (2.1557934 41.400787)
60969468,41.4010504,2.1554678,3,,,,,POINT (2.1554678 41.4010504)
60969471,41.4008332,2.1527983,4,,,,,POINT (2.1527983 41.4008332)
60969474,41.4020716,2.1529541,3,,,,,POINT (2.1529541 41.4020716)
60969475,41.4014606,2.1520059,3,,,,,POINT (2.1520059 41.4014606)
60969476,41.4011618,2.1515328,3,,,,,POINT (2.1515328 41.4011618)
60969497,41.4017201,2.1509794,3,,,,,POINT (2.1509794 41.4017201)
60969501,41.4030422,2.1499697,3,,,,,POINT (2.1499697 41.4030422)
60969502,41.4039269,2.1519338,4,traffic_signals,,,,POINT (2.1519338 41.4039269)
60969503,41.4030736,2.1523338,3,,,,,POINT (2.1523338 41.4030736)
60969509,41.4044075,2.1528227,4,,,,,POINT (2.1528227 41.4044075)
60969513,41.404879,2.1524116,4,,,,,POINT (2.1524116 41.404879)
60969514,41.404463,2.1515009,3,traffic_signals,,,,POINT (2.1515009 41.404463)
64934032,41.4046026,2.1552835,4,,,,,POINT (2.1552835 41.4046026)
71643529,41.3872305,2.1653796,4,,,,,POINT (2.1653796 41.3872305)
71643550,41.3857356,2.1674744,3,,,,,POINT (2.1674744 41.3857356)
71709881,41.3890374,2.1944072,4,,,,,POINT (2.1944072 41.3890374)
71709940,41.3881284,2.1935261,4,,,,,POINT (2.1935261 41.3881284)
71710025,41.3746929,2.1495277,4,,,,,POINT (2.1495277 41.3746929)
71710160,41.3649618,2.1672927,1,,,,,POINT (2.1672927 41.3649618)
71710260,41.3878901,2.1722873,3,,,,,POINT (2.1722873 41.3878901)
71710267,41.3764242,2.1774028,3,,,,,POINT (2.1774028 41.3764242)
81321296,41.4035364,2.1540842,3,,,,,POINT (2.1540842 41.4035364)
81321297,41.4033326,2.1533305,3,,,,,POINT (2.1533305 41.4033326)
82026109,41.3994784,2.1559218,3,,,,,POINT (2.1559218 41.3994784)
82040267,41.4085676,2.1542195,3,,,,,POINT (2.1542195 41.4085676)
82040343,41.4092917,2.1556252,4,,,,,POINT (2.1556252 41.4092917)
82043811,41.4082138,2.155703,3,,,,,POINT (2.155703 41.4082138)
82632464,41.3757585,2.1731548,3,,,,,POINT (2.1731548 41.3757585)
82747276,41.4071351,2.1557747,3,,,,,POINT (2.1557747 41.4071351)
82748657,41.4086869,2.1587514,4,,,,,POINT (2.1587514 41.4086869)
82760174,41.4012477,2.1557676,4,,,,,POINT (2.1557676 41.4012477)
82762458,41.4000218,2.1567781,4,,,,,POINT (2.1567781 41.4000218)
82767734,41.4014705,2.1554909,4,,,,,POINT (2.1554909 41.4014705)
89148866,41.3752145,2.1677437,3,,,,,POINT (2.1677437 41.3752145)
91783971,41.3998958,2.1448209,3,,,,,POINT (2.1448209 41.3998958)
94668946,41.3970638,2.1623237,3,,,,,POINT (2.1623237 41.3970638)
100409764,41.3762058,2.1753757,4,,,,,POINT (2.1753757 41.3762058)
100409765,41.3765756,2.1735137,3,,,,,POINT (2.1735137 41.3765756)
104459413,41.3771531,2.1762595,1,,,,,POINT (2.1762595 41.3771531)
112382699,41.3856996,2.1677232,3,,,,,POINT (2.1677232 41.3856996)
112398908,41.3844847,2.1662492,3,,,,,POINT (2.1662492 41.3844847)
112399403,41.3841429,2.1638315,4,traffic_signals,,,,POINT (2.1638315 41.3841429)
112409079,41.3844175,2.1647415,3,,,,,POINT (2.1647415 41.3844175)
112409083,41.3841231,2.1640871,3,,,,,POINT (2.1640871 41.3841231)
112426103,41.3849124,2.1639291,3,,,,,POINT (2.1639291 41.3849124)
125930808,41.417536,2.180405,3,,,,,POINT (2.180405 41.417536)
125932462,41.4205184,2.1806544,3,,,,,POINT (2.1806544 41.4205184)
125932467,41.4186707,2.1805569,3,,,,,POINT (2.1805569 41.4186707)
125935921,41.4237946,2.1776325,5,,,,,POINT (2.1776325 41.4237946)
126502156,41.4063865,2.1600346,4,,,,,POINT (2.1600346 41.4063865)
126544770,41.4062156,2.1631834,3,,,,,POINT (2.1631834 41.4062156)
126545684,41.4068068,2.1665452,3,,,,,POINT (2.1665452 41.4068068)
126547387,41.4060274,2.1652959,3,,,,,POINT (2.1652959 41.4060274)
126604074,41.4074628,2.1589624,3,,,,,POINT (2.1589624 41.4074628)
126654237,41.4054611,2.1643882,3,,,,,POINT (2.1643882 41.4054611)
126655918,41.4077468,2.1665785,4,,,,,POINT (2.1665785 41.4077468)
126656742,41.4059364,2.16515,3,,,,,POINT (2.16515 41.4059364)
126656743,41.406485,2.164568,4,,,,,POINT (2.164568 41.406485)
126656745,41.4074082,2.1634974,3,,,,,POINT (2.1634974 41.4074082)
126657992,41.4065185,2.1660831,3,,,,,POINT (2.1660831 41.4065185)
126657993,41.4070669,2.1654953,4,,,,,POINT (2.1654953 41.4070669)
126657995,41.407605,2.1649457,4,,,,,POINT (2.1649457 41.407605)
126658000,41.4086909,2.1638963,3,,,,,POINT (2.1638963 41.4086909)
126679132,41.4068537,2.1588046,4,,,,,POINT (2.1588046 41.4068537)
126679133,41.4074535,2.1581948,4,,,,,POINT (2.1581948 41.4074535)
126679135,41.4080814,2.1575737,4,,,,,POINT (2.1575737 41.4080814)
126679137,41.4088394,2.1568347,4,,,,,POINT (2.1568347 41.4088394)
126679138,41.4095593,2.1561166,4,,,,,POINT (2.1561166 41.4095593)
126683890,41.4097993,2.1626331,4,,,,,POINT (2.1626331 41.4097993)
126683892,41.4108857,2.1614722,3,,,,,POINT (2.1614722 41.4108857)
126683897,41.4128934,2.1592694,3,,,,,POINT (2.1592694 41.4128934)
126690089,41.4059659,2.1578636,3,,,,,POINT (2.1578636 41.4059659)
126690092,41.4054186,2.1584905,3,,,,,POINT (2.1584905 41.4054186)
126697585,41.4011241,2.1585121,4,,,,,POINT (2.1585121 41.4011241)
126699971,41.4029241,2.1603778,3,,,,,POINT (2.1603778 41.4029241)
126699973,41.402556,2.1608367,4,,,,,POINT (2.1608367 41.402556)
126699974,41.4012836,2.1622238,4,,,,,POINT (2.1622238 41.4012836)
126734703,41.4070999,2.1593189,3,,,,,POINT (2.1593189 41.4070999)
126753810,41.4102802,2.1892413,4,,,,,POINT (2.1892413 41.4102802)
126763470,41.41242,2.1616088,4,,,,,POINT (2.1616088 41.41242)
126763485,41.4081704,2.1512142,3,crossing,,,,POINT (2.1512142 41.4081704)
126763506,41.4028436,2.1378698,4,,,,,POINT (2.1378698 41.4028436)
126763513,41.4003492,2.1351146,3,,,,,POINT (2.1351146 41.4003492)
126763523,41.3971206,2.1327805,3,,,,,POINT (2.1327805 41.3971206)
126769416,41.3870011,2.1221093,4,,,,,POINT (2.1221093 41.3870011)
126769419,41.3828523,2.1054094,3,,,,,POINT (2.1054094 41.3828523)
126781114,41.3623041,2.1373576,3,,,,,POINT (2.1373576 41.3623041)
126781115,41.3643983,2.1356178,3,,,,,POINT (2.1356178 41.3643983)
126781118,41.3711316,2.1320094,3,,,,,POINT (2.1320094 41.3711316)
126781129,41.3904753,2.1281307,3,,,,,POINT (2.1281307 41.3904753)
126781133,41.3927091,2.1304871,3,,,,,POINT (2.1304871 41.3927091)
126781137,41.3945023,2.1333118,4,,,,,POINT (2.1333118 41.3945023)
126785874,41.4066209,2.1590425,4,,,,,POINT (2.1590425 41.4066209)
126797324,41.3975884,2.172075,4,,,,,POINT (2.172075 41.3975884)
126797329,41.4002347,2.1687874,3,,,,,POINT (2.1687874 41.4002347)
126797984,41.4046076,2.1630283,3,,,,,POINT (2.1630283 41.4046076)
126797986,41.4019019,2.1665994,4,,,,,POINT (2.1665994 41.4019019)
126797987,41.4010843,2.1676784,4,,,,,POINT (2.1676784 41.4010843)
126797988,41.3993851,2.1699229,4,,,,,POINT (2.1699229 41.3993851)
126797989,41.3984338,2.1709475,4,,,,,POINT (2.1709475 41.3984338)
126798002,41.3931286,2.1779687,4,,,,,POINT (2.1779687 41.3931286)
126798005,41.3915594,2.1802019,3,traffic_signals,,,,POINT (2.1802019 41.3915594)
126798008,41.3915897,2.180545,4,,,,,POINT (2.180545 41.3915897)
126800081,41.3939062,2.1767631,4,,,,,POINT (2.1767631 41.3939062)
126800097,41.3930608,2.1778817,4,,,,,POINT (2.1778817 41.3930608)
126803324,41.3975149,2.1719857,4,,,,,POINT (2.1719857 41.3975149)
126803331,41.4017435,2.166154,4,,,,,POINT (2.166154 41.4017435)
126803334,41.402528,2.1651075,4,,,,,POINT (2.1651075 41.402528)
126803336,41.4033986,2.1639631,4,,,,,POINT (2.1639631 41.4033986)
126803340,41.4043902,2.1626884,3,,,,,POINT (2.1626884 41.4043902)
126803357,41.4008318,2.1673388,4,,,,,POINT (2.1673388 41.4008318)
126803361,41.3966651,2.1731158,4,,,,,POINT (2.1731158 41.3966651)
126812839,41.3947726,2.1749375,4,,,,,POINT (2.1749375 41.3947726)
126812841,41.3944179,2.1753344,3,,,,,POINT (2.1753344 41.3944179)
126812844,41.3944226,2.1756903,3,,,,,POINT (2.1756903 41.3944226)
126812847,41.3948363,2.1761972,3,,,,,POINT (2.1761972 41.3948363)
126812850,41.3950236,2.1761904,3,,,,,POINT (2.1761904 41.3950236)
166211429,41.386935,2.1291284,4,,,,,POINT (2.1291284 41.386935)
166211432,41.3754142,2.135014,3,,,,,POINT (2.135014 41.3754142)
168319807,41.3745772,2.1490731,4,,,,,POINT (2.1490731 41.3745772)
168330638,41.3712752,2.1504433,3,,,,,POINT (2.1504433 41.3712752)
168330642,41.3707654,2.149508,3,,,,,POINT (2.149508 41.3707654)
168330671,41.3672335,2.1447024,3,,,,,POINT (2.1447024 41.3672335)
168330678,41.3657431,2.1454655,3,,,,,POINT (2.1454655 41.3657431)
168330707,41.3663643,2.156773,3,,,,,POINT (2.156773 41.3663643)
168330709,41.3667236,2.1577755,3,,,,,POINT (2.1577755 41.3667236)
168491368,41.3674104,2.159092,4,,,,,POINT (2.159092 41.3674104)
168491391,41.3689534,2.1557632,3,,,,,POINT (2.1557632 41.3689534)
168491424,41.3712781,2.1634477,3,,,,,POINT (2.1634477 41.3712781)
168491440,41.3708861,2.1677437,3,,,,,POINT (2.1677437 41.3708861)
168497398,41.3660483,2.1565822,3,,,,,POINT (2.1565822 41.3660483)
168497402,41.3658442,2.1570255,3,,,,,POINT (2.1570255 41.3658442)
168497415,41.3627394,2.1563395,3,,,,,POINT (2.1563395 41.3627394)
168497424,41.3606922,2.151974,4,,,,,POINT (2.151974 41.3606922)
168497426,41.3603358,2.1515734,4,,,,,POINT (2.1515734 41.3603358)
168499035,41.3598717,2.150332,3,,,,,POINT (2.150332 41.3598717)
168499059,41.3563581,2.1418685,4,,,,,POINT (2.1418685 41.3563581)
168515095,41.3661274,2.1568135,3,,,,,POINT (2.1568135 41.3661274)
168515978,41.3662651,2.1563987,3,,,,,POINT (2.1563987 41.3662651)
168521180,41.3605392,2.1493294,3,,,,,POINT (2.1493294 41.3605392)
168521184,41.360048,2.1496531,3,,,,,POINT (2.1496531 41.360048)
168521919,41.3648515,2.1460188,3,,,,,POINT (2.1460188 41.3648515)
168521949,41.3600397,2.149283,3,,,,,POINT (2.149283 41.3600397)
168521951,41.359897,2.1492105,3,,,,,POINT (2.1492105 41.359897)
168521958,41.3596976,2.1487738,3,,,,,POINT (2.1487738 41.3596976)
168523377,41.3655011,2.1462609,3,,,,,POINT (2.1462609 41.3655011)
168523381,41.3653681,2.1457554,3,,,,,POINT (2.1457554 41.3653681)
168526134,41.3681889,2.1451835,3,,,,,POINT (2.1451835 41.3681889)
168526135,41.3682596,2.1448487,3,,,,,POINT (2.1448487 41.3682596)
168526166,41.3640643,2.1437747,3,,,,,POINT (2.1437747 41.3640643)
168529411,41.3632574,2.1456548,3,,,,,POINT (2.1456548 41.3632574)
168529420,41.363895,2.1440017,3,,,,,POINT (2.1440017 41.363895)
168529440,41.3654316,2.1409485,3,,,,,POINT (2.1409485 41.3654316)
168529451,41.36351,2.1410601,3,,,,,POINT (2.1410601 41.36351)
168529461,41.3618011,2.1417658,4,,,,,POINT (2.1417658 41.3618011)
168529464,41.361511,2.1411093,4,,,,,POINT (2.1411093 41.361511)
168529692,41.3632123,2.1461114,4,,,,,POINT (2.1461114 41.3632123)
168529698,41.363478,2.1460736,4,,,,,POINT (2.1460736 41.363478)
168537019,41.3718754,2.174457,4,,,,,POINT (2.174457 41.3718754)
178503437,41.3715663,2.1511731,3,,,,,POINT (2.1511731 41.3715663)
178508430,41.3721035,2.1556134,3,,,,,POINT (2.1556134 41.3721035)
178508655,41.3721629,2.1579874,3,,,,,POINT (2.1579874 41.3721629)
178509066,41.3721376,2.1567422,3,,,,,POINT (2.1567422 41.3721376)
178509568,41.3721216,2.1559569,3,,,,,POINT (2.1559569 41.3721216)
178514516,41.3709643,2.1492258,3,,,,,POINT (2.1492258 41.3709643)
178514518,41.3706164,2.1488602,3,,,,,POINT (2.1488602 41.3706164)
178514528,41.3708332,2.1462447,3,,,,,POINT (2.1462447 41.3708332)
178518958,41.3740736,2.1477349,3,,,,,POINT (2.1477349 41.3740736)
178519633,41.3737823,2.1402421,3,,,,,POINT (2.1402421 41.3737823)
178520714,41.374601,2.1453939,3,,,,,POINT (2.1453939 41.374601)
178520716,41.3746101,2.1425517,4,,,,,POINT (2.1425517 41.3746101)
178520994,41.3745912,2.1441714,3,,,,,POINT (2.1441714 41.3745912)
178522003,41.3736553,2.138102,3,,,,,POINT (2.138102 41.3736553)
178522246,41.37532,2.1398924,3,,,,,POINT (2.1398924 41.37532)
178523527,41.3750117,2.1408908,1,,,,,POINT (2.1408908 41.3750117)
178525064,41.3729748,2.1433747,3,,,,,POINT (2.1433747 41.3729748)
178525065,41.3746124,2.1433815,3,,,,,POINT (2.1433815 41.3746124)
178526454,41.3744657,2.1473148,3,,,,,POINT (2.1473148 41.3744657)
178542532,41.380259,2.1429359,5,,,,,POINT (2.1429359 41.380259)
178542900,41.3762532,2.1482216,4,,,,,POINT (2.1482216 41.3762532)
178547786,41.3751893,2.1464965,3,,,,,POINT (2.1464965 41.3751893)
178615588,41.3670909,2.1462665,3,,,,,POINT (2.1462665 41.3670909)
178616216,41.3680586,2.1466641,3,,,,,POINT (2.1466641 41.3680586)
178616217,41.3691573,2.1458721,3,,,,,POINT (2.1458721 41.3691573)
190878380,41.376426,2.1708976,1,,,,,POINT (2.1708976 41.376426)
190936244,41.3711047,2.1738395,3,,,,,POINT (2.1738395 41.3711047)
190939352,41.366268,2.1718021,3,,,,,POINT (2.1718021 41.366268)
190943216,41.3711111,2.1739648,3,,,,,POINT (2.1739648 41.3711111)
190949833,41.3718283,2.1745412,3,,,,,POINT (2.1745412 41.3718283)
190955805,41.3692002,2.1739252,3,,,,,POINT (2.1739252 41.3692002)
190958411,41.3732156,2.1765224,3,,,,,POINT (2.1765224 41.3732156)
190971702,41.3825214,2.1833903,4,,,,,POINT (2.1833903 41.3825214)
190971704,41.383036,2.1838027,5,,,,,POINT (2.1838027 41.383036)
190972365,41.3855729,2.185847,4,,,,,POINT (2.185847 41.3855729)
190981834,41.3761703,2.1778756,3,,,,,POINT (2.1778756 41.3761703)
190985498,41.3812514,2.1823076,4,,,,,POINT (2.1823076 41.3812514)
190985739,41.3820307,2.1863855,4,,,,,POINT (2.1863855 41.3820307)
190985756,41.385185,2.1930227,3,,,,,POINT (2.1930227 41.385185)
190986445,41.3808551,2.1831312,3,,,,,POINT (2.1831312 41.3808551)
190987745,41.3821993,2.1857499,4,,,,,POINT (2.1857499 41.3821993)
190987748,41.3817994,2.1848958,4,,,,,POINT (2.1848958 41.3817994)
190989415,41.3830497,2.1885044,3,,,,,POINT (2.1885044 41.3830497)
190993191,41.378295,2.1796003,3,,,,,POINT (2.1796003 41.378295)
191001636,41.3712239,2.1751273,3,motorway_junction,20,,,POINT (2.1751273 41.3712239)
191031226,41.3501231,2.149129,3,motorway_junction,13,,,POINT (2.149129 41.3501231)
191031231,41.3522835,2.156235,3,,,,,POINT (2.156235 41.3522835)
191031236,41.3538853,2.158869,3,,,,,POINT (2.158869 41.3538853)
191046034,41.4486904,2.2010339,3,motorway_junction,,,,POINT (2.2010339 41.4486904)
191823363,41.3760604,2.173286,3,,,,,POINT (2.173286 41.3760604)
192039415,41.3757663,2.1670088,3,,,,,POINT (2.1670088 41.3757663)
192040052,41.3758356,2.1685389,3,,,,,POINT (2.1685389 41.3758356)
192046649,41.3768478,2.1683782,3,,,,,POINT (2.1683782 41.3768478)
192068604,41.3790617,2.169214,3,,,,,POINT (2.169214 41.3790617)
192071165,41.3784183,2.1699818,3,,,,,POINT (2.1699818 41.3784183)
192284952,41.3741448,2.175543,3,,,,,POINT (2.175543 41.3741448)
194551073,41.3813182,2.1735201,1,,,,,POINT (2.1735201 41.3813182)
194580864,41.3776228,2.1781351,3,,,,,POINT (2.1781351 41.3776228)
194583692,41.3772557,2.1787685,3,,,,,POINT (2.1787685 41.3772557)
194589435,41.3858428,2.1658141,3,,,,,POINT (2.1658141 41.3858428)
208696479,41.3924042,2.1091445,3,,,,,POINT (2.1091445 41.3924042)
208960819,41.3800132,2.1775905,3,,,,,POINT (2.1775905 41.3800132)
208974064,41.3809161,2.1772415,3,,,,,POINT (2.1772415 41.3809161)
209057502,41.3823327,2.1769752,1,,,,,POINT (2.1769752 41.3823327)
209059231,41.3826788,2.177367,1,,,,,POINT (2.177367 41.3826788)
209062724,41.3825515,2.177537,3,,,,,POINT (2.177537 41.3825515)
209064954,41.3829988,2.1784062,3,,,,,POINT (2.1784062 41.3829988)
209079759,41.3823514,2.1801293,1,,,,,POINT (2.1801293 41.3823514)
209084274,41.3810684,2.1818516,3,,,,,POINT (2.1818516 41.3810684)
209093243,41.3827538,2.1787513,3,,,,,POINT (2.1787513 41.3827538)
209094329,41.3830623,2.1793669,1,,,,,POINT (2.1793669 41.3830623)
209095788,41.3831379,2.1787776,1,,,,,POINT (2.1787776 41.3831379)
211608571,41.3889147,2.173386,3,,,,,POINT (2.173386 41.3889147)
211616876,41.3915894,2.1798314,4,,,,,POINT (2.1798314 41.3915894)
213942769,41.3939747,2.1768554,4,,,,,POINT (2.1768554 41.3939747)
216350784,41.3869292,2.1712248,3,,,,,POINT (2.1712248 41.3869292)
218906723,41.3825255,2.166259,1,,,,,POINT (2.166259 41.3825255)
219009535,41.3896798,2.1813609,3,,,,,POINT (2.1813609 41.3896798)
219009557,41.3899182,2.1813779,3,,,,,POINT (2.1813779 41.3899182)
219011804,41.3888692,2.1815363,3,,,,,POINT (2.1815363 41.3888692)
219011811,41.3860337,2.1827506,1,,,,,POINT (2.1827506 41.3860337)
219018792,41.3973699,2.185957,4,,,,,POINT (2.185957 41.3973699)
219018793,41.3922638,2.1791033,4,,,,,POINT (2.1791033 41.3922638)
219018794,41.3922034,2.1790277,4,,,,,POINT (2.1790277 41.3922034)
219019305,41.3979868,2.1867494,4,,,,,POINT (2.1867494 41.3979868)
219026483,41.3929838,2.1823227,3,,,,,POINT (2.1823227 41.3929838)
219029423,41.3915731,2.179999,3,,,,,POINT (2.179999 41.3915731)
219029426,41.3914779,2.1799339,3,,,,,POINT (2.1799339 41.3914779)
219029429,41.3913586,2.179978,3,,,,,POINT (2.179978 41.3913586)
219029432,41.3913086,2.1801883,3,,,,,POINT (2.1801883 41.3913086)
219029434,41.3914057,2.1803099,3,,,,,POINT (2.1803099 41.3914057)
225859994,41.4112149,2.2190354,4,,,,,POINT (2.2190354 41.4112149)
230158668,41.3901285,2.1787382,3,,,,,POINT (2.1787382 41.3901285)
230161188,41.3907553,2.1791186,3,,,,,POINT (2.1791186 41.3907553)
240882893,41.3841629,2.1784629,3,,,,,POINT (2.1784629 41.3841629)
240886321,41.3881872,2.1806292,2,,,,,POINT (2.1806292 41.3881872)
240936350,41.3838374,2.1793535,3,,,,,POINT (2.1793535 41.3838374)
240936353,41.3838264,2.1789143,3,,,,,POINT (2.1789143 41.3838264)
240940059,41.3832596,2.1801721,3,,,,,POINT (2.1801721 41.3832596)
240978204,41.3864676,2.1818956,3,,,,,POINT (2.1818956 41.3864676)
240978795,41.3847254,2.1837221,3,,,,,POINT (2.1837221 41.3847254)
240982102,41.3898196,2.1809485,3,,,,,POINT (2.1809485 41.3898196)
240982770,41.3883524,2.1801808,3,,,,,POINT (2.1801808 41.3883524)
242284800,41.3826816,2.1845602,3,,,,,POINT (2.1845602 41.3826816)
242284801,41.3831003,2.1836794,4,,,,,POINT (2.1836794 41.3831003)
242293378,41.3814839,2.1832606,3,,,,,POINT (2.1832606 41.3814839)
242293379,41.3812949,2.1836767,2,,,,,POINT (2.1836767 41.3812949)
242293502,41.3820599,2.1843299,3,,,,,POINT (2.1843299 41.3820599)
242317164,41.3793364,2.1901727,4,,,,,POINT (2.1901727 41.3793364)
242318729,41.3785539,2.1904874,4,,,,,POINT (2.1904874 41.3785539)
242318731,41.3801324,2.1898604,3,,,,,POINT (2.1898604 41.3801324)
242337128,41.3750348,2.1818065,1,turning_loop,,,,POINT (2.1818065 41.3750348)
243047500,41.391547,2.1867524,3,,,,,POINT (2.1867524 41.391547)
243336646,41.3881356,2.1823837,3,,,,,POINT (2.1823837 41.3881356)
243336862,41.3876417,2.1817506,3,,,,,POINT (2.1817506 41.3876417)
243336865,41.3881705,2.182557,3,,,,,POINT (2.182557 41.3881705)
243338863,41.3965177,2.1938557,4,,,,,POINT (2.1938557 41.3965177)
243338866,41.3981601,2.1960428,4,,,,,POINT (2.1960428 41.3981601)
243338874,41.4084074,2.2096092,3,,,,,POINT (2.2096092 41.4084074)
243338875,41.407561,2.2084754,4,,,,,POINT (2.2084754 41.407561)
243338876,41.4067128,2.2073474,4,,,,,POINT (2.2073474 41.4067128)
243338877,41.405864,2.2062115,4,,,,,POINT (2.2062115 41.405864)
243338878,41.4033257,2.2028667,4,,,,,POINT (2.2028667 41.4033257)
243338881,41.3990245,2.1971953,4,,,,,POINT (2.1971953 41.3990245)
243338885,41.3939656,2.1902974,4,,,,,POINT (2.1902974 41.3939656)
243339101,41.3930189,2.1870275,4,,,,,POINT (2.1870275 41.3930189)
243339102,41.3932887,2.1870294,4,,,,,POINT (2.1870294 41.3932887)
243339109,41.3997087,2.1870217,3,,,,,POINT (2.1870217 41.3997087)
243339207,41.4015764,2.1847703,3,,,,,POINT (2.1847703 41.4015764)
243339565,41.4000828,2.1867715,3,,,,,POINT (2.1867715 41.4000828)
243339566,41.3967187,2.1867507,4,,,,,POINT (2.1867507 41.3967187)
243341156,41.3867235,2.1953764,4,,,,,POINT (2.1953764 41.3867235)
243341157,41.3874644,2.1963492,4,,,,,POINT (2.1963492 41.3874644)
243341158,41.3876606,2.1966115,4,,,,,POINT (2.1966115 41.3876606)
243341175,41.4039587,2.2162287,3,,,,,POINT (2.2162287 41.4039587)
243341274,41.4061401,2.2183479,3,,,,,POINT (2.2183479 41.4061401)
243341360,41.4034336,2.2147537,3,motorway_junction,24,,,POINT (2.2147537 41.4034336)
243341469,41.405775,2.2186128,3,,,,,POINT (2.2186128 41.405775)
243342775,41.3995893,2.2058628,3,,,,,POINT (2.2058628 41.3995893)
243342778,41.4053009,2.2137161,4,,,,,POINT (2.2137161 41.4053009)
243342788,41.4047298,2.2121939,4,traffic_signals,,,,POINT (2.2121939 41.4047298)
243342790,41.4020831,2.208914,4,,,,,POINT (2.208914 41.4020831)
243342791,41.4012278,2.2078554,4,,,,,POINT (2.2078554 41.4012278)
243343111,41.3949032,2.2010937,3,,,,,POINT (2.2010937 41.3949032)
243343112,41.3940441,2.2021993,4,,,,,POINT (2.2021993 41.3940441)
243343113,41.3939927,2.2022748,3,,,,,POINT (2.2022748 41.3939927)
243343118,41.3958497,2.2013347,3,,,,,POINT (2.2013347 41.3958497)
243345266,41.3825889,2.1847601,3,,,,,POINT (2.1847601 41.3825889)
243345435,41.3827794,2.1843497,4,,,,,POINT (2.1843497 41.3827794)
243345437,41.3833505,2.1848271,3,,,,,POINT (2.1848271 41.3833505)
243345439,41.3837706,2.1851771,3,,,,,POINT (2.1851771 41.3837706)
243345458,41.3831353,2.1852239,3,,,,,POINT (2.1852239 41.3831353)
243345481,41.383301,2.1853568,3,,,,,POINT (2.1853568 41.383301)
243345599,41.383511,2.1849492,4,,,,,POINT (2.1849492 41.383511)
243345600,41.3837896,2.1843545,3,,,,,POINT (2.1843545 41.3837896)
243345653,41.3840575,2.1845801,3,,,,,POINT (2.1845801 41.3840575)
243346367,41.3869822,2.1840025,3,,,,,POINT (2.1840025 41.3869822)
243347086,41.3880845,2.1823377,3,,,,,POINT (2.1823377 41.3880845)
243347133,41.3874758,2.1831445,4,,,,,POINT (2.1831445 41.3874758)
243347134,41.3869055,2.1839006,3,,,,,POINT (2.1839006 41.3869055)
243586483,41.3847422,2.103931,3,motorway_junction,,,,POINT (2.103931 41.3847422)
243586498,41.3925676,2.1090684,3,motorway_junction,10,,,POINT (2.1090684 41.3925676)
243587576,41.4032595,2.1161372,3,motorway_junction,9,,,POINT (2.1161372 41.4032595)
243748972,41.3880979,2.1798965,2,,,,,POINT (2.1798965 41.3880979)
243752698,41.3867978,2.1797042,1,,,,,POINT (2.1797042 41.3867978)
243756418,41.4000378,2.1824667,4,,,,,POINT (2.1824667 41.4000378)
243756435,41.416852,2.2048313,3,motorway_junction,207,,,POINT (2.2048313 41.416852)
247636999,41.4056265,2.2132892,4,,,,,POINT (2.2132892 41.4056265)
247637070,41.4067082,2.2118601,3,,,,,POINT (2.2118601 41.4067082)
247637112,41.4087338,2.2091789,4,,,,,POINT (2.2091789 41.4087338)
247637113,41.4075257,2.2107759,4,,,,,POINT (2.2107759 41.4075257)
247637117,41.404403,2.2149404,5,,,,,POINT (2.2149404 41.404403)
247637636,41.4035179,2.2137856,3,,,,,POINT (2.2137856 41.4035179)
247637650,41.4083131,2.2074878,3,,,,,POINT (2.2074878 41.4083131)
247637683,41.4001529,2.2093001,3,,,,,POINT (2.2093001 41.4001529)
247637684,41.4018274,2.2115288,4,,,,,POINT (2.2115288 41.4018274)
247638056,41.410034,2.214279,4,,,,,POINT (2.214279 41.410034)
249426450,41.3822779,2.1425999,5,,,,,POINT (2.1425999 41.3822779)
250793733,41.3958074,2.1742458,4,,,,,POINT (2.1742458 41.3958074)
250793737,41.3967337,2.1732023,4,,,,,POINT (2.1732023 41.3967337)
250794418,41.3957367,2.1766866,5,,,,,POINT (2.1766866 41.3957367)
250794419,41.3965913,2.1778182,4,,,,,POINT (2.1778182 41.3965913)
250794420,41.3974526,2.1789577,4,,,,,POINT (2.1789577 41.3974526)
250794421,41.3982877,2.1801049,4,,,,,POINT (2.1801049 41.3982877)
251543436,41.3811372,2.1151214,4,,,,,POINT (2.1151214 41.3811372)
251543446,41.3793243,2.1193519,4,,,,,POINT (2.1193519 41.3793243)
251543450,41.3778967,2.1213243,4,,,,,POINT (2.1213243 41.3778967)
251543584,41.3748347,2.1232589,3,,,,,POINT (2.1232589 41.3748347)
252825017,41.3769187,2.1587054,4,,,,,POINT (2.1587054 41.3769187)
252825034,41.3777515,2.1597323,3,crossing,,,,POINT (2.1597323 41.3777515)
252826185,41.3864947,2.157323,5,,,,,POINT (2.157323 41.3864947)
252850929,41.4561312,2.1874977,3,,,,,POINT (2.1874977 41.4561312)
252850941,41.4320005,2.1826963,3,,,,,POINT (2.1826963 41.4320005)
253707075,41.397578,2.178792,3,,,,,POINT (2.178792 41.397578)
253707475,41.3786741,2.1386091,3,,,,,POINT (2.1386091 41.3786741)
253761937,41.3674447,2.1746979,3,,,,,POINT (2.1746979 41.3674447)
253761942,41.3671013,2.1746739,3,,,,,POINT (2.1746739 41.3671013)
253788453,41.4159213,2.1578816,3,,,,,POINT (2.1578816 41.4159213)
253790691,41.4168057,2.1565392,3,,,,,POINT (2.1565392 41.4168057)
253790706,41.4182452,2.1573982,3,,,,,POINT (2.1573982 41.4182452)
253790707,41.4186954,2.1572499,4,,,,,POINT (2.1572499 41.4186954)
253790709,41.4196881,2.1564702,3,,,,,POINT (2.1564702 41.4196881)
253795218,41.3919548,2.1976972,4,,,,,POINT (2.1976972 41.3919548)
253795220,41.3899985,2.1954548,4,,,,,POINT (2.1954548 41.3899985)
253795221,41.3891525,2.1944686,4,,,,,POINT (2.1944686 41.3891525)
253795578,41.3889632,2.1945128,4,,,,,POINT (2.1945128 41.3889632)
253795579,41.3890337,2.1946366,4,,,,,POINT (2.1946366 41.3890337)
253795580,41.3898742,2.1956285,4,,,,,POINT (2.1956285 41.3898742)
253934676,41.365378,2.1662143,3,,,,,POINT (2.1662143 41.365378)
253934722,41.3698747,2.1569518,1,,,,,POINT (2.1569518 41.3698747)
254399268,41.3850022,2.1104843,3,,,,,POINT (2.1104843 41.3850022)
254399269,41.3841559,2.1109023,4,,,,,POINT (2.1109023 41.3841559)
255461110,41.3562956,2.1417228,4,,,,,POINT (2.1417228 41.3562956)
255461111,41.3556812,2.1402486,3,,,,,POINT (2.1402486 41.3556812)
255620227,41.4250201,2.0923555,3,,,,,POINT (2.0923555 41.4250201)
255861698,41.3747027,2.1779989,3,motorway_junction,21,,,POINT (2.1779989 41.3747027)
256484325,41.4255348,2.1583498,5,,,,,POINT (2.1583498 41.4255348)
256484332,41.4230416,2.1581703,3,,,,,POINT (2.1581703 41.4230416)
256484346,41.4245481,2.1664647,3,,,,,POINT (2.1664647 41.4245481)
256484352,41.4244027,2.1654376,4,,,,,POINT (2.1654376 41.4244027)
256484442,41.4254169,2.1714754,3,,,,,POINT (2.1714754 41.4254169)
256484453,41.4215403,2.1729306,3,,,,,POINT (2.1729306 41.4215403)
256484464,41.41719,2.1711,3,,,,,POINT (2.1711 41.41719)
256484473,41.4202254,2.1731634,3,,,,,POINT (2.1731634 41.4202254)
256484485,41.4154416,2.167279,5,,,,,POINT (2.167279 41.4154416)
256484488,41.4150817,2.1661224,3,,,,,POINT (2.1661224 41.4150817)
256484490,41.414892,2.1658917,3,,,,,POINT (2.1658917 41.414892)
256607726,41.4313896,2.1600257,3,,,,,POINT (2.1600257 41.4313896)
256680583,41.4135379,2.1043664,3,,,,,POINT (2.1043664 41.4135379)
256680641,41.4190216,2.0984601,3,,,,,POINT (2.0984601 41.4190216)
256680777,41.4285506,2.0905413,3,,,,,POINT (2.0905413 41.4285506)
256680779,41.4286967,2.0889157,3,,,,,POINT (2.0889157 41.4286967)
257047975,41.4316531,2.1596046,3,,,,,POINT (2.1596046 41.4316531)
257047981,41.4322544,2.1582098,4,,,,,POINT (2.1582098 41.4322544)
257048000,41.4330738,2.156288,3,,,,,POINT (2.156288 41.4330738)
257048006,41.4336649,2.1551191,2,,,,,POINT (2.1551191 41.4336649)
257048025,41.4313383,2.1554898,3,,,,,POINT (2.1554898 41.4313383)
257048040,41.4312888,2.1557157,3,,,,,POINT (2.1557157 41.4312888)
257048068,41.4310393,2.1570936,3,,,,,POINT (2.1570936 41.4310393)
257048076,41.4309989,2.1576905,3,,,,,POINT (2.1576905 41.4309989)
257048081,41.4315343,2.1594468,3,,,,,POINT (2.1594468 41.4315343)
257746909,41.4296272,2.1606937,3,,,,,POINT (2.1606937 41.4296272)
257747680,41.430806,2.161226,3,,,,,POINT (2.161226 41.430806)
257747681,41.4308988,2.160692,3,,,,,POINT (2.160692 41.4308988)
257940879,41.3667529,2.1320559,3,,,,,POINT (2.1320559 41.3667529)
258359282,41.3879337,2.1095632,4,,,,,POINT (2.1095632 41.3879337)
258359283,41.3901416,2.1126105,4,,,,,POINT (2.1126105 41.3901416)
258359284,41.3902424,2.1144433,3,,,,,POINT (2.1144433 41.3902424)
258359387,41.390286,2.1154712,3,,,,,POINT (2.1154712 41.390286)
258359388,41.3903495,2.1166712,4,,,,,POINT (2.1166712 41.3903495)
258562655,41.4298349,2.1560637,3,,,,,POINT (2.1560637 41.4298349)
258562660,41.4300231,2.1566048,3,,,,,POINT (2.1566048 41.4300231)
258562666,41.4304602,2.1563034,3,,,,,POINT (2.1563034 41.4304602)
258562674,41.4305056,2.1558717,3,,,,,POINT (2.1558717 41.4305056)
258563356,41.4289321,2.1603724,1,,,,,POINT (2.1603724 41.4289321)
258563358,41.4296315,2.1606407,3,,,,,POINT (2.1606407 41.4296315)
258565855,41.4291979,2.1598636,3,,,,,POINT (2.1598636 41.4291979)
258565857,41.4291796,2.1604651,3,,,,,POINT (2.1604651 41.4291796)
258565859,41.4296965,2.1598968,3,,,,,POINT (2.1598968 41.4296965)
258565861,41.4294436,2.1582436,4,,,,,POINT (2.1582436 41.4294436)
260723600,41.4049197,2.1635385,3,,,,,POINT (2.1635385 41.4049197)
260723604,41.4065621,2.1620134,4,,,,,POINT (2.1620134 41.4065621)
260723606,41.4106157,2.1581486,4,,,,,POINT (2.1581486 41.4106157)
260723993,41.4053521,2.163125,3,,,,,POINT (2.163125 41.4053521)
262250616,41.411281,2.2195007,3,,,,,POINT (2.2195007 41.411281)
262250617,41.4116064,2.2192993,3,,,,,POINT (2.2192993 41.4116064)
262250618,41.4116103,2.2192766,3,,,,,POINT (2.2192766 41.4116103)
262250621,41.4114318,2.2189204,4,,,,,POINT (2.2189204 41.4114318)
262250623,41.4111952,2.2193659,3,,,,,POINT (2.2193659 41.4111952)
262250645,41.4103326,2.2145015,4,,,,,POINT (2.2145015 41.4103326)
262250646,41.410213,2.214045,4,,,,,POINT (2.214045 41.410213)
262250647,41.4076766,2.2038005,4,,,,,POINT (2.2038005 41.4076766)
262251530,41.4069778,2.2010248,4,,,,,POINT (2.2010248 41.4069778)
262251531,41.4064074,2.1987006,4,,,,,POINT (2.1987006 41.4064074)
262251752,41.4066142,2.2007175,5,,,,,POINT (2.2007175 41.4066142)
262251754,41.4023123,2.1973392,4,,,,,POINT (2.1973392 41.4023123)
262251757,41.4070293,2.2023829,4,,,,,POINT (2.2023829 41.4070293)
262251807,41.4082273,2.2071583,4,,,,,POINT (2.2071583 41.4082273)
262988804,41.3715914,2.1273594,4,,,,,POINT (2.1273594 41.3715914)
269369082,41.3896564,2.1682542,5,,,,,POINT (2.1682542 41.3896564)
269375412,41.3937978,2.1350805,4,traffic_signals,,,,POINT (2.1350805 41.3937978)
269376044,41.3922732,2.1358503,4,,,,,POINT (2.1358503 41.3922732)
269376045,41.3929831,2.1386619,4,traffic_signals,,,,POINT (2.1386619 41.3929831)
269376402,41.3916062,2.1364065,4,,,,,POINT (2.1364065 41.3916062)
269376403,41.3938145,2.1351923,4,traffic_signals,,,,POINT (2.1351923 41.3938145)
269376915,41.3938458,2.1418984,3,,,,,POINT (2.1418984 41.3938458)
269377740,41.3919374,2.1342515,4,,,,,POINT (2.1342515 41.3919374)
269379907,41.3908519,2.1413348,4,,,,,POINT (2.1413348 41.3908519)
269379908,41.3911504,2.1394288,5,,,,,POINT (2.1394288 41.3911504)
269379909,41.3912391,2.1388032,4,,,,,POINT (2.1388032 41.3912391)
269379910,41.3913748,2.1378859,4,,,,,POINT (2.1378859 41.3913748)
269380178,41.3921186,2.1330679,3,,,,,POINT (2.1330679 41.3921186)
269380386,41.3910839,2.1311976,3,traffic_signals,,,,POINT (2.1311976 41.3910839)
269380670,41.3900368,2.1325799,3,,,,,POINT (2.1325799 41.3900368)
269381073,41.3926853,2.144006,3,,,,,POINT (2.144006 41.3926853)
269381077,41.392367,2.1445774,3,,,,,POINT (2.1445774 41.392367)
269381078,41.3924418,2.1441928,4,,,,,POINT (2.1441928 41.3924418)
269381314,41.3929841,2.1448592,3,,,,,POINT (2.1448592 41.3929841)
269381939,41.394126,2.1421316,3,,,,,POINT (2.1421316 41.394126)
269382534,41.3934238,2.1403361,4,,,,,POINT (2.1403361 41.3934238)
269382573,41.3911051,2.1368089,4,,,,,POINT (2.1368089 41.3911051)
269382682,41.3908046,2.1370916,4,,,,,POINT (2.1370916 41.3908046)
269382694,41.3870697,2.1409241,4,,,,,POINT (2.1409241 41.3870697)
269383243,41.3877184,2.1343873,4,,,,,POINT (2.1343873 41.3877184)
269383881,41.3890994,2.1369016,3,,,,,POINT (2.1369016 41.3890994)
269383883,41.3898263,2.1381429,4,,,,,POINT (2.1381429 41.3898263)
269383989,41.3904625,2.1367203,3,,,,,POINT (2.1367203 41.3904625)
269383990,41.3895423,2.1376472,3,,,,,POINT (2.1376472 41.3895423)
269384759,41.388739,2.1299311,3,,,,,POINT (2.1299311 41.388739)
269384878,41.3894432,2.1327269,4,,,,,POINT (2.1327269 41.3894432)
269385954,41.3915971,2.1411714,3,,,,,POINT (2.1411714 41.3915971)
269386319,41.3885809,2.1268727,4,,,,,POINT (2.1268727 41.3885809)
269386336,41.3881622,2.1251845,4,traffic_signals,,,,POINT (2.1251845 41.3881622)
269745625,41.4167747,2.1126345,3,,,,,POINT (2.1126345 41.4167747)
269745636,41.418106,2.1166361,3,,,,,POINT (2.1166361 41.418106)
269745660,41.418988,2.1169751,3,,,,,POINT (2.1169751 41.418988)
269745664,41.4204769,2.119101,3,,,,,POINT (2.119101 41.4204769)
273101947,41.4150123,2.1609373,4,,,,,POINT (2.1609373 41.4150123)
273101948,41.4162639,2.162053,3,,,,,POINT (2.162053 41.4162639)
273101950,41.4141025,2.1610506,3,,,,,POINT (2.1610506 41.4141025)
273102083,41.4149598,2.1666077,3,,,,,POINT (2.1666077 41.4149598)
273102085,41.4134494,2.1635027,4,,,,,POINT (2.1635027 41.4134494)
279148247,41.3947613,2.2012594,3,,,,,POINT (2.2012594 41.3947613)
288022361,41.4068501,2.1247318,3,,,,,POINT (2.1247318 41.4068501)
288022712,41.4037566,2.1260715,4,,,,,POINT (2.1260715 41.4037566)
288023677,41.4051615,2.1263725,4,,,,,POINT (2.1263725 41.4051615)
288024058,41.4019315,2.1369533,3,,,,,POINT (2.1369533 41.4019315)
288024526,41.4060924,2.1356255,3,,,,,POINT (2.1356255 41.4060924)
288024527,41.404579,2.1339894,4,,,,,POINT (2.1339894 41.404579)
288024531,41.4053686,2.1330668,3,,,,,POINT (2.1330668 41.4053686)
288026011,41.3999299,2.1314803,3,,,,,POINT (2.1314803 41.3999299)
288026013,41.4028429,2.1286695,4,,,,,POINT (2.1286695 41.4028429)
288026717,41.4047139,2.1279984,3,,,,,POINT (2.1279984 41.4047139)
288028794,41.4019779,2.1294861,4,,,,,POINT (2.1294861 41.4019779)
289658891,41.3946627,2.1419478,3,,,,,POINT (2.1419478 41.3946627)
290025527,41.3982155,2.1452559,3,,,,,POINT (2.1452559 41.3982155)
290060007,41.4193915,2.2079972,4,,,,,POINT (2.2079972 41.4193915)
290060008,41.4192057,2.2082409,4,,,,,POINT (2.2082409 41.4192057)
290060062,41.4196872,2.2089015,4,,,,,POINT (2.2089015 41.4196872)
290060063,41.4198782,2.208653,4,,,,,POINT (2.208653 41.4198782)
293302297,41.4405503,2.1799238,4,,,,,POINT (2.1799238 41.4405503)
293302298,41.4418468,2.1777297,3,,,,,POINT (2.1777297 41.4418468)
293407667,41.4183993,2.2076752,3,,,,,POINT (2.2076752 41.4183993)
293407668,41.4117709,2.2164589,3,,,,,POINT (2.2164589 41.4117709)
293408559,41.4133962,2.2162241,3,,,,,POINT (2.2162241 41.4133962)
293526303,41.4431659,2.1785312,3,,,,,POINT (2.1785312 41.4431659)
293527271,41.40624,2.2192489,3,,,,,POINT (2.2192489 41.40624)
293527302,41.4069312,2.2183409,4,,,,,POINT (2.2183409 41.4069312)
299362163,41.4126527,2.210788,4,,,,,POINT (2.210788 41.4126527)
299365802,41.4439026,2.1785382,3,,,,,POINT (2.1785382 41.4439026)
301572132,41.388609,2.1669951,4,,,,,POINT (2.1669951 41.388609)
301572243,41.3894577,2.165819,4,,,,,POINT (2.165819 41.3894577)
301572279,41.391148,2.1635041,4,,,,,POINT (2.1635041 41.391148)
301572306,41.3919697,2.1623739,4,,,,,POINT (2.1623739 41.3919697)
301572399,41.3928231,2.1612007,4,,,,,POINT (2.1612007 41.3928231)
301572459,41.3936516,2.1600608,4,,,,,POINT (2.1600608 41.3936516)
301572460,41.3944848,2.1589148,4,,,,,POINT (2.1589148 41.3944848)
301572821,41.3957426,2.156898,3,,,,,POINT (2.156898 41.3957426)
301572944,41.3952099,2.157626,4,,,,,POINT (2.157626 41.3952099)
301572949,41.3943734,2.1587723,4,,,,,POINT (2.1587723 41.3943734)
301572951,41.3918568,2.162221,4,,,,,POINT (2.162221 41.3918568)
301572957,41.3935399,2.1599126,4,,,,,POINT (2.1599126 41.3935399)
301572961,41.3927102,2.1610499,4,,,,,POINT (2.1610499 41.3927102)
301572963,41.3910367,2.163357,4,,,,,POINT (2.163357 41.3910367)
301573106,41.3893425,2.1656664,4,,,,,POINT (2.1656664 41.3893425)
301573130,41.3884665,2.166859,4,,,,,POINT (2.166859 41.3884665)
303618685,41.3716155,2.1290154,4,,,,,POINT (2.1290154 41.3716155)
303618686,41.3711251,2.1297487,4,,,,,POINT (2.1297487 41.3711251)
303635779,41.3704985,2.1306948,3,,,,,POINT (2.1306948 41.3704985)
303636030,41.3755977,2.1263413,3,traffic_signals,,,,POINT (2.1263413 41.3755977)
304495351,41.4074504,2.2040964,4,,,,,POINT (2.2040964 41.4074504)
304495406,41.4071181,2.2045389,3,,,,,POINT (2.2045389 41.4071181)
308672528,41.3821053,2.1020313,3,,,,,POINT (2.1020313 41.3821053)
308672618,41.3822021,2.1016942,3,,,,,POINT (2.1016942 41.3822021)
308672700,41.3819407,2.1030473,3,,,,,POINT (2.1030473 41.3819407)
308672701,41.3822548,2.1042336,3,,,,,POINT (2.1042336 41.3822548)
308672754,41.382682,2.1025752,3,,,,,POINT (2.1025752 41.382682)
308672756,41.3839007,2.1034192,3,,,,,POINT (2.1034192 41.3839007)
308678075,41.3836866,2.1030993,3,motorway_junction,11,,,POINT (2.1030993 41.3836866)
308729529,41.4145751,2.1788254,3,,,,,POINT (2.1788254 41.4145751)
308733525,41.4116021,2.1760229,3,,,,,POINT (2.1760229 41.4116021)
308733542,41.4107507,2.1771473,3,,,,,POINT (2.1771473 41.4107507)
312680292,41.4040717,2.1906217,3,,,,,POINT (2.1906217 41.4040717)
312680845,41.3864577,2.187001,2,,,,,POINT (2.187001 41.3864577)
312682301,41.3668365,2.1446595,3,,,,,POINT (2.1446595 41.3668365)
312682302,41.3668467,2.1449751,3,,,,,POINT (2.1449751 41.3668467)
312682304,41.3669803,2.1450936,3,,,,,POINT (2.1450936 41.3669803)
312682307,41.3671858,2.1450109,3,,,,,POINT (2.1450109 41.3671858)
312682308,41.3677421,2.1450003,3,,,,,POINT (2.1450003 41.3677421)
312682309,41.3660465,2.1450604,3,,,,,POINT (2.1450604 41.3660465)
312891599,41.392266,2.1835358,4,traffic_signals,,,,POINT (2.1835358 41.392266)
312894012,41.415215,2.2023967,3,,,,,POINT (2.2023967 41.415215)
312894013,41.4135282,2.2028521,4,,,,,POINT (2.2028521 41.4135282)
312894014,41.4100691,2.198319,4,,,,,POINT (2.198319 41.4100691)
312894015,41.407249,2.2021137,4,,,,,POINT (2.2021137 41.407249)
312894381,41.4086519,2.207725,4,,,,,POINT (2.207725 41.4086519)
312895216,41.4109366,2.2130478,4,,,,,POINT (2.2130478 41.4109366)
314899334,41.4155458,2.1753621,3,,,,,POINT (2.1753621 41.4155458)
315486993,41.4144653,2.1947781,4,,,,,POINT (2.1947781 41.4144653)
315486997,41.4109573,2.1994585,4,,,,,POINT (2.1994585 41.4109573)
315486999,41.4092295,2.2017237,4,,,,,POINT (2.2017237 41.4092295)
315487000,41.4100772,2.2006151,4,,,,,POINT (2.2006151 41.4100772)
316877741,41.4618635,2.180561,3,,,,,POINT (2.180561 41.4618635)
316877744,41.4493691,2.1883447,5,,,,,POINT (2.1883447 41.4493691)
316877754,41.4465993,2.1848311,4,,,,,POINT (2.1848311 41.4465993)
316877756,41.4468273,2.1873,3,,,,,POINT (2.1873 41.4468273)
316877760,41.446813,2.1889838,3,,,,,POINT (2.1889838 41.446813)
316877763,41.4463488,2.1892623,3,,,,,POINT (2.1892623 41.4463488)
316877767,41.4445429,2.1885299,4,,,,,POINT (2.1885299 41.4445429)
316877771,41.4442723,2.1877231,3,,,,,POINT (2.1877231 41.4442723)
316877774,41.4447335,2.1872578,3,traffic_signals,,,,POINT (2.1872578 41.4447335)
316877790,41.4556236,2.1886162,3,motorway_junction,,,,POINT (2.1886162 41.4556236)
317922760,41.4472005,2.1930103,3,motorway_junction,1,,,POINT (2.1930103 41.4472005)
317922804,41.4476088,2.1946576,3,motorway_junction,1,,,POINT (2.1946576 41.4476088)
317922808,41.4475968,2.1953598,3,,,,,POINT (2.1953598 41.4475968)
317926444,41.4488429,2.199879,3,,,,,POINT (2.199879 41.4488429)
317926447,41.4486923,2.2007321,3,,,,,POINT (2.2007321 41.4486923)
317926471,41.4503265,2.1971883,3,,,,,POINT (2.1971883 41.4503265)
317926474,41.4503163,2.1941034,3,,,,,POINT (2.1941034 41.4503163)
317926487,41.450072,2.193838,3,,,,,POINT (2.193838 41.450072)
317998745,41.4487013,2.190372,4,,,,,POINT (2.190372 41.4487013)
318317456,41.4531326,2.1951865,3,,,,,POINT (2.1951865 41.4531326)
318317466,41.4570934,2.1879104,3,,,,,POINT (2.1879104 41.4570934)
318318080,41.4579491,2.185559,3,,,,,POINT (2.185559 41.4579491)
318318081,41.4578362,2.1858583,3,,,,,POINT (2.1858583 41.4578362)
318318094,41.45474,2.1935149,3,,,,,POINT (2.1935149 41.45474)
318318107,41.4521325,2.1950295,3,,,,,POINT (2.1950295 41.4521325)
318318114,41.4497632,2.1967356,3,,,,,POINT (2.1967356 41.4497632)
318589941,41.4536216,2.1887324,3,,,,,POINT (2.1887324 41.4536216)
319427657,41.4301616,2.189722,4,,,,,POINT (2.189722 41.4301616)
319428307,41.4419867,2.1882673,4,,,,,POINT (2.1882673 41.4419867)
319428309,41.4388184,2.1887529,3,,,,,POINT (2.1887529 41.4388184)
319429058,41.4299853,2.1954478,4,,,,,POINT (2.1954478 41.4299853)
319429060,41.4301428,2.1927601,4,,,,,POINT (2.1927601 41.4301428)
319429258,41.4277086,2.1908873,4,,,,,POINT (2.1908873 41.4277086)
319600517,41.4269997,2.1874999,3,,,,,POINT (2.1874999 41.4269997)
319630023,41.4298153,2.1955301,3,,,,,POINT (2.1955301 41.4298153)
319630025,41.4300118,2.1927219,4,,,,,POINT (2.1927219 41.4300118)
319630027,41.4300294,2.1911807,3,,,,,POINT (2.1911807 41.4300294)
319630028,41.430037,2.1905402,3,,,,,POINT (2.1905402 41.430037)
319630029,41.4300426,2.1897681,4,,,,,POINT (2.1897681 41.4300426)
319630088,41.4300492,2.1890929,3,,,,,POINT (2.1890929 41.4300492)
319630089,41.4300674,2.1880086,4,,,,,POINT (2.1880086 41.4300674)
319630104,41.430213,2.1834713,3,,,,,POINT (2.1834713 41.430213)
319630542,41.4303926,2.1825705,3,,,,,POINT (2.1825705 41.4303926)
319630543,41.4302082,2.1825592,4,,,,,POINT (2.1825592 41.4302082)
319631021,41.4453114,2.1872659,3,,,,,POINT (2.1872659 41.4453114)
319631390,41.4056497,2.1870357,3,,,,,POINT (2.1870357 41.4056497)
319774235,41.4123637,2.1102003,3,,,,,POINT (2.1102003 41.4123637)
319774339,41.4159642,2.1102802,3,,,,,POINT (2.1102802 41.4159642)
319774960,41.4143794,2.1056102,3,,,,,POINT (2.1056102 41.4143794)
319774964,41.4136269,2.1055954,3,,,,,POINT (2.1055954 41.4136269)
319775252,41.4078528,2.1017349,3,,,,,POINT (2.1017349 41.4078528)
320857509,41.4433191,2.1717524,4,,,,,POINT (2.1717524 41.4433191)
320857511,41.4442648,2.1742338,4,,,,,POINT (2.1742338 41.4442648)
320857512,41.4446446,2.1752018,3,,,,,POINT (2.1752018 41.4446446)
323158443,41.424457,2.1420735,3,,,,,POINT (2.1420735 41.424457)
323160206,41.4481427,2.1974927,3,,,,,POINT (2.1974927 41.4481427)
323160756,41.4483823,2.1988984,3,,,,,POINT (2.1988984 41.4483823)
323160927,41.4513793,2.1959149,3,,,,,POINT (2.1959149 41.4513793)
323161610,41.4467344,2.1961311,3,,,,,POINT (2.1961311 41.4467344)
323161614,41.4457865,2.1943597,3,,,,,POINT (2.1943597 41.4457865)
323162210,41.4478314,2.1968833,3,,,,,POINT (2.1968833 41.4478314)
323165720,41.4474859,2.1953219,3,,,,,POINT (2.1953219 41.4474859)
323167456,41.447051,2.195664,3,,,,,POINT (2.195664 41.447051)
323167796,41.4489143,2.2010362,3,crossing,,,,POINT (2.2010362 41.4489143)
323168834,41.4440231,2.1868586,4,milestone,C-33,,,POINT (2.1868586 41.4440231)
323168835,41.4439719,2.1866218,4,milestone,C-33,,,POINT (2.1866218 41.4439719)
323168908,41.443274,2.1868793,3,,,,,POINT (2.1868793 41.443274)
323169030,41.4437979,2.1862545,3,,,,,POINT (2.1862545 41.4437979)
323169032,41.4435699,2.1861779,3,,,,,POINT (2.1861779 41.4435699)
323169605,41.439581,2.161953,3,,,,,POINT (2.161953 41.439581)
323169610,41.4398147,2.1631789,3,,,,,POINT (2.1631789 41.4398147)
323190133,41.4385559,2.1746351,3,,,,,POINT (2.1746351 41.4385559)
323190135,41.4385085,2.1744568,3,,,,,POINT (2.1744568 41.4385085)
323190137,41.4383399,2.1743714,3,,,,,POINT (2.1743714 41.4383399)
323190145,41.4384881,2.1748328,3,,,,,POINT (2.1748328 41.4384881)
323190146,41.4385239,2.1747793,3,,,,,POINT (2.1747793 41.4385239)
323190992,41.4059947,2.1160349,4,motorway_junction,2,,,POINT (2.1160349 41.4059947)
323191073,41.3988323,2.1251436,3,,,,,POINT (2.1251436 41.3988323)
323191074,41.3986033,2.1255556,3,,,,,POINT (2.1255556 41.3986033)
323191078,41.3977774,2.1281544,5,,,,,POINT (2.1281544 41.3977774)
324230636,41.4009951,2.1233456,3,,,,,POINT (2.1233456 41.4009951)
324230919,41.4049135,2.1179732,4,,,,,POINT (2.1179732 41.4049135)
324230922,41.4045554,2.1175196,4,,,,,POINT (2.1175196 41.4045554)
324230925,41.4044084,2.1177253,4,,,,,POINT (2.1177253 41.4044084)
324231741,41.4014987,2.1283358,4,,,,,POINT (2.1283358 41.4014987)
324231840,41.4046843,2.1300311,3,traffic_signals,,,,POINT (2.1300311 41.4046843)
330028856,41.390876,2.1816308,3,,,,,POINT (2.1816308 41.390876)
330412974,41.4460968,2.1797829,3,,,,,POINT (2.1797829 41.4460968)
330413164,41.4451927,2.1794132,3,,,,,POINT (2.1794132 41.4451927)
330414111,41.3977661,2.1301551,4,,,,,POINT (2.1301551 41.3977661)
330414226,41.397772,2.1318879,5,,,,,POINT (2.1318879 41.397772)
330414541,41.3983141,2.1331585,4,,,,,POINT (2.1331585 41.3983141)
330414714,41.3984763,2.1328863,3,,,,,POINT (2.1328863 41.3984763)
330414887,41.3992028,2.1321557,3,,,,,POINT (2.1321557 41.3992028)
330414983,41.398034,2.1299007,3,,,,,POINT (2.1299007 41.398034)
330415541,41.4021208,2.132008,3,traffic_signals,,,,POINT (2.132008 41.4021208)
330416021,41.4011018,2.1268974,1,,,,,POINT (2.1268974 41.4011018)
330416921,41.402317,2.1256993,4,traffic_signals,,,,POINT (2.1256993 41.402317)
330416987,41.4016245,2.1244705,4,traffic_signals,,,,POINT (2.1244705 41.4016245)
330417404,41.4035151,2.123474,1,,,,,POINT (2.123474 41.4035151)
330417405,41.4032053,2.1229382,4,,,,,POINT (2.1229382 41.4032053)
330417406,41.4025722,2.1218404,4,,,,,POINT (2.1218404 41.4025722)
330417407,41.4020931,2.1209863,4,,,,,POINT (2.1209863 41.4020931)
330417661,41.4032189,2.1249845,4,,,,,POINT (2.1249845 41.4032189)
330417662,41.4019698,2.1224307,4,,,,,POINT (2.1224307 41.4019698)
330417664,41.405102,2.1287216,4,,,,,POINT (2.1287216 41.405102)
330417666,41.402531,2.1235793,4,,,,,POINT (2.1235793 41.402531)
330417668,41.4043064,2.1272034,4,,,,,POINT (2.1272034 41.4043064)
330418565,41.3974685,2.1160566,3,,,,,POINT (2.1160566 41.3974685)
330418566,41.3975644,2.1162396,3,,,,,POINT (2.1162396 41.3975644)
330418569,41.3979136,2.1175292,3,,,,,POINT (2.1175292 41.3979136)
330419120,41.3889103,2.1071906,3,,,,,POINT (2.1071906 41.3889103)
331355854,41.4073179,2.1499607,3,,,,,POINT (2.1499607 41.4073179)
331355856,41.4080839,2.1493898,4,,,,,POINT (2.1493898 41.4080839)
331355857,41.4109488,2.1461721,3,,,,,POINT (2.1461721 41.4109488)
331356237,41.411481,2.1432823,3,,,,,POINT (2.1432823 41.411481)
338935308,41.4462381,2.1746188,4,,,,,POINT (2.1746188 41.4462381)
338935526,41.4436611,2.1715305,4,,,,,POINT (2.1715305 41.4436611)
338935531,41.4407492,2.1627262,3,,,,,POINT (2.1627262 41.4407492)
338936194,41.4455752,2.1767438,4,,,,,POINT (2.1767438 41.4455752)
338936273,41.4467815,2.1742774,4,,,,,POINT (2.1742774 41.4467815)
338936274,41.4467401,2.173018,3,,,,,POINT (2.173018 41.4467401)
338936655,41.4468695,2.1756098,4,,,,,POINT (2.1756098 41.4468695)
338936663,41.4463009,2.1761881,3,,,,,POINT (2.1761881 41.4463009)
338936664,41.4473689,2.1751095,4,,,,,POINT (2.1751095 41.4473689)
338936675,41.4458753,2.176547,4,,,,,POINT (2.176547 41.4458753)
339961221,41.380775,2.1337196,3,,,,,POINT (2.1337196 41.380775)
339961223,41.380351,2.1326077,3,,,,,POINT (2.1326077 41.380351)
340193179,41.3810124,2.1442664,4,traffic_signals,,,,POINT (2.1442664 41.3810124)
340195871,41.3821835,2.1402376,3,,,,,POINT (2.1402376 41.3821835)
340197288,41.3720104,2.1267356,3,,,,,POINT (2.1267356 41.3720104)
344992884,41.3884622,2.1694866,3,,,,,POINT (2.1694866 41.3884622)
344992889,41.3956037,2.1603634,4,,,,,POINT (2.1603634 41.3956037)
347340786,41.4061918,2.1990035,4,,,,,POINT (2.1990035 41.4061918)
347340794,41.4044502,2.2125612,4,traffic_signals,,,,POINT (2.2125612 41.4044502)
347344104,41.4125457,2.2173788,5,,,,,POINT (2.2173788 41.4125457)
347344117,41.4127646,2.2177274,4,,,,,POINT (2.2177274 41.4127646)
347344133,41.4134903,2.2141806,4,,,,,POINT (2.2141806 41.4134903)
347344140,41.4142167,2.21513,4,,,,,POINT (2.21513 41.4142167)
347344150,41.4144652,2.2154659,3,,,,,POINT (2.2154659 41.4144652)
347353578,41.3888094,2.197025,3,,,,,POINT (2.197025 41.3888094)
347353579,41.3878876,2.195814,3,,,,,POINT (2.195814 41.3878876)
347353580,41.3880515,2.196067,4,,,,,POINT (2.196067 41.3880515)
347353582,41.3956269,2.2060478,3,,,,,POINT (2.2060478 41.3956269)
347353583,41.3936899,2.2019084,3,,,,,POINT (2.2019084 41.3936899)
347353584,41.3962741,2.2051117,3,,,,,POINT (2.2051117 41.3962741)
347712446,41.3994565,2.2084943,3,crossing,,,,POINT (2.2084943 41.3994565)
347712484,41.3965342,2.2051654,3,,,,,POINT (2.2051654 41.3965342)
347712502,41.3965134,2.2050666,3,,,,,POINT (2.2050666 41.3965134)
347712510,41.3963948,2.2053372,3,,,,,POINT (2.2053372 41.3963948)
347712540,41.3971761,2.2038294,3,,,,,POINT (2.2038294 41.3971761)
347712604,41.3949372,2.2058124,3,,,,,POINT (2.2058124 41.3949372)
347712613,41.3920896,2.2020047,3,motorway_junction,23,,,POINT (2.2020047 41.3920896)
347712642,41.3961626,2.2071068,3,motorway_junction,23,,,POINT (2.2071068 41.3961626)
347712657,41.393935,2.2038906,3,,,,,POINT (2.2038906 41.393935)
347712660,41.3955396,2.2061652,3,,,,,POINT (2.2061652 41.3955396)
347712663,41.3939997,2.2043603,3,,,,,POINT (2.2043603 41.3939997)
347718255,41.4029474,2.2138911,3,,,,,POINT (2.2138911 41.4029474)
356295200,41.3855314,2.1048506,3,,,,,POINT (2.1048506 41.3855314)
356295204,41.3871294,2.1062693,4,traffic_signals,,,,POINT (2.1062693 41.3871294)
356295209,41.3866109,2.107288,3,,,,,POINT (2.107288 41.3866109)
356295211,41.3885297,2.1089785,4,,,,,POINT (2.1089785 41.3885297)
356295212,41.3898406,2.1106845,4,,,,,POINT (2.1106845 41.3898406)
356295214,41.3892829,2.1114341,3,,,,,POINT (2.1114341 41.3892829)
356295215,41.3904692,2.1183904,4,traffic_signals,,,,POINT (2.1183904 41.3904692)
356295228,41.3905241,2.1146046,3,,,,,POINT (2.1146046 41.3905241)
356295235,41.38623,2.1080557,3,,,,,POINT (2.1080557 41.38623)
356295237,41.3873822,2.1090709,3,,,,,POINT (2.1090709 41.3873822)
356295240,41.3877856,2.1082984,4,,,,,POINT (2.1082984 41.3877856)
356295242,41.3874859,2.1221267,3,,,,,POINT (2.1221267 41.3874859)
356295256,41.3866964,2.1225038,3,crossing,,,,POINT (2.1225038 41.3866964)
356295267,41.3870753,2.1233337,4,,,,,POINT (2.1233337 41.3870753)
356295277,41.3877211,2.1225318,3,,,,,POINT (2.1225318 41.3877211)
356295291,41.3896649,2.1194372,4,,,,,POINT (2.1194372 41.3896649)
356295312,41.389499,2.1181053,3,,,,,POINT (2.1181053 41.389499)
358505133,41.3922087,2.1175574,4,,,,,POINT (2.1175574 41.3922087)
358505134,41.3916918,2.1168143,3,traffic_signals,,,,POINT (2.1168143 41.3916918)
358505141,41.3955638,2.1166793,3,,,,,POINT (2.1166793 41.3955638)
358505142,41.3957912,2.1157659,5,,,,,POINT (2.1157659 41.3957912)
358505144,41.3974083,2.1133216,3,,,,,POINT (2.1133216 41.3974083)
358505149,41.3983135,2.1140769,3,,,,,POINT (2.1140769 41.3983135)
358505152,41.3992722,2.1140467,3,,,,,POINT (2.1140467 41.3992722)
358505154,41.4007513,2.1140087,3,,,,,POINT (2.1140087 41.4007513)
358505162,41.4009447,2.1141467,3,,,,,POINT (2.1141467 41.4009447)
358505166,41.4013402,2.1138305,3,traffic_signals,,,,POINT (2.1138305 41.4013402)
358505175,41.4013273,2.1144888,3,crossing,,,,POINT (2.1144888 41.4013273)
359097332,41.4060859,2.1500113,3,,,,,POINT (2.1500113 41.4060859)
359099425,41.4084529,2.1501272,4,,,,,POINT (2.1501272 41.4084529)
359099426,41.4091726,2.1517129,4,,,,,POINT (2.1517129 41.4091726)
359099649,41.4099194,2.1510218,4,,,,,POINT (2.1510218 41.4099194)
359099730,41.4088162,2.1509206,3,,,,,POINT (2.1509206 41.4088162)
359100087,41.410549,2.1519549,3,,,,,POINT (2.1519549 41.410549)
359100661,41.4101275,2.1545241,3,,,,,POINT (2.1545241 41.4101275)
359100759,41.4106318,2.155479,3,,,,,POINT (2.155479 41.4106318)
359100760,41.4108229,2.1558884,4,,,,,POINT (2.1558884 41.4108229)
359104405,41.3954172,2.1545855,4,,,,,POINT (2.1545855 41.3954172)
359104407,41.3945504,2.1511715,4,,,,,POINT (2.1511715 41.3945504)
359234292,41.401126,2.1144046,3,,,,,POINT (2.1144046 41.401126)
359234311,41.3908877,2.1233422,4,,,,,POINT (2.1233422 41.3908877)
359234327,41.3889689,2.124819,3,,,,,POINT (2.124819 41.3889689)
359234330,41.3898797,2.1244218,3,,,,,POINT (2.1244218 41.3898797)
359234339,41.3921354,2.1218336,3,,,,,POINT (2.1218336 41.3921354)
359234340,41.3927388,2.1213634,3,,,,,POINT (2.1213634 41.3927388)
359234345,41.3939313,2.1210671,3,,,,,POINT (2.1210671 41.3939313)
359234346,41.394252,2.1208835,4,,,,,POINT (2.1208835 41.394252)
359234349,41.3949357,2.120399,3,,,,,POINT (2.120399 41.3949357)
359234359,41.3975203,2.1196679,3,,,,,POINT (2.1196679 41.3975203)
359234364,41.3993223,2.1169936,4,,,,,POINT (2.1169936 41.3993223)
359234370,41.4005704,2.1149512,3,,,,,POINT (2.1149512 41.4005704)
359234714,41.3989542,2.1165522,4,,,,,POINT (2.1165522 41.3989542)
359234716,41.3974415,2.1147577,4,,,,,POINT (2.1147577 41.3974415)
359234717,41.3967642,2.1139699,4,,,,,POINT (2.1139699 41.3967642)
359235499,41.3904648,2.1099318,4,,,,,POINT (2.1099318 41.3904648)
359235500,41.3912711,2.111152,4,,,,,POINT (2.111152 41.3912711)
359235504,41.3925481,2.1117827,4,,,,,POINT (2.1117827 41.3925481)
359235505,41.3940256,2.1121782,3,,,,,POINT (2.1121782 41.3940256)
359235507,41.3942102,2.1122641,3,,,,,POINT (2.1122641 41.3942102)
359235508,41.3949972,2.1131636,3,,,,,POINT (2.1131636 41.3949972)
359235509,41.3956168,2.1139114,3,,,,,POINT (2.1139114 41.3956168)
359235593,41.3943493,2.1134299,5,,,,,POINT (2.1134299 41.3943493)
359236003,41.3937335,2.1190898,3,,,,,POINT (2.1190898 41.3937335)
359236004,41.3940351,2.1202336,3,,,,,POINT (2.1202336 41.3940351)
359236005,41.3957063,2.1235475,3,,,,,POINT (2.1235475 41.3957063)
359236300,41.3931898,2.1149467,4,,,,,POINT (2.1149467 41.3931898)
359236301,41.3916892,2.1130269,4,,,,,POINT (2.1130269 41.3916892)
359236302,41.390738,2.1118185,4,,,,,POINT (2.1118185 41.390738)
359236400,41.3883032,2.1073034,3,,,,,POINT (2.1073034 41.3883032)
359236627,41.3896924,2.1078937,4,,,,,POINT (2.1078937 41.3896924)
359236628,41.39044,2.1071359,5,traffic_signals,,,,POINT (2.1071359 41.39044)
359236696,41.3917063,2.118837,3,,,,,POINT (2.118837 41.3917063)
359236956,41.3913337,2.1199061,3,,,,,POINT (2.1199061 41.3913337)
359236960,41.390098,2.1208881,3,,,,,POINT (2.1208881 41.390098)
359237300,41.3912548,2.1173789,4,,,,,POINT (2.1173789 41.3912548)
359237515,41.3885409,2.1231278,3,,,,,POINT (2.1231278 41.3885409)
359237516,41.3889911,2.1229286,3,,,,,POINT (2.1229286 41.3889911)
359237696,41.3906395,2.1233578,1,,,,,POINT (2.1233578 41.3906395)
359237785,41.3887817,2.1221432,1,turning_circle,,,,POINT (2.1221432 41.3887817)
359237786,41.3885011,2.1209487,3,,,,,POINT (2.1209487 41.3885011)
359237984,41.3943921,2.1245422,4,,,,,POINT (2.1245422 41.3943921)
359238034,41.3914486,2.1255824,4,,,,,POINT (2.1255824 41.3914486)
359238036,41.3925559,2.1250734,4,,,,,POINT (2.1250734 41.3925559)
359238037,41.3934657,2.1247925,4,,,,,POINT (2.1247925 41.3934657)
359238153,41.3910577,2.1138786,4,,,,,POINT (2.1138786 41.3910577)
359238242,41.3924708,2.1158083,4,,,,,POINT (2.1158083 41.3924708)
359238324,41.3919863,2.1102076,4,,,,,POINT (2.1102076 41.3919863)
359238327,41.3931348,2.1087683,4,,,,,POINT (2.1087683 41.3931348)
359238598,41.3938455,2.1116597,3,,,,,POINT (2.1116597 41.3938455)
359238600,41.3936935,2.1104405,3,,,,,POINT (2.1104405 41.3936935)
359238601,41.3937773,2.1099734,3,,,,,POINT (2.1099734 41.3937773)
359238603,41.3938566,2.1096049,3,,,,,POINT (2.1096049 41.3938566)
359238605,41.3937598,2.1080371,4,,,,,POINT (2.1080371 41.3937598)
359238607,41.3916637,2.1040086,3,,,,,POINT (2.1040086 41.3916637)
359238618,41.3957596,2.1040308,3,,,,,POINT (2.1040308 41.3957596)
359238714,41.3912005,2.109141,3,,,,,POINT (2.109141 41.3912005)
359238794,41.3927013,2.1118078,3,,,,,POINT (2.1118078 41.3927013)
359238889,41.392726,2.1116071,3,,,,,POINT (2.1116071 41.392726)
359238890,41.3925649,2.1115784,3,,,,,POINT (2.1115784 41.3925649)
359239036,41.3905001,2.108319,3,,,,,POINT (2.108319 41.3905001)
359239830,41.3915364,2.1064428,3,,,,,POINT (2.1064428 41.3915364)
359239952,41.3904976,2.1041603,3,,,,,POINT (2.1041603 41.3904976)
359240124,41.3942588,2.1149514,3,,,,,POINT (2.1149514 41.3942588)
359240326,41.3966284,2.1168433,3,,,,,POINT (2.1168433 41.3966284)
359240328,41.3970846,2.1174816,3,,,,,POINT (2.1174816 41.3970846)
359240371,41.3963983,2.1185768,3,,,,,POINT (2.1185768 41.3963983)
359241321,41.399288,2.1152441,4,,,,,POINT (2.1152441 41.399288)
359547244,41.4036343,2.116569,4,,,,,POINT (2.116569 41.4036343)
359547255,41.4015529,2.1141584,3,traffic_signals,,,,POINT (2.1141584 41.4015529)
359977425,41.3924084,2.1810871,3,,,,,POINT (2.1810871 41.3924084)
359977822,41.397946,2.1828049,4,,,,,POINT (2.1828049 41.397946)
359979755,41.3984716,2.1867636,4,,,,,POINT (2.1867636 41.3984716)
360506732,41.4051383,2.1170528,3,motorway_junction,,,,POINT (2.1170528 41.4051383)
362468438,41.405637,2.1164222,3,motorway_junction,,,,POINT (2.1164222 41.405637)
363877263,41.4420457,2.1874962,3,,,,,POINT (2.1874962 41.4420457)
363877276,41.440439,2.1866866,4,,,,,POINT (2.1866866 41.440439)
363878511,41.4357326,2.1844469,3,,,,,POINT (2.1844469 41.4357326)
363878534,41.4320554,2.183372,3,,,,,POINT (2.183372 41.4320554)
363878889,41.4351394,2.1851642,4,,,,,POINT (2.1851642 41.4351394)
363881327,41.439862,2.1909849,4,,,,,POINT (2.1909849 41.439862)
363881331,41.438498,2.1910813,3,,,,,POINT (2.1910813 41.438498)
363885077,41.4256079,2.1910144,4,,,,,POINT (2.1910144 41.4256079)
363887569,41.4169766,2.1913997,4,,,,,POINT (2.1913997 41.4169766)
363888326,41.4162382,2.19016,4,,,,,POINT (2.19016 41.4162382)
363888331,41.4145362,2.1878903,4,,,,,POINT (2.1878903 41.4145362)
364669537,41.4136257,2.1406977,4,,,,,POINT (2.1406977 41.4136257)
364669539,41.4151838,2.139663,4,,,,,POINT (2.139663 41.4151838)
364669543,41.4153729,2.1380299,3,,,,,POINT (2.1380299 41.4153729)
364669544,41.4157236,2.1376143,3,,,,,POINT (2.1376143 41.4157236)
364669545,41.4160439,2.1371915,3,,,,,POINT (2.1371915 41.4160439)
364669779,41.4159045,2.1362312,3,,,,,POINT (2.1362312 41.4159045)
364669783,41.41539,2.1349029,3,,,,,POINT (2.1349029 41.41539)
364669785,41.4148409,2.1336475,3,,,,,POINT (2.1336475 41.4148409)
364669872,41.4144627,2.133923,4,,,,,POINT (2.133923 41.4144627)
364670487,41.4101006,2.1366441,4,,,,,POINT (2.1366441 41.4101006)
364670490,41.4094767,2.1372433,3,,,,,POINT (2.1372433 41.4094767)
364670492,41.4083849,2.137822,4,,,,,POINT (2.137822 41.4083849)
364670496,41.4050229,2.1397188,3,,,,,POINT (2.1397188 41.4050229)
364670521,41.4102281,2.1371213,4,,,,,POINT (2.1371213 41.4102281)
364670546,41.4089689,2.1346519,3,,,,,POINT (2.1346519 41.4089689)
364670659,41.4114324,2.1360941,3,,,,,POINT (2.1360941 41.4114324)
364670660,41.4123718,2.1354301,3,,,,,POINT (2.1354301 41.4123718)
364670893,41.4153786,2.1308049,3,,,,,POINT (2.1308049 41.4153786)
364670896,41.41477,2.1298352,3,,,,,POINT (2.1298352 41.41477)
364670900,41.4152542,2.1294074,3,,,,,POINT (2.1294074 41.4152542)
364670907,41.416082,2.1317533,3,crossing,,,,POINT (2.1317533 41.416082)
364680272,41.4096934,2.1354322,3,,,,,POINT (2.1354322 41.4096934)
364680673,41.4106796,2.1314092,4,,,,,POINT (2.1314092 41.4106796)
364716411,41.3896602,2.121633,3,,,,,POINT (2.121633 41.3896602)
364716480,41.3892194,2.1218071,3,,,,,POINT (2.1218071 41.3892194)
364716619,41.3888848,2.120439,3,,,,,POINT (2.120439 41.3888848)
364716641,41.3894597,2.1227094,3,,,,,POINT (2.1227094 41.3894597)
364716778,41.3898983,2.1225056,3,,,,,POINT (2.1225056 41.3898983)
364716820,41.3902236,2.1237614,1,,,,,POINT (2.1237614 41.3902236)
364718311,41.3922339,2.1297583,3,,,,,POINT (2.1297583 41.3922339)
364718315,41.3925384,2.1302733,4,,,,,POINT (2.1302733 41.3925384)
364718834,41.3895846,2.1245608,3,,,,,POINT (2.1245608 41.3895846)
364718898,41.3899825,2.1262275,5,,,,,POINT (2.1262275 41.3899825)
364719098,41.3932691,2.1264515,4,,,,,POINT (2.1264515 41.3932691)
364719280,41.3940725,2.1260905,4,,,,,POINT (2.1260905 41.3940725)
364719512,41.3957457,2.1256096,5,,,,,POINT (2.1256096 41.3957457)
364719688,41.3974155,2.1276164,4,,,,,POINT (2.1276164 41.3974155)
364719895,41.3961989,2.1258677,3,,,,,POINT (2.1258677 41.3961989)
364719897,41.3918245,2.1270892,4,,,,,POINT (2.1270892 41.3918245)
364719899,41.3911466,2.1274192,3,,,,,POINT (2.1274192 41.3911466)
364720079,41.3969141,2.1239651,3,,,,,POINT (2.1239651 41.3969141)
364720250,41.3952039,2.1208972,4,,,,,POINT (2.1208972 41.3952039)
364720256,41.3958824,2.1221167,4,,,,,POINT (2.1221167 41.3958824)
364720260,41.3963117,2.1229204,3,,,,,POINT (2.1229204 41.3963117)
364720393,41.394349,2.1210508,4,,,,,POINT (2.1210508 41.394349)
364721159,41.4000028,2.1183223,3,,,,,POINT (2.1183223 41.4000028)
364722133,41.3968484,2.1507527,4,,,,,POINT (2.1507527 41.3968484)
364722162,41.4003163,2.147493,4,,,,,POINT (2.147493 41.4003163)
364811890,41.3938949,2.1485835,3,,,,,POINT (2.1485835 41.3938949)
364811897,41.3935029,2.1480631,4,,,,,POINT (2.1480631 41.3935029)
364811899,41.3936929,2.1477804,4,,,,,POINT (2.1477804 41.3936929)
364811900,41.3927541,2.1449861,3,,,,,POINT (2.1449861 41.3927541)
364816187,41.3918917,2.1339752,3,,,,,POINT (2.1339752 41.3918917)
364816292,41.3906751,2.1350938,3,,,,,POINT (2.1350938 41.3906751)
364819031,41.389225,2.1293771,3,,,,,POINT (2.1293771 41.389225)
364820418,41.3904558,2.1279826,3,,,,,POINT (2.1279826 41.3904558)
364827699,41.3907893,2.1258824,3,,,,,POINT (2.1258824 41.3907893)
364828082,41.3912507,2.1279587,1,,,,,POINT (2.1279587 41.3912507)
364829686,41.3913812,2.1393629,4,,,,,POINT (2.1393629 41.3913812)
364829704,41.3896433,2.132517,4,,,,,POINT (2.132517 41.3896433)
364916464,41.4460165,2.173601,3,,,,,POINT (2.173601 41.4460165)
364916639,41.4471,2.1803976,4,,,,,POINT (2.1803976 41.4471)
364989976,41.3810663,2.1191293,3,,,,,POINT (2.1191293 41.3810663)
364991353,41.3905182,2.1434684,4,,,,,POINT (2.1434684 41.3905182)
364991626,41.3857773,2.1424773,4,,,,,POINT (2.1424773 41.3857773)
364992715,41.3758913,2.1360767,3,,,,,POINT (2.1360767 41.3758913)
364992741,41.3778948,2.1381517,3,,,,,POINT (2.1381517 41.3778948)
364996615,41.3699561,2.1676485,3,,,,,POINT (2.1676485 41.3699561)
364997570,41.3720332,2.1797012,3,,,,,POINT (2.1797012 41.3720332)
364997573,41.3723557,2.1799817,3,,,,,POINT (2.1799817 41.3723557)
365287928,41.3963453,2.1147552,5,traffic_signals,,,,POINT (2.1147552 41.3963453)
365288147,41.3961195,2.113144,2,,,,,POINT (2.113144 41.3961195)
365288398,41.3944706,2.1107516,3,,,,,POINT (2.1107516 41.3944706)
365549375,41.3837171,2.1610069,4,,,,,POINT (2.1610069 41.3837171)
365564404,41.4051234,2.1936275,4,,,,,POINT (2.1936275 41.4051234)
365565044,41.396766,2.2024189,3,,,,,POINT (2.2024189 41.396766)
365565045,41.3980976,2.1938727,4,,,,,POINT (2.1938727 41.3980976)
365565046,41.3970978,2.1930771,4,,,,,POINT (2.1930771 41.3970978)
365565831,41.4032723,2.1938555,4,,,,,POINT (2.1938555 41.4032723)
365565833,41.4044992,2.1922953,3,,,,,POINT (2.1922953 41.4044992)
365566117,41.3985665,2.1989285,4,,,,,POINT (2.1989285 41.3985665)
365566120,41.3994596,2.1977616,3,,,,,POINT (2.1977616 41.3994596)
366061951,41.4469267,2.1764182,4,,,,,POINT (2.1764182 41.4469267)
366061955,41.4476758,2.1756565,4,,,,,POINT (2.1756565 41.4476758)
366061968,41.4480033,2.1753323,4,,,,,POINT (2.1753323 41.4480033)
366061976,41.4477141,2.1747772,3,,,,,POINT (2.1747772 41.4477141)
366062058,41.4470531,2.1783112,4,,,,,POINT (2.1783112 41.4470531)
366062061,41.4476435,2.1769567,3,,,,,POINT (2.1769567 41.4476435)
366062064,41.4469426,2.176767,3,,,,,POINT (2.176767 41.4469426)
366062067,41.4478312,2.1771552,3,,,,,POINT (2.1771552 41.4478312)
366062092,41.4470926,2.1789174,3,,,,,POINT (2.1789174 41.4470926)
366065788,41.448475,2.1748413,3,,,,,POINT (2.1748413 41.448475)
366065819,41.4390545,2.1750753,4,,,,,POINT (2.1750753 41.4390545)
366065820,41.4440432,2.1725475,3,,,,,POINT (2.1725475 41.4440432)
366065821,41.4448521,2.1716333,3,,,,,POINT (2.1716333 41.4448521)
366065823,41.4412874,2.177078,3,,,,,POINT (2.177078 41.4412874)
366065824,41.4445005,2.1711243,4,,,,,POINT (2.1711243 41.4445005)
366065830,41.4454855,2.173727,4,,,,,POINT (2.173727 41.4454855)
366065831,41.4457212,2.1753625,3,,,,,POINT (2.1753625 41.4457212)
366065833,41.4450112,2.1751218,3,,,,,POINT (2.1751218 41.4450112)
366065835,41.4468057,2.175681,3,,,,,POINT (2.175681 41.4468057)
366065837,41.4460502,2.1726317,4,,,,,POINT (2.1726317 41.4460502)
366065840,41.4455741,2.1710851,3,,,,,POINT (2.1710851 41.4455741)
366065841,41.4450679,2.1719673,3,,,,,POINT (2.1719673 41.4450679)
366065844,41.4466592,2.1727591,3,,,,,POINT (2.1727591 41.4466592)
366065846,41.4465615,2.1713813,3,,,,,POINT (2.1713813 41.4465615)
366066655,41.445237,2.1769386,3,,,,,POINT (2.1769386 41.445237)
366213461,41.4459938,2.1781959,3,,,,,POINT (2.1781959 41.4459938)
366213470,41.4480056,2.1770913,3,,,,,POINT (2.1770913 41.4480056)
366213478,41.4479312,2.1795513,3,,,,,POINT (2.1795513 41.4479312)
366213480,41.4472568,2.180267,3,,,,,POINT (2.180267 41.4472568)
366213481,41.4472027,2.1802148,3,,,,,POINT (2.1802148 41.4472027)
366213487,41.4472467,2.1802261,3,,,,,POINT (2.1802261 41.4472467)
366215463,41.4486971,2.1765289,3,,,,,POINT (2.1765289 41.4486971)
366215465,41.4488973,2.176512,3,,,,,POINT (2.176512 41.4488973)
366218442,41.4500033,2.1776503,3,,,,,POINT (2.1776503 41.4500033)
366218462,41.4489339,2.1753731,3,,,,,POINT (2.1753731 41.4489339)
366218466,41.449115,2.1749993,3,,,,,POINT (2.1749993 41.449115)
366222911,41.450252,2.1769778,3,,,,,POINT (2.1769778 41.450252)
366222990,41.4494833,2.174837,3,,,,,POINT (2.174837 41.4494833)
366223023,41.4485182,2.1731912,3,,,,,POINT (2.1731912 41.4485182)
366223036,41.4478879,2.172447,1,,,,,POINT (2.172447 41.4478879)
366223046,41.4483686,2.1735295,3,,,,,POINT (2.1735295 41.4483686)
366223121,41.4469432,2.1716079,3,,,,,POINT (2.1716079 41.4469432)
366995867,41.4114492,2.1463408,3,,,,,POINT (2.1463408 41.4114492)
366996302,41.410829,2.1463239,3,,,,,POINT (2.1463239 41.410829)
371056608,41.4471945,2.1804685,3,,,,,POINT (2.1804685 41.4471945)
376744227,41.4404757,2.16166,3,,,,,POINT (2.16166 41.4404757)
376744232,41.4402504,2.1612231,3,,,,,POINT (2.1612231 41.4402504)
376744278,41.4386994,2.1541268,3,,,,,POINT (2.1541268 41.4386994)
376744303,41.4374732,2.1503886,3,,,,,POINT (2.1503886 41.4374732)
376744330,41.4355824,2.14763,3,,,,,POINT (2.14763 41.4355824)
376746258,41.4316925,2.1454467,3,motorway_junction,5,,,POINT (2.1454467 41.4316925)
376748008,41.4317022,2.1452896,3,,,,,POINT (2.1452896 41.4317022)
376751686,41.4334338,2.146254,3,,,,,POINT (2.146254 41.4334338)
376759381,41.4117711,2.1280166,3,motorway_junction,7,,,POINT (2.1280166 41.4117711)
376785927,41.4115928,2.1236548,3,,,,,POINT (2.1236548 41.4115928)
376802881,41.4097921,2.1241296,1,,,,,POINT (2.1241296 41.4097921)
376805027,41.4147758,2.1297159,3,,,,,POINT (2.1297159 41.4147758)
378208896,41.3828971,2.1223648,3,,,,,POINT (2.1223648 41.3828971)
378214298,41.3846163,2.1225676,3,,,,,POINT (2.1225676 41.3846163)
378214322,41.3866913,2.1228191,3,,,,,POINT (2.1228191 41.3866913)
381009461,41.4075848,2.1222873,4,,,,,POINT (2.1222873 41.4075848)
381009510,41.4059245,2.1200159,4,,,,,POINT (2.1200159 41.4059245)
381015582,41.4074417,2.1225139,4,,,,,POINT (2.1225139 41.4074417)
381023034,41.4092327,2.1248111,3,,,,,POINT (2.1248111 41.4092327)
381897075,41.3947378,2.1914234,4,,,,,POINT (2.1914234 41.3947378)
381897080,41.393932,2.1925083,4,,,,,POINT (2.1925083 41.393932)
381897082,41.3909191,2.196515,4,,,,,POINT (2.196515 41.3909191)
382063644,41.3948963,2.1912349,3,,,,,POINT (2.1912349 41.3948963)
382063655,41.4024464,2.1971608,3,,,,,POINT (2.1971608 41.4024464)
385664091,41.3896639,2.1981835,3,,,,,POINT (2.1981835 41.3896639)
385664092,41.3907931,2.1966895,4,,,,,POINT (2.1966895 41.3907931)
387127454,41.4238782,2.1663062,3,,,,,POINT (2.1663062 41.4238782)
387127456,41.4233682,2.1626473,3,,,,,POINT (2.1626473 41.4233682)
387127462,41.4213637,2.1590502,3,,,,,POINT (2.1590502 41.4213637)
387127467,41.4198074,2.1575827,3,,,,,POINT (2.1575827 41.4198074)
387127513,41.4224119,2.1583178,3,,,,,POINT (2.1583178 41.4224119)
387127514,41.424084,2.1579352,3,,,,,POINT (2.1579352 41.424084)
387127515,41.4230478,2.1558796,4,,,,,POINT (2.1558796 41.4230478)
387127517,41.4226729,2.1550975,3,,,,,POINT (2.1550975 41.4226729)
387127519,41.4237946,2.1551875,4,,,,,POINT (2.1551875 41.4237946)
387127521,41.4226394,2.1530944,3,,,,,POINT (2.1530944 41.4226394)
387127522,41.4242862,2.156081,3,,,,,POINT (2.156081 41.4242862)
387127524,41.4257479,2.154051,4,,,,,POINT (2.154051 41.4257479)
387127526,41.4244218,2.1521661,3,,,,,POINT (2.1521661 41.4244218)
387127534,41.4274484,2.1565557,3,,,,,POINT (2.1565557 41.4274484)
387127535,41.427553,2.1572013,4,,,,,POINT (2.1572013 41.427553)
387127536,41.4278629,2.1586862,3,,,,,POINT (2.1586862 41.4278629)
387127537,41.4276553,2.1579439,4,,,,,POINT (2.1579439 41.4276553)
387127539,41.4234154,2.1580734,3,,,,,POINT (2.1580734 41.4234154)
387127540,41.4225562,2.1563205,3,,,,,POINT (2.1563205 41.4225562)
387127543,41.4235099,2.1567938,3,,,,,POINT (2.1567938 41.4235099)
387127544,41.4246826,2.1568328,4,,,,,POINT (2.1568328 41.4246826)
387127545,41.4238094,2.1573988,4,,,,,POINT (2.1573988 41.4238094)
387127546,41.4231129,2.1574555,4,,,,,POINT (2.1574555 41.4231129)
387127547,41.4214903,2.1576744,3,,,,,POINT (2.1576744 41.4214903)
387127551,41.4203619,2.1570297,3,,,,,POINT (2.1570297 41.4203619)
387127552,41.4206938,2.156764,3,,,,,POINT (2.156764 41.4206938)
387127564,41.4210814,2.153646,3,,,,,POINT (2.153646 41.4210814)
387127584,41.4230182,2.1537603,4,,,,,POINT (2.1537603 41.4230182)
387127585,41.423994,2.1526553,3,,,,,POINT (2.1526553 41.423994)
387127590,41.4244981,2.1564966,3,,,,,POINT (2.1564966 41.4244981)
387127596,41.4263517,2.1564082,3,,,,,POINT (2.1564082 41.4263517)
387127597,41.4215907,2.1586669,3,,,,,POINT (2.1586669 41.4215907)
387127599,41.4232182,2.1590057,3,,,,,POINT (2.1590057 41.4232182)
387127612,41.4264752,2.1581466,3,,,,,POINT (2.1581466 41.4264752)
387127614,41.4262318,2.1575406,3,,,,,POINT (2.1575406 41.4262318)
387127630,41.4236343,2.1607711,4,,,,,POINT (2.1607711 41.4236343)
387127632,41.4252366,2.1611088,3,,,,,POINT (2.1611088 41.4252366)
387127633,41.4238629,2.1617066,4,,,,,POINT (2.1617066 41.4238629)
387127634,41.4224442,2.162297,4,,,,,POINT (2.162297 41.4224442)
387127639,41.4243994,2.1585689,3,,,,,POINT (2.1585689 41.4243994)
387127642,41.425899,2.1619372,3,,,,,POINT (2.1619372 41.425899)
387127643,41.4272075,2.1636232,3,,,,,POINT (2.1636232 41.4272075)
387127646,41.4263875,2.1600427,3,,,,,POINT (2.1600427 41.4263875)
387127648,41.4239857,2.1625,3,,,,,POINT (2.1625 41.4239857)
387127649,41.4263156,2.162468,3,,,,,POINT (2.162468 41.4263156)
387127656,41.4250245,2.1636408,4,,,,,POINT (2.1636408 41.4250245)
387127657,41.4249652,2.1624356,3,,,,,POINT (2.1624356 41.4249652)
387127660,41.4221129,2.1650607,2,,,,,POINT (2.1650607 41.4221129)
387127664,41.4230576,2.1652087,4,,,,,POINT (2.1652087 41.4230576)
387127681,41.4187359,2.1721345,3,,,,,POINT (2.1721345 41.4187359)
387127682,41.4166978,2.1660923,3,,,,,POINT (2.1660923 41.4166978)
387127688,41.4183002,2.1679222,3,,,,,POINT (2.1679222 41.4183002)
387127694,41.4167905,2.1745498,4,,,,,POINT (2.1745498 41.4167905)
387127696,41.4183213,2.1718412,4,,,,,POINT (2.1718412 41.4183213)
387127697,41.4178687,2.1741977,3,,,,,POINT (2.1741977 41.4178687)
387127698,41.4169413,2.1741086,3,,,,,POINT (2.1741086 41.4169413)
387127704,41.4220808,2.1744765,4,,,,,POINT (2.1744765 41.4220808)
387127705,41.4243033,2.1760516,4,,,,,POINT (2.1760516 41.4243033)
387127706,41.4250236,2.176512,4,,,yes,,POINT (2.176512 41.4250236)
387127707,41.4250029,2.1742932,4,,,,,POINT (2.1742932 41.4250029)
387127708,41.4256595,2.1754967,3,,,yes,,POINT (2.1754967 41.4256595)
387127719,41.4257451,2.1686244,3,,,,,POINT (2.1686244 41.4257451)
387127729,41.4267328,2.1649433,3,,,,,POINT (2.1649433 41.4267328)
387127731,41.4265081,2.1663736,3,,,,,POINT (2.1663736 41.4265081)
387127737,41.4268825,2.1683536,3,,,,,POINT (2.1683536 41.4268825)
387127740,41.4261833,2.1706599,3,,,,,POINT (2.1706599 41.4261833)
387127746,41.4271818,2.1699708,3,,,yes,,POINT (2.1699708 41.4271818)
387127747,41.4253392,2.1762188,3,,,,,POINT (2.1762188 41.4253392)
387127748,41.4255242,2.1759337,3,,,yes,,POINT (2.1759337 41.4255242)
387127757,41.4254809,2.1773189,4,,,,,POINT (2.1773189 41.4254809)
387127774,41.4226143,2.1707153,4,,,,,POINT (2.1707153 41.4226143)
387130473,41.4278032,2.165014,3,,,yes,,POINT (2.165014 41.4278032)
387130477,41.4257305,2.1651219,3,,,,,POINT (2.1651219 41.4257305)
387130478,41.4256308,2.1656412,4,,,,,POINT (2.1656412 41.4256308)
387130480,41.4252592,2.1671487,4,,,,,POINT (2.1671487 41.4252592)
387130486,41.427127,2.1673213,3,,,,,POINT (2.1673213 41.427127)
387130487,41.4275672,2.1673238,4,,,yes,,POINT (2.1673238 41.4275672)
387130491,41.4216465,2.173165,3,,,,,POINT (2.173165 41.4216465)
387130493,41.4212996,2.1739206,4,,,,,POINT (2.1739206 41.4212996)
387130494,41.4214022,2.177103,4,,,,,POINT (2.177103 41.4214022)
387130495,41.4203517,2.1768947,4,,,,,POINT (2.1768947 41.4203517)
387130499,41.4156133,2.1729734,3,,,,,POINT (2.1729734 41.4156133)
387130502,41.4149078,2.1694515,3,,,,,POINT (2.1694515 41.4149078)
387130505,41.4174547,2.1703145,3,,,,,POINT (2.1703145 41.4174547)
387130514,41.4179957,2.1742048,3,,,,,POINT (2.1742048 41.4179957)
387130522,41.4202253,2.1768597,4,,,,,POINT (2.1768597 41.4202253)
387130523,41.4199012,2.1772633,4,,,,,POINT (2.1772633 41.4199012)
387130524,41.4194193,2.1765918,3,crossing,,,,POINT (2.1765918 41.4194193)
387130529,41.4239013,2.1734978,3,,,,,POINT (2.1734978 41.4239013)
387130531,41.4235807,2.1742756,3,,,,,POINT (2.1742756 41.4235807)
387130532,41.4229218,2.170981,3,,,,,POINT (2.170981 41.4229218)
387130533,41.4231759,2.1719041,3,,,,,POINT (2.1719041 41.4231759)
387130629,41.4174649,2.1632629,1,,,,,POINT (2.1632629 41.4174649)
387130659,41.4195383,2.1625843,1,,,,,POINT (2.1625843 41.4195383)
387130660,41.4195013,2.1636543,3,,,,,POINT (2.1636543 41.4195013)
387130661,41.4191751,2.1641136,3,,,,,POINT (2.1641136 41.4191751)
387130662,41.4191436,2.1649068,3,,,,,POINT (2.1649068 41.4191436)
387130663,41.4192518,2.1629198,1,,,,,POINT (2.1629198 41.4192518)
390057398,41.3857124,2.1111227,3,,,,,POINT (2.1111227 41.3857124)
390057400,41.3875787,2.1140344,3,,,,,POINT (2.1140344 41.3875787)
390057402,41.3880895,2.1153758,3,,,,,POINT (2.1153758 41.3880895)
390057403,41.3857082,2.1170163,3,,,,,POINT (2.1170163 41.3857082)
390057404,41.3860309,2.1168192,3,crossing,,,,POINT (2.1168192 41.3860309)
390057405,41.3845122,2.1107424,4,,,,,POINT (2.1107424 41.3845122)
390057406,41.3840654,2.1089843,3,,,,,POINT (2.1089843 41.3840654)
390057407,41.3836375,2.1088602,4,,,,,POINT (2.1088602 41.3836375)
390057408,41.384652,2.1106797,3,,,,,POINT (2.1106797 41.384652)
390057410,41.3848542,2.1120383,3,crossing,,,,POINT (2.1120383 41.3848542)
390227080,41.3868114,2.1222907,4,,,,,POINT (2.1222907 41.3868114)
390227083,41.3855348,2.1265784,3,,,,,POINT (2.1265784 41.3855348)
390227092,41.364958,2.1350698,3,,,,,POINT (2.1350698 41.364958)
390227095,41.3646183,2.1349389,3,,,,,POINT (2.1349389 41.3646183)
390227097,41.364371,2.1352496,3,,,,,POINT (2.1352496 41.364371)
390227098,41.3643582,2.1353806,3,,,,,POINT (2.1353806 41.3643582)
390227101,41.364677,2.1358578,3,,,,,POINT (2.1358578 41.364677)
390227104,41.3650134,2.1356695,4,traffic_signals,,,,POINT (2.1356695 41.3650134)
390227105,41.3650561,2.1353539,3,,,,,POINT (2.1353539 41.3650561)
390227118,41.3891146,2.1277738,3,,,,,POINT (2.1277738 41.3891146)
390227124,41.3864795,2.1273464,3,,,,,POINT (2.1273464 41.3864795)
390227125,41.3876889,2.1274808,3,,,,,POINT (2.1274808 41.3876889)
390227126,41.387963,2.1275754,3,,,,,POINT (2.1275754 41.387963)
390227134,41.3865051,2.1201554,3,,,,,POINT (2.1201554 41.3865051)
390227137,41.3827527,2.1056424,3,,,,,POINT (2.1056424 41.3827527)
390227138,41.3842103,2.112072,4,,,,,POINT (2.112072 41.3842103)
390227139,41.3839658,2.1111198,3,,,,,POINT (2.1111198 41.3839658)
390227141,41.3876577,2.1229776,3,,,,,POINT (2.1229776 41.3876577)
390227221,41.3867326,2.1120012,3,,,,,POINT (2.1120012 41.3867326)
390878333,41.415835,2.142977,3,,,,,POINT (2.142977 41.415835)
390878338,41.414113,2.1447057,3,,,,,POINT (2.1447057 41.414113)
390878435,41.4107558,2.1433106,3,,,,,POINT (2.1433106 41.4107558)
390879715,41.4126294,2.2040084,3,,,,,POINT (2.2040084 41.4126294)
391084122,41.4433838,2.1548126,3,,,,,POINT (2.1548126 41.4433838)
391084137,41.4411813,2.1550474,3,,,,,POINT (2.1550474 41.4411813)
391084147,41.4435499,2.1549201,4,,,,,POINT (2.1549201 41.4435499)
391084148,41.4437893,2.155,3,,,,,POINT (2.155 41.4437893)
391086097,41.4378515,2.1514383,3,,,,,POINT (2.1514383 41.4378515)
392351066,41.4257874,2.1500227,3,,,,,POINT (2.1500227 41.4257874)
392351069,41.4260423,2.1504324,3,,,,,POINT (2.1504324 41.4260423)
392351072,41.4263664,2.1502515,4,,,,,POINT (2.1502515 41.4263664)
392351074,41.4263881,2.1498448,3,,,,,POINT (2.1498448 41.4263881)
392351136,41.4266865,2.1497039,3,,,,,POINT (2.1497039 41.4266865)
392351451,41.424385,2.147293,4,,,,,POINT (2.147293 41.424385)
392351456,41.4244263,2.1450711,3,,,,,POINT (2.1450711 41.4244263)
392352555,41.4403539,2.1634862,3,motorway_junction,3,,,POINT (2.1634862 41.4403539)
392353660,41.4445952,2.1740201,4,,,,,POINT (2.1740201 41.4445952)
392359251,41.4069571,2.1218994,3,,,,,POINT (2.1218994 41.4069571)
393144498,41.411809,2.1605093,4,,,,,POINT (2.1605093 41.411809)
393392267,41.4418415,2.2074141,3,motorway_junction,30,,,POINT (2.2074141 41.4418415)
393394096,41.4436619,2.2059595,3,,,,,POINT (2.2059595 41.4436619)
393394107,41.4433787,2.2062851,3,,,,,POINT (2.2062851 41.4433787)
395272168,41.4114121,2.1496552,3,,,,,POINT (2.1496552 41.4114121)
395285930,41.431889,2.1932728,5,,,,,POINT (2.1932728 41.431889)
395286289,41.430117,2.193707,4,,,,,POINT (2.193707 41.430117)
395287052,41.4312446,2.1935008,3,,,,,POINT (2.1935008 41.4312446)
395287053,41.4311807,2.1930911,3,,,,,POINT (2.1930911 41.4311807)
395287462,41.4310258,2.1917471,4,,,,,POINT (2.1917471 41.4310258)
395305579,41.4278852,2.1924815,3,,,,,POINT (2.1924815 41.4278852)
401795296,41.4281902,2.1939392,3,,,,,POINT (2.1939392 41.4281902)
401795297,41.428202,2.1951478,3,,,,,POINT (2.1951478 41.428202)
401795938,41.427303,2.1916329,3,,,,,POINT (2.1916329 41.427303)
401797461,41.4286209,2.1873136,3,,,,,POINT (2.1873136 41.4286209)
401798222,41.4300236,2.1917572,3,,,,,POINT (2.1917572 41.4300236)
401798223,41.4296363,2.1926265,3,,,,,POINT (2.1926265 41.4296363)
401870564,41.3757866,2.1173406,3,,,,,POINT (2.1173406 41.3757866)
401870894,41.3793316,2.1134034,3,,,,,POINT (2.1134034 41.3793316)
402875749,41.4334505,2.1522195,3,,,,,POINT (2.1522195 41.4334505)
402875760,41.4315701,2.1538524,3,,,,,POINT (2.1538524 41.4315701)
402875797,41.4126127,2.1669132,3,,,,,POINT (2.1669132 41.4126127)
402875805,41.4123687,2.1667098,4,,,,,POINT (2.1667098 41.4123687)
402883109,41.4127482,2.1590582,4,,,,,POINT (2.1590582 41.4127482)
402883120,41.4122144,2.1582862,3,,,,,POINT (2.1582862 41.4122144)
402883127,41.4115494,2.1572638,4,,,,,POINT (2.1572638 41.4115494)
402883140,41.4122473,2.1600032,4,traffic_signals,,,,POINT (2.1600032 41.4122473)
402894803,41.4122668,2.1540551,4,,,,,POINT (2.1540551 41.4122668)
402899818,41.422734,2.1889043,4,,,,,POINT (2.1889043 41.422734)
408397901,41.4466126,2.2032965,3,motorway_junction,30,,,POINT (2.2032965 41.4466126)
408397910,41.4439261,2.2054482,3,,,,,POINT (2.2054482 41.4439261)
408908795,41.4053847,2.1441855,3,,,,,POINT (2.1441855 41.4053847)
408908796,41.4037967,2.1465573,4,,,,,POINT (2.1465573 41.4037967)
408908799,41.4017097,2.1496796,4,,,,,POINT (2.1496796 41.4017097)
408908925,41.4059173,2.1434243,3,,,,,POINT (2.1434243 41.4059173)
409003210,41.4031693,2.145492,4,,,,,POINT (2.145492 41.4031693)
409003535,41.4040866,2.1398645,3,,,,,POINT (2.1398645 41.4040866)
409005531,41.402453,2.1485701,4,,,,,POINT (2.1485701 41.402453)
409505319,41.400666,2.1423308,4,,,,,POINT (2.1423308 41.400666)
409505320,41.400198,2.1429104,4,,,,,POINT (2.1429104 41.400198)
409505321,41.3997403,2.1434325,3,,,,,POINT (2.1434325 41.3997403)
409505487,41.3978091,2.1457536,3,,,,,POINT (2.1457536 41.3978091)
409506333,41.4015125,2.1450633,4,,,,,POINT (2.1450633 41.4015125)
409506335,41.3999802,2.1469497,4,,,,,POINT (2.1469497 41.3999802)
409506336,41.3992945,2.147784,4,,,,,POINT (2.147784 41.3992945)
409506383,41.3975739,2.1498604,3,,,,,POINT (2.1498604 41.3975739)
409506494,41.4004449,2.1432837,4,,,,,POINT (2.1432837 41.4004449)
409506495,41.4010885,2.1429212,3,,,,,POINT (2.1429212 41.4010885)
410301832,41.3617928,2.1608847,3,,,,,POINT (2.1608847 41.3617928)
410301867,41.3668241,2.1616695,3,,,,,POINT (2.1616695 41.3668241)
410301873,41.3664979,2.1589494,3,,,,,POINT (2.1589494 41.3664979)
411290662,41.3986626,2.1406372,3,,,,,POINT (2.1406372 41.3986626)
412362689,41.397801,2.1387378,4,,,,,POINT (2.1387378 41.397801)
412362692,41.4006698,2.1387151,3,,,,,POINT (2.1387151 41.4006698)
412362696,41.3985913,2.1387358,4,,,,,POINT (2.1387358 41.3985913)
412362700,41.3969834,2.1387073,4,,,,,POINT (2.1387073 41.3969834)
412362702,41.3963442,2.1386994,3,,,,,POINT (2.1386994 41.3963442)
412370060,41.403376,2.1457952,4,,,,,POINT (2.1457952 41.403376)
412370061,41.4018867,2.1477611,4,,,,,POINT (2.1477611 41.4018867)
412370062,41.4045348,2.1443101,3,,,,,POINT (2.1443101 41.4045348)
412370064,41.4016357,2.1481411,3,,,,,POINT (2.1481411 41.4016357)
412370994,41.4038961,2.150117,3,,,,,POINT (2.150117 41.4038961)
412370995,41.4056821,2.1481222,4,,,,,POINT (2.1481222 41.4056821)
412370999,41.4057068,2.1468545,4,,,,,POINT (2.1468545 41.4057068)
412371000,41.4057927,2.1467425,4,,,,,POINT (2.1467425 41.4057927)
412371001,41.4061491,2.1462439,4,,,,,POINT (2.1462439 41.4061491)
412371013,41.4042709,2.1498394,3,,,,,POINT (2.1498394 41.4042709)
412398656,41.4009797,2.1467034,3,,,,,POINT (2.1467034 41.4009797)
412398657,41.4006953,2.1460829,4,,,,,POINT (2.1460829 41.4006953)
412398660,41.3993278,2.1439307,4,,,,,POINT (2.1439307 41.3993278)
412398661,41.3988762,2.1431998,4,,,,,POINT (2.1431998 41.3988762)
412398663,41.3984365,2.1422831,4,,,,,POINT (2.1422831 41.3984365)
412398667,41.3978528,2.139945,3,,,,,POINT (2.139945 41.3978528)
412398683,41.3976346,2.1539777,3,,,,,POINT (2.1539777 41.3976346)
412398689,41.3967663,2.1550265,4,,,,,POINT (2.1550265 41.3967663)
412398695,41.3966891,2.1549054,4,,,,,POINT (2.1549054 41.3966891)
412398704,41.4009488,2.149926,4,,,,,POINT (2.149926 41.4009488)
412398706,41.4011476,2.1488024,4,,,,,POINT (2.1488024 41.4011476)
412414651,41.4130181,2.1496469,3,crossing,,,,POINT (2.1496469 41.4130181)
412415110,41.414806,2.1495882,1,,,,,POINT (2.1495882 41.414806)
412415473,41.413641,2.1485267,3,,,,,POINT (2.1485267 41.413641)
412415483,41.4131627,2.1469092,3,,,,,POINT (2.1469092 41.4131627)
412415485,41.4133966,2.1492084,3,,,,,POINT (2.1492084 41.4133966)
412426589,41.3668849,2.1479781,3,,,,,POINT (2.1479781 41.3668849)
412429857,41.4146879,2.1492787,1,,,,,POINT (2.1492787 41.4146879)
412435887,41.3610145,2.1398884,4,,,,,POINT (2.1398884 41.3610145)
412435888,41.3605182,2.1386597,4,,,,,POINT (2.1386597 41.3605182)
412436259,41.3602865,2.1429756,3,,,,,POINT (2.1429756 41.3602865)
412436260,41.3583839,2.1401985,4,,,,,POINT (2.1401985 41.3583839)
412436523,41.3651918,2.1389452,3,,,,,POINT (2.1389452 41.3651918)
412436525,41.3632706,2.1394342,3,,,,,POINT (2.1394342 41.3632706)
412436531,41.3596388,2.1420759,4,,,,,POINT (2.1420759 41.3596388)
412436535,41.3579793,2.1436075,4,,,,,POINT (2.1436075 41.3579793)
412436539,41.3567411,2.1441782,3,,,,,POINT (2.1441782 41.3567411)
412436543,41.3553594,2.1462699,3,,,,,POINT (2.1462699 41.3553594)
412436576,41.3522666,2.1570685,4,,,,,POINT (2.1570685 41.3522666)
412437295,41.365221,2.1390987,3,,,,,POINT (2.1390987 41.365221)
412437296,41.3633252,2.1397042,3,,,,,POINT (2.1397042 41.3633252)
412437304,41.3591675,2.1447291,5,,,,,POINT (2.1447291 41.3591675)
412437310,41.3567533,2.145868,3,,,,,POINT (2.145868 41.3567533)
412437321,41.3520591,2.1532713,3,,,,,POINT (2.1532713 41.3520591)
412437323,41.3523998,2.1553285,3,,,,,POINT (2.1553285 41.3523998)
412437504,41.3659051,2.1397081,3,,,,,POINT (2.1397081 41.3659051)
412437506,41.3654345,2.1388074,3,,,,,POINT (2.1388074 41.3654345)
412437788,41.3635567,2.1364686,4,,,,,POINT (2.1364686 41.3635567)
412438078,41.3687226,2.1434316,3,,,,,POINT (2.1434316 41.3687226)
412438222,41.3672668,2.14019,3,,,,,POINT (2.14019 41.3672668)
412442324,41.4090409,2.1658678,4,traffic_signals,,,,POINT (2.1658678 41.4090409)
412442591,41.4122552,2.1707505,4,,,,,POINT (2.1707505 41.4122552)
412442631,41.4118897,2.1645929,4,,,,,POINT (2.1645929 41.4118897)
412444488,41.4146036,2.1720904,4,,,,,POINT (2.1720904 41.4146036)
412444524,41.4147765,2.1718544,3,,,,,POINT (2.1718544 41.4147765)
412444593,41.4143672,2.172394,3,,,,,POINT (2.172394 41.4143672)
412444617,41.4154303,2.1732114,4,,,,,POINT (2.1732114 41.4154303)
412444645,41.4141646,2.171031,3,,3543,,,POINT (2.171031 41.4141646)
412444660,41.4139935,2.1712735,3,,,,,POINT (2.1712735 41.4139935)
412444724,41.4139362,2.170715,4,,,,,POINT (2.170715 41.4139362)
412446052,41.4125965,2.1596185,5,traffic_signals,,,,POINT (2.1596185 41.4125965)
412446059,41.4119398,2.1585244,4,,,,,POINT (2.1585244 41.4119398)
412446078,41.4126536,2.1620409,6,,,,,POINT (2.1620409 41.4126536)
412446734,41.4115773,2.152409,3,,,,,POINT (2.152409 41.4115773)
412446735,41.4118682,2.1529222,3,,,,,POINT (2.1529222 41.4118682)
412449343,41.4113869,2.1545986,1,,,,,POINT (2.1545986 41.4113869)
412449344,41.4115191,2.1550045,4,,,,,POINT (2.1550045 41.4115191)
412449353,41.4119819,2.1559677,3,,,,,POINT (2.1559677 41.4119819)
412449528,41.4092554,2.1631892,3,,,,,POINT (2.1631892 41.4092554)
412449780,41.4069245,2.1507384,3,,,,,POINT (2.1507384 41.4069245)
412450364,41.4143812,2.1475478,3,,,,,POINT (2.1475478 41.4143812)
412450365,41.4151197,2.1476106,4,,,,,POINT (2.1476106 41.4151197)
412450367,41.4178955,2.1488626,4,,,,,POINT (2.1488626 41.4178955)
412450368,41.4193338,2.1496709,3,,,,,POINT (2.1496709 41.4193338)
412450402,41.4177993,2.1492016,4,,,,,POINT (2.1492016 41.4177993)
412450458,41.4154929,2.1480845,3,,,,,POINT (2.1480845 41.4154929)
412451010,41.4182153,2.1478324,4,,,,,POINT (2.1478324 41.4182153)
412451014,41.4199483,2.1489331,3,,,,,POINT (2.1489331 41.4199483)
412451016,41.4203648,2.1492456,3,,,,,POINT (2.1492456 41.4203648)
412451017,41.4201746,2.1517976,3,,,,,POINT (2.1517976 41.4201746)
412451123,41.4247078,2.1518218,4,,,,,POINT (2.1518218 41.4247078)
412451183,41.4247492,2.1509463,3,,,,,POINT (2.1509463 41.4247492)
412451335,41.4229697,2.1494436,4,,,,,POINT (2.1494436 41.4229697)
412451336,41.4219661,2.148512,4,,,,,POINT (2.148512 41.4219661)
412451338,41.4226597,2.1500108,4,,,,,POINT (2.1500108 41.4226597)
412451511,41.4209612,2.1497818,3,,,,,POINT (2.1497818 41.4209612)
412451514,41.421679,2.1510754,3,,,,,POINT (2.1510754 41.421679)
412451684,41.4218715,2.1506421,5,,,,,POINT (2.1506421 41.4218715)
412451697,41.4230421,2.148704,4,,,,,POINT (2.148704 41.4230421)
412451710,41.4225884,2.1472295,4,,,,,POINT (2.1472295 41.4225884)
412451761,41.4211497,2.15017,4,,,,,POINT (2.15017 41.4211497)
412452134,41.4217146,2.1522683,3,,,,,POINT (2.1522683 41.4217146)
412452498,41.4172772,2.1493906,3,,,,,POINT (2.1493906 41.4172772)
412452514,41.4175304,2.1500455,3,,,,,POINT (2.1500455 41.4175304)
412452515,41.4170985,2.1506099,3,,,,,POINT (2.1506099 41.4170985)
412452564,41.4169998,2.151338,1,,,,,POINT (2.151338 41.4169998)
412452565,41.4169425,2.1518995,1,,,,,POINT (2.1518995 41.4169425)
412452567,41.4172865,2.1513998,3,,,,,POINT (2.1513998 41.4172865)
412452568,41.4173685,2.150909,3,,,,,POINT (2.150909 41.4173685)
412452734,41.4157726,2.1428977,3,,,,,POINT (2.1428977 41.4157726)
412452735,41.4139472,2.1440577,3,,,,,POINT (2.1440577 41.4139472)
412453095,41.4139095,2.1376749,4,,,,,POINT (2.1376749 41.4139095)
412453115,41.4148226,2.1383375,3,,,,,POINT (2.1383375 41.4148226)
412453116,41.4148738,2.1383424,3,,,,,POINT (2.1383424 41.4148738)
412453120,41.4151278,2.1395923,3,,,,,POINT (2.1395923 41.4151278)
412453127,41.4126743,2.1430294,3,,,,,POINT (2.1430294 41.4126743)
412453201,41.4158155,2.1421268,3,,,,,POINT (2.1421268 41.4158155)
412453202,41.417316,2.1411633,3,,,,,POINT (2.1411633 41.417316)
412453203,41.4180228,2.1391744,3,,,,,POINT (2.1391744 41.4180228)
412453212,41.4187714,2.140869,4,,,,,POINT (2.140869 41.4187714)
412453236,41.4211929,2.1406642,4,,,,,POINT (2.1406642 41.4211929)
412453359,41.4165877,2.1401458,3,,,,,POINT (2.1401458 41.4165877)
412453391,41.4162377,2.1395625,3,,,,,POINT (2.1395625 41.4162377)
412453392,41.4168618,2.1386977,3,,,,,POINT (2.1386977 41.4168618)
412453955,41.4135753,2.1406169,3,,,,,POINT (2.1406169 41.4135753)
412453967,41.4148095,2.1427757,3,,,,,POINT (2.1427757 41.4148095)
412453971,41.4143794,2.1379556,3,,,,,POINT (2.1379556 41.4143794)
412453976,41.4154493,2.1360626,3,,,,,POINT (2.1360626 41.4154493)
412453978,41.415064,2.1363268,3,,,,,POINT (2.1363268 41.415064)
412454419,41.4143942,2.137124,3,,,,,POINT (2.137124 41.4143942)
412454889,41.4167601,2.1395488,1,,,,,POINT (2.1395488 41.4167601)
412454890,41.4168984,2.1397206,4,,,,,POINT (2.1397206 41.4168984)
412454891,41.4172022,2.1401031,1,,,,,POINT (2.1401031 41.4172022)
412457668,41.4163993,2.1383638,3,,,,,POINT (2.1383638 41.4163993)
412457946,41.4176935,2.1387599,3,motorway_junction,6,,,POINT (2.1387599 41.4176935)
412457981,41.414618,2.1332404,3,,,,,POINT (2.1332404 41.414618)
412457999,41.4145013,2.1332179,3,motorway_junction,6,,,POINT (2.1332179 41.4145013)
412458147,41.4155248,2.1378548,3,,,,,POINT (2.1378548 41.4155248)
412458316,41.417728,2.1389158,3,,,,,POINT (2.1389158 41.417728)
412458357,41.4163538,2.1370951,3,traffic_signals,,,,POINT (2.1370951 41.4163538)
412458358,41.4160752,2.1365798,3,,,,,POINT (2.1365798 41.4160752)
412458711,41.4159273,2.1390447,3,,,,,POINT (2.1390447 41.4159273)
412460039,41.4108482,2.1424335,3,,,,,POINT (2.1424335 41.4108482)
412460056,41.4093385,2.1407545,3,,,,,POINT (2.1407545 41.4093385)
412461683,41.4108067,2.1456215,3,,,,,POINT (2.1456215 41.4108067)
412461954,41.4090493,2.1450778,4,,,,,POINT (2.1450778 41.4090493)
412461955,41.4096883,2.1462959,4,,,,,POINT (2.1462959 41.4096883)
412461999,41.4118955,2.1424386,3,,,,,POINT (2.1424386 41.4118955)
412462146,41.4117203,2.1450544,3,,,,,POINT (2.1450544 41.4117203)
412464271,41.4123742,2.1433381,3,,,,,POINT (2.1433381 41.4123742)
412464587,41.4138382,2.1465014,1,,,,,POINT (2.1465014 41.4138382)
412464588,41.4137475,2.146368,1,,,,,POINT (2.146368 41.4137475)
412465396,41.4117772,2.1463897,3,,,,,POINT (2.1463897 41.4117772)
412466900,41.4117831,2.145716,4,,,,,POINT (2.145716 41.4117831)
412547375,41.4075712,2.1441864,3,,,,,POINT (2.1441864 41.4075712)
412547376,41.4078829,2.1436783,1,,,,,POINT (2.1436783 41.4078829)
412547381,41.406647,2.1440494,3,,,,,POINT (2.1440494 41.406647)
412549129,41.4085797,2.1471937,3,,,,,POINT (2.1471937 41.4085797)
412549130,41.4076648,2.1480663,4,,,,,POINT (2.1480663 41.4076648)
412549132,41.4078675,2.1463234,4,,,,,POINT (2.1463234 41.4078675)
412549133,41.40568,2.1437737,3,,2872,,,POINT (2.1437737 41.40568)
412549139,41.4057153,2.1457441,4,,,,,POINT (2.1457441 41.4057153)
414683100,41.4054765,2.1441166,3,,,,,POINT (2.1441166 41.4054765)
414683104,41.4061458,2.148438,3,,,,,POINT (2.148438 41.4061458)
414683108,41.405217,2.1399489,3,,,,,POINT (2.1399489 41.405217)
414683109,41.4050948,2.1404275,3,,,,,POINT (2.1404275 41.4050948)
414920300,41.3707745,2.1604901,1,,,,,POINT (2.1604901 41.3707745)
415402206,41.4402084,2.176126,3,,,,,POINT (2.176126 41.4402084)
415402209,41.4407465,2.1767665,3,,,,,POINT (2.1767665 41.4407465)
415402216,41.4392326,2.1817705,5,,,,,POINT (2.1817705 41.4392326)
415402218,41.438338,2.1748725,3,,,,,POINT (2.1748725 41.438338)
415402221,41.4392964,2.1663177,4,,,,,POINT (2.1663177 41.4392964)
415716564,41.4413858,2.1667117,5,,,,,POINT (2.1667117 41.4413858)
415716566,41.440972,2.1669591,3,,,,,POINT (2.1669591 41.440972)
415716567,41.4406995,2.16868,4,,,,,POINT (2.16868 41.4406995)
415716575,41.4418324,2.166655,3,traffic_signals,,,,POINT (2.166655 41.4418324)
415718626,41.4426056,2.1698696,3,,,,,POINT (2.1698696 41.4426056)
415718630,41.4386958,2.1724772,4,,,,,POINT (2.1724772 41.4386958)
415718632,41.4386185,2.1724655,3,,,,,POINT (2.1724655 41.4386185)
415718635,41.4388858,2.1705602,3,,,,,POINT (2.1705602 41.4388858)
415718637,41.4403724,2.1706827,3,,,,,POINT (2.1706827 41.4403724)
415719087,41.4390774,2.1685953,3,,,,,POINT (2.1685953 41.4390774)
415884755,41.4028807,2.1618418,3,,,,,POINT (2.1618418 41.4028807)
415884756,41.4023685,2.1610659,3,,,,,POINT (2.1610659 41.4023685)
415933631,41.399193,2.1456965,3,,,,,POINT (2.1456965 41.399193)
415933868,41.4007036,2.1496099,4,,,,,POINT (2.1496099 41.4007036)
415933918,41.3984249,2.1466417,4,,,,,POINT (2.1466417 41.3984249)
415935008,41.4019191,2.1615815,3,,,,,POINT (2.1615815 41.4019191)
415935111,41.4023597,2.1634267,3,,,,,POINT (2.1634267 41.4023597)
415935180,41.4014085,2.162095,3,,,,,POINT (2.162095 41.4014085)
415935210,41.4021604,2.1636812,3,,,,,POINT (2.1636812 41.4021604)
415937924,41.4020781,2.1614084,3,,,,,POINT (2.1614084 41.4020781)
415941159,41.4003762,2.154841,3,,,,,POINT (2.154841 41.4003762)
415943065,41.397526,2.1585131,3,,,,,POINT (2.1585131 41.397526)
415947301,41.403843,2.1590026,1,,,,,POINT (2.1590026 41.403843)
415950289,41.4065571,2.1494439,4,,,,,POINT (2.1494439 41.4065571)
415955413,41.4078296,2.1508002,4,,,,,POINT (2.1508002 41.4078296)
415955414,41.4079704,2.1510316,3,,,,,POINT (2.1510316 41.4079704)
415955415,41.4084895,2.1523166,4,,,,,POINT (2.1523166 41.4084895)
415955417,41.4090097,2.1538045,4,,,,,POINT (2.1538045 41.4090097)
415956312,41.4118466,2.1639596,3,,,,,POINT (2.1639596 41.4118466)
415956313,41.4096239,2.1552868,3,,,,,POINT (2.1552868 41.4096239)
415956314,41.4108336,2.1570866,3,,,,,POINT (2.1570866 41.4108336)
415956315,41.4102375,2.1561896,3,,,,,POINT (2.1561896 41.4102375)
415956316,41.4111852,2.1576237,5,,,,,POINT (2.1576237 41.4111852)
415956317,41.4099261,2.1557343,3,,,,,POINT (2.1557343 41.4099261)
415956323,41.4124578,2.1612664,3,,,,,POINT (2.1612664 41.4124578)
415989799,41.4049135,2.1939241,4,,,,,POINT (2.1939241 41.4049135)
415991021,41.4500135,2.1835373,4,,,,,POINT (2.1835373 41.4500135)
415993658,41.4494879,2.1813505,3,,,,,POINT (2.1813505 41.4494879)
415994535,41.4371918,2.1805499,4,,,,,POINT (2.1805499 41.4371918)
415994538,41.4364704,2.1842272,4,,,,,POINT (2.1842272 41.4364704)
415994560,41.4386332,2.1763199,4,,,,,POINT (2.1763199 41.4386332)
415994563,41.4390032,2.1752153,4,,,,,POINT (2.1752153 41.4390032)
416012188,41.4294921,2.1773534,4,,,,,POINT (2.1773534 41.4294921)
416012192,41.4314688,2.1773972,4,,,,,POINT (2.1773972 41.4314688)
416012194,41.4280532,2.1780747,3,,,,,POINT (2.1780747 41.4280532)
416012196,41.4286796,2.1780786,4,,,,,POINT (2.1780786 41.4286796)
416012198,41.4294805,2.1781011,4,,,,,POINT (2.1781011 41.4294805)
416012204,41.4279191,2.1789301,3,,,,,POINT (2.1789301 41.4279191)
416012205,41.4286777,2.1789534,4,,,,,POINT (2.1789534 41.4286777)
416012206,41.4294731,2.1789771,4,,,,,POINT (2.1789771 41.4294731)
416012209,41.4320922,2.1790758,4,,,,,POINT (2.1790758 41.4320922)
416012211,41.427777,2.1807267,4,,,,,POINT (2.1807267 41.427777)
416012214,41.429437,2.1807795,4,,,,,POINT (2.1807795 41.429437)
416088703,41.3410802,2.1238412,3,motorway_junction,17,,,POINT (2.1238412 41.3410802)
416114584,41.4183633,2.1002293,2,,,,,POINT (2.1002293 41.4183633)
416115182,41.4188679,2.0961421,3,,,,,POINT (2.0961421 41.4188679)
416115190,41.417863,2.0947106,3,,,,,POINT (2.0947106 41.417863)
416115207,41.4163905,2.0961538,3,,,,,POINT (2.0961538 41.4163905)
416115210,41.4171045,2.0964658,3,,,,,POINT (2.0964658 41.4171045)
416115224,41.41748,2.093997,1,,,,,POINT (2.093997 41.41748)
416115228,41.4188782,2.0968214,1,,,,,POINT (2.0968214 41.4188782)
416115336,41.4162196,2.0968857,3,,,,,POINT (2.0968857 41.4162196)
416115380,41.415579,2.0920969,2,,,,,POINT (2.0920969 41.415579)
416115397,41.4159804,2.0951819,3,,,,,POINT (2.0951819 41.4159804)
416116584,41.4103755,2.1026502,3,,,,,POINT (2.1026502 41.4103755)
416116590,41.409174,2.1020802,3,,,,,POINT (2.1020802 41.409174)
416116604,41.4129311,2.1044631,3,,,,,POINT (2.1044631 41.4129311)
416116731,41.4145047,2.1054517,3,,,,,POINT (2.1054517 41.4145047)
416116749,41.4119263,2.1035967,3,,,,,POINT (2.1035967 41.4119263)
416116750,41.4122911,2.1034655,3,,,,,POINT (2.1034655 41.4122911)
416116751,41.4123667,2.1034287,3,,,,,POINT (2.1034287 41.4123667)
416116752,41.4130639,2.1030434,3,,,,,POINT (2.1030434 41.4130639)
416116777,41.4127139,2.1024779,3,,,,,POINT (2.1024779 41.4127139)
416116788,41.4136451,2.1022974,1,,,,,POINT (2.1022974 41.4136451)
416523680,41.3833949,2.1088998,4,,,,,POINT (2.1088998 41.3833949)
416523685,41.3829016,2.1127049,3,,,,,POINT (2.1127049 41.3829016)
416523700,41.3807018,2.1255567,4,,,,,POINT (2.1255567 41.3807018)
416524025,41.4135835,2.0970713,1,,,,,POINT (2.0970713 41.4135835)
416524094,41.4166144,2.0978812,1,,,,,POINT (2.0978812 41.4166144)
416524161,41.4283102,2.1232805,3,,,,,POINT (2.1232805 41.4283102)
416524190,41.4316777,2.1315813,3,,,,,POINT (2.1315813 41.4316777)
416524240,41.4340416,2.1340155,4,,,,,POINT (2.1340155 41.4340416)
416885091,41.4058486,2.1926892,3,,,,,POINT (2.1926892 41.4058486)
416885092,41.4083957,2.1960781,4,,,,,POINT (2.1960781 41.4083957)
416885093,41.4067684,2.1938938,3,,,,,POINT (2.1938938 41.4067684)
416885095,41.4072264,2.1945108,4,,,,,POINT (2.1945108 41.4072264)
416886809,41.4063391,2.1956325,4,,,,,POINT (2.1956325 41.4063391)
416886810,41.4075181,2.1972185,3,,,,,POINT (2.1972185 41.4075181)
417329463,41.4148981,2.1085764,3,,,,,POINT (2.1085764 41.4148981)
417604839,41.4058096,2.1479189,4,,,,,POINT (2.1479189 41.4058096)
417605950,41.4057844,2.1478036,3,,,,,POINT (2.1478036 41.4057844)
417807964,41.3968431,2.122437,3,,,,,POINT (2.122437 41.3968431)
417808247,41.3993127,2.1235155,3,,,,,POINT (2.1235155 41.3993127)
417813656,41.3982445,2.1201403,3,,,,,POINT (2.1201403 41.3982445)
417813658,41.3977727,2.1194425,3,,,,,POINT (2.1194425 41.3977727)
417972197,41.4229637,2.1696303,3,,,,,POINT (2.1696303 41.4229637)
417972224,41.4185775,2.1710675,3,,,,,POINT (2.1710675 41.4185775)
417972407,41.4232225,2.1663507,4,,,,,POINT (2.1663507 41.4232225)
417974462,41.4175101,2.1440478,3,,,,,POINT (2.1440478 41.4175101)
417976041,41.4149247,2.1452449,3,,,,,POINT (2.1452449 41.4149247)
417976045,41.4165094,2.1442756,3,,,,,POINT (2.1442756 41.4165094)
417976047,41.4157115,2.144836,3,,,,,POINT (2.144836 41.4157115)
417976089,41.4153521,2.1461257,3,,,,,POINT (2.1461257 41.4153521)
417976246,41.4169948,2.1434426,3,,,,,POINT (2.1434426 41.4169948)
417976269,41.4195058,2.1433622,2,,,,,POINT (2.1433622 41.4195058)
417976319,41.4183223,2.1426943,3,,,,,POINT (2.1426943 41.4183223)
417976347,41.4188294,2.1432276,3,,,,,POINT (2.1432276 41.4188294)
417976918,41.419329,2.1436162,2,,,,,POINT (2.1436162 41.419329)
417978022,41.4201189,2.1432801,3,,,,,POINT (2.1432801 41.4201189)
417978027,41.4200905,2.1415044,3,,,,,POINT (2.1415044 41.4200905)
417978151,41.4207737,2.1417447,3,,,,,POINT (2.1417447 41.4207737)
417978156,41.4201281,2.1423949,3,,,,,POINT (2.1423949 41.4201281)
417978162,41.4201143,2.1429087,3,,,,,POINT (2.1429087 41.4201143)
417978406,41.4206437,2.1432496,3,,,,,POINT (2.1432496 41.4206437)
417978595,41.4213158,2.1454477,4,,,,,POINT (2.1454477 41.4213158)
417978597,41.4218195,2.1469674,4,,,,,POINT (2.1469674 41.4218195)
417979070,41.421587,2.1431803,3,,,,,POINT (2.1431803 41.421587)
417979369,41.4219295,2.1451383,3,,,,,POINT (2.1451383 41.4219295)
417979376,41.4219876,2.142706,3,,,,,POINT (2.142706 41.4219876)
417979459,41.421856,2.1463718,3,,,,,POINT (2.1463718 41.421856)
417979580,41.4233854,2.1475753,3,,,,,POINT (2.1475753 41.4233854)
417979586,41.4228047,2.1457456,3,,,,,POINT (2.1457456 41.4228047)
418127462,41.3983078,2.1234396,3,,,,,POINT (2.1234396 41.3983078)
418136959,41.3989363,2.1228954,3,,,,,POINT (2.1228954 41.3989363)
418137494,41.3998545,2.1235444,3,,,,,POINT (2.1235444 41.3998545)
418161846,41.4000231,2.120217,3,,,,,POINT (2.120217 41.4000231)
418162911,41.3974306,2.1241018,1,,,,,POINT (2.1241018 41.3974306)
418167603,41.3963528,2.1228817,3,,,,,POINT (2.1228817 41.3963528)
418737418,41.3838874,2.116628,4,,,,,POINT (2.116628 41.3838874)
418737419,41.3843873,2.1185952,4,,,,,POINT (2.1185952 41.3843873)
418737420,41.3857171,2.1180013,3,,,,,POINT (2.1180013 41.3857171)
418737421,41.3852169,2.1160454,3,,,,,POINT (2.1160454 41.3852169)
420051087,41.4523665,2.1865918,3,,,,,POINT (2.1865918 41.4523665)
420051104,41.4572124,2.1849564,3,,,,,POINT (2.1849564 41.4572124)
420051108,41.460138,2.1816425,3,,,,,POINT (2.1816425 41.460138)
420058159,41.4606523,2.1810588,3,,,,,POINT (2.1810588 41.4606523)
420058168,41.4614212,2.1797252,3,,,,,POINT (2.1797252 41.4614212)
420058174,41.4597233,2.1759723,3,,,,,POINT (2.1759723 41.4597233)
420058186,41.4618357,2.1792604,3,,,,,POINT (2.1792604 41.4618357)
420058200,41.4634494,2.1787788,3,,,,,POINT (2.1787788 41.4634494)
420058201,41.4635737,2.1786062,3,crossing,,,,POINT (2.1786062 41.4635737)
420058215,41.4622689,2.1741659,4,,,,,POINT (2.1741659 41.4622689)
420058233,41.4599313,2.1686857,3,,,,,POINT (2.1686857 41.4599313)
420058260,41.4625172,2.1740588,3,,,,,POINT (2.1740588 41.4625172)
420058262,41.4627468,2.1743223,3,crossing,,,,POINT (2.1743223 41.4627468)
420060594,41.4607224,2.1757623,3,,,,,POINT (2.1757623 41.4607224)
420060599,41.4602838,2.1734966,3,,,,,POINT (2.1734966 41.4602838)
420060601,41.4598666,2.172392,3,,,,,POINT (2.172392 41.4598666)
420060603,41.460452,2.171662,3,,,,,POINT (2.171662 41.460452)
420061783,41.4518738,2.1876424,4,,,,,POINT (2.1876424 41.4518738)
420061784,41.4535839,2.1867699,3,,,,,POINT (2.1867699 41.4535839)
420061795,41.4501791,2.1846025,4,,,,,POINT (2.1846025 41.4501791)
420064842,41.4440687,2.16959,4,,,,,POINT (2.16959 41.4440687)
420064843,41.443149,2.1702233,4,,,,,POINT (2.1702233 41.443149)
420553128,41.3937315,2.1096554,3,,,,,POINT (2.1096554 41.3937315)
420553134,41.3951981,2.1061369,4,,,,,POINT (2.1061369 41.3951981)
420553137,41.3947063,2.1049684,5,,,,,POINT (2.1049684 41.3947063)
420553141,41.3955803,2.1077316,3,,,,,POINT (2.1077316 41.3955803)
420553142,41.3957899,2.1086867,2,,,,,POINT (2.1086867 41.3957899)
420553144,41.3959419,2.1093424,3,,,,,POINT (2.1093424 41.3959419)
420553150,41.3939472,2.1098901,3,,,,,POINT (2.1098901 41.3939472)
420553161,41.3939609,2.1097348,3,,,,,POINT (2.1097348 41.3939609)
420553171,41.393926,2.1099289,3,,,,,POINT (2.1099289 41.393926)
420553180,41.395554,2.1076079,3,,,,,POINT (2.1076079 41.395554)
420553182,41.3965696,2.107204,3,,,,,POINT (2.107204 41.3965696)
420655974,41.4099968,2.1255304,3,,,,,POINT (2.1255304 41.4099968)
420763042,41.4260069,2.1795645,3,,,,,POINT (2.1795645 41.4260069)
420892483,41.4282558,2.1843424,3,,,,,POINT (2.1843424 41.4282558)
420892535,41.4267739,2.1842033,3,,,,,POINT (2.1842033 41.4267739)
420892537,41.4226899,2.1839295,4,,,,,POINT (2.1839295 41.4226899)
420892540,41.4182083,2.1837176,4,,,,,POINT (2.1837176 41.4182083)
421263917,41.4221721,2.1911716,3,,,,,POINT (2.1911716 41.4221721)
421265629,41.4254438,2.1841914,4,,,,,POINT (2.1841914 41.4254438)
421265634,41.4257551,2.1866322,3,,,,,POINT (2.1866322 41.4257551)
421265639,41.4230042,2.1854891,3,,,,,POINT (2.1854891 41.4230042)
423434597,41.4251482,2.1869381,3,,,,,POINT (2.1869381 41.4251482)
423434621,41.4258758,2.1898,4,,,,,POINT (2.1898 41.4258758)
423434626,41.4260052,2.1892055,4,,,,,POINT (2.1892055 41.4260052)
423434629,41.4261597,2.1885206,3,,,,,POINT (2.1885206 41.4261597)
423434652,41.4246069,2.1887955,4,,,,,POINT (2.1887955 41.4246069)
423434655,41.4251452,2.1887693,3,,,,,POINT (2.1887693 41.4251452)
423434658,41.4253904,2.1887609,3,,,,,POINT (2.1887609 41.4253904)
423434712,41.4253032,2.1880617,3,,,,,POINT (2.1880617 41.4253032)
423434715,41.4252324,2.1875348,3,,,,,POINT (2.1875348 41.4252324)
423434735,41.4263044,2.1897682,3,,,,,POINT (2.1897682 41.4263044)
423434738,41.4251641,2.1898484,3,,,,,POINT (2.1898484 41.4251641)
423434774,41.4264205,2.1893965,3,,,,,POINT (2.1893965 41.4264205)
423434796,41.4245754,2.1875569,3,,,,,POINT (2.1875569 41.4245754)
423831232,41.416953,2.1352358,4,,,,,POINT (2.1352358 41.416953)
423831234,41.4177568,2.1342622,3,,,,,POINT (2.1342622 41.4177568)
423831236,41.4182032,2.1330582,3,,,,,POINT (2.1330582 41.4182032)
425611711,41.3773599,2.1114214,3,,,,,POINT (2.1114214 41.3773599)
425611748,41.3829238,2.1069788,4,,,,,POINT (2.1069788 41.3829238)
425611900,41.3773984,2.1097643,3,,,,,POINT (2.1097643 41.3773984)
425611912,41.3792616,2.1085154,3,,,,,POINT (2.1085154 41.3792616)
425612029,41.381257,2.1076577,4,,,,,POINT (2.1076577 41.381257)
425612117,41.3771478,2.11091,3,,,,,POINT (2.11091 41.3771478)
425612130,41.3769831,2.1110113,3,,,,,POINT (2.1110113 41.3769831)
425612244,41.3769008,2.1197163,4,,,,,POINT (2.1197163 41.3769008)
425612275,41.3772043,2.1202367,3,,,,,POINT (2.1202367 41.3772043)
425612294,41.3780446,2.119344,3,,,,,POINT (2.119344 41.3780446)
425635738,41.4434591,2.1778729,3,,,,,POINT (2.1778729 41.4434591)
425635740,41.4432925,2.1782514,3,,,,,POINT (2.1782514 41.4432925)
425635742,41.4424131,2.1736565,4,,,,,POINT (2.1736565 41.4424131)
425635743,41.4431173,2.1732751,4,,,,,POINT (2.1732751 41.4431173)
425635744,41.4437299,2.1728451,3,,,,,POINT (2.1728451 41.4437299)
425635745,41.441495,2.1728351,3,,,,,POINT (2.1728351 41.441495)
425635751,41.4417511,2.173529,1,,,,,POINT (2.173529 41.4417511)
425635752,41.4432882,2.1749325,4,,,,,POINT (2.1749325 41.4432882)
425648708,41.442912,2.1752087,3,,,,,POINT (2.1752087 41.442912)
425648709,41.4441809,2.1761849,4,,,,,POINT (2.1761849 41.4441809)
425657914,41.4443287,2.175866,3,,,,,POINT (2.175866 41.4443287)
425768614,41.447107,2.1896725,4,,,,,POINT (2.1896725 41.447107)
425768618,41.4471061,2.1886014,3,,,,,POINT (2.1886014 41.4471061)
426622591,41.4205665,2.1388671,3,,,,,POINT (2.1388671 41.4205665)
426624021,41.4199197,2.138176,3,,,,,POINT (2.138176 41.4199197)
426624022,41.419448,2.1376624,3,,,,,POINT (2.1376624 41.419448)
426624031,41.4190457,2.1359892,3,,,,,POINT (2.1359892 41.4190457)
426644270,41.4179311,2.1372122,3,,,,,POINT (2.1372122 41.4179311)
426647821,41.4186839,2.1381868,3,,,,,POINT (2.1381868 41.4186839)
426651490,41.421015,2.1339191,3,,,,,POINT (2.1339191 41.421015)
426652636,41.4204545,2.1402903,4,,,,,POINT (2.1402903 41.4204545)
426653622,41.4176743,2.1401401,3,,,,,POINT (2.1401401 41.4176743)
426673039,41.4178574,2.1383802,3,,,,,POINT (2.1383802 41.4178574)
426881065,41.4205569,2.1400543,3,,,,,POINT (2.1400543 41.4205569)
426883557,41.4101338,2.1471524,3,,,,,POINT (2.1471524 41.4101338)
426884331,41.4077678,2.1508648,4,,,,,POINT (2.1508648 41.4077678)
427955428,41.3703796,2.1699251,3,,,,,POINT (2.1699251 41.3703796)
427955469,41.3704442,2.1703024,3,,,,,POINT (2.1703024 41.3704442)
427955470,41.3704443,2.1703565,3,,,,,POINT (2.1703565 41.3704443)
427955471,41.3705352,2.1705164,3,,,,,POINT (2.1705164 41.3705352)
427955475,41.3707162,2.1702347,3,,,,,POINT (2.1702347 41.3707162)
427955476,41.3706212,2.1701423,3,,,,,POINT (2.1701423 41.3706212)
427955477,41.3705419,2.1701483,3,,,,,POINT (2.1701483 41.3705419)
427959698,41.3698325,2.1677529,3,,,,,POINT (2.1677529 41.3698325)
427959729,41.3706712,2.169937,3,crossing,,,,POINT (2.169937 41.3706712)
427959730,41.3689475,2.1635944,3,,,,,POINT (2.1635944 41.3689475)
427959732,41.3686062,2.1640795,3,,,,,POINT (2.1640795 41.3686062)
427959741,41.3669171,2.1656038,3,,,,,POINT (2.1656038 41.3669171)
427959760,41.3662205,2.1635955,3,,,,,POINT (2.1635955 41.3662205)
427959783,41.3661302,2.1666521,3,,,,,POINT (2.1666521 41.3661302)
429350330,41.4089219,2.1481398,4,,,,,POINT (2.1481398 41.4089219)
429350512,41.4087795,2.1486543,3,,,,,POINT (2.1486543 41.4087795)
429459477,41.4112763,2.1383099,3,,,,,POINT (2.1383099 41.4112763)
429459480,41.4119457,2.138177,3,,,,,POINT (2.138177 41.4119457)
429742245,41.4391285,2.2081314,3,,,,,POINT (2.2081314 41.4391285)
429742254,41.4367924,2.2043299,4,,,,,POINT (2.2043299 41.4367924)
429742255,41.4374271,2.2042755,4,,,,,POINT (2.2042755 41.4374271)
429742259,41.4361099,2.204362,3,,,,,POINT (2.204362 41.4361099)
429742264,41.4370801,2.2067282,3,,,,,POINT (2.2067282 41.4370801)
429742266,41.4383949,2.2041822,4,,,,,POINT (2.2041822 41.4383949)
429743604,41.4352706,2.2028235,4,,,,,POINT (2.2028235 41.4352706)
430535694,41.3931165,2.1454856,4,,,,,POINT (2.1454856 41.3931165)
430535703,41.3996933,2.1726365,4,,,,,POINT (2.1726365 41.3996933)
430535724,41.4005077,2.1749051,4,,,,,POINT (2.1749051 41.4005077)
430535725,41.4000836,2.1731778,6,,,,,POINT (2.1731778 41.4000836)
430537449,41.3845719,2.1125407,4,,,,,POINT (2.1125407 41.3845719)
430537456,41.3843426,2.1125887,3,,,,,POINT (2.1125887 41.3843426)
430540359,41.3850626,2.1039719,3,,,,,POINT (2.1039719 41.3850626)
430757395,41.4200156,2.1303432,3,,,,,POINT (2.1303432 41.4200156)
430757822,41.4173057,2.1357176,2,,,,,POINT (2.1357176 41.4173057)
430757823,41.4181914,2.1346901,4,,,,,POINT (2.1346901 41.4181914)
430757824,41.4185663,2.1341917,3,,,,,POINT (2.1341917 41.4185663)
430757826,41.418018,2.1336472,3,,,,,POINT (2.1336472 41.418018)
430757838,41.4192392,2.1351464,2,,,,,POINT (2.1351464 41.4192392)
430757948,41.4191106,2.1340484,3,,,,,POINT (2.1340484 41.4191106)
430757951,41.4196387,2.1348356,3,,,,,POINT (2.1348356 41.4196387)
430758157,41.4197074,2.1348036,1,,,,,POINT (2.1348036 41.4197074)
430758304,41.4195575,2.1336394,3,,,,,POINT (2.1336394 41.4195575)
430759324,41.4164515,2.1344788,3,,,,,POINT (2.1344788 41.4164515)
430759494,41.4166925,2.13416,3,,,,,POINT (2.13416 41.4166925)
430759503,41.4162724,2.1330741,1,,,,,POINT (2.1330741 41.4162724)
430760982,41.4213839,2.1353798,1,,,,,POINT (2.1353798 41.4213839)
430761699,41.4216605,2.1319499,1,,,,,POINT (2.1319499 41.4216605)
430761706,41.4215666,2.1328269,3,,,,,POINT (2.1328269 41.4215666)
430763600,41.4211781,2.1403624,3,,,,,POINT (2.1403624 41.4211781)
430764140,41.4230256,2.1388587,4,,,,,POINT (2.1388587 41.4230256)
430764148,41.4250222,2.13742,3,crossing,,,,POINT (2.13742 41.4250222)
430764290,41.4220519,2.13839,3,,,,,POINT (2.13839 41.4220519)
430764421,41.4224691,2.1386783,3,,,,,POINT (2.1386783 41.4224691)
430764639,41.4248594,2.1420285,4,,,,,POINT (2.1420285 41.4248594)
430764775,41.4254347,2.1399049,3,,,,,POINT (2.1399049 41.4254347)
430764785,41.4249481,2.1417094,3,,,,,POINT (2.1417094 41.4249481)
430764812,41.4241843,2.1413447,3,,,,,POINT (2.1413447 41.4241843)
430764908,41.4250572,2.1413423,3,,,,,POINT (2.1413423 41.4250572)
430764953,41.4245822,2.1399532,3,,,,,POINT (2.1399532 41.4245822)
430765134,41.4251759,2.1409137,3,,,,,POINT (2.1409137 41.4251759)
430765138,41.4248643,2.1407839,3,,,,,POINT (2.1407839 41.4248643)
430765521,41.4257983,2.138162,3,,,,,POINT (2.138162 41.4257983)
430765606,41.4259634,2.1395005,3,,,,,POINT (2.1395005 41.4259634)
430765668,41.4259799,2.139023,2,,,,,POINT (2.139023 41.4259799)
430766071,41.4266465,2.1386872,3,,,,,POINT (2.1386872 41.4266465)
430766079,41.4261369,2.1384578,2,,,,,POINT (2.1384578 41.4261369)
430766937,41.4257465,2.136526,3,,,,,POINT (2.136526 41.4257465)
430766958,41.4269413,2.1354499,3,,,,,POINT (2.1354499 41.4269413)
430767077,41.4251975,2.1391599,1,turning_circle,,,,POINT (2.1391599 41.4251975)
430767083,41.4251967,2.1388484,3,,,,,POINT (2.1388484 41.4251967)
430767511,41.4275297,2.1379443,3,,,,,POINT (2.1379443 41.4275297)
430767908,41.4273491,2.1356957,3,,,,,POINT (2.1356957 41.4273491)
430767913,41.4277773,2.1371055,3,,,,,POINT (2.1371055 41.4277773)
430767950,41.4274169,2.1364653,3,,,,,POINT (2.1364653 41.4274169)
430768374,41.4267504,2.1382516,3,,,,,POINT (2.1382516 41.4267504)
430769319,41.4289796,2.131951,3,,,,,POINT (2.131951 41.4289796)
430769368,41.4288295,2.1346409,3,,,,,POINT (2.1346409 41.4288295)
430769491,41.4282873,2.1329595,3,,,,,POINT (2.1329595 41.4282873)
430769829,41.4281779,2.1365626,3,,,,,POINT (2.1365626 41.4281779)
430770877,41.4302966,2.1328402,1,turning_circle,,,,POINT (2.1328402 41.4302966)
431100308,41.402684,2.1448717,3,,,,,POINT (2.1448717 41.402684)
431100338,41.4013143,2.1415662,3,,,,,POINT (2.1415662 41.4013143)
431100342,41.4012665,2.1487727,4,,,,,POINT (2.1487727 41.4012665)
431100344,41.4015391,2.1383001,3,,,,,POINT (2.1383001 41.4015391)
431101858,41.4012553,2.150348,4,,,,,POINT (2.150348 41.4012553)
431107481,41.3803111,2.1741671,4,,,,,POINT (2.1741671 41.3803111)
431481321,41.3992773,2.1810465,4,,,,,POINT (2.1810465 41.3992773)
431481322,41.3991287,2.1812288,4,,,,,POINT (2.1812288 41.3991287)
431481328,41.398424,2.1799263,4,,,,,POINT (2.1799263 41.398424)
431484966,41.3940577,2.17444,5,,,,,POINT (2.17444 41.3940577)
431488440,41.3755181,2.1522742,3,,,,,POINT (2.1522742 41.3755181)
432467099,41.4057522,2.1404084,3,,,,,POINT (2.1404084 41.4057522)
432467107,41.4044441,2.1406648,4,,,,,POINT (2.1406648 41.4044441)
432467110,41.4049912,2.1344655,3,,,,,POINT (2.1344655 41.4049912)
432467115,41.4068021,2.1337793,5,,,,,POINT (2.1337793 41.4068021)
432467121,41.40505,2.137816,3,,,,,POINT (2.137816 41.40505)
432467125,41.4063527,2.134719,3,,,,,POINT (2.134719 41.4063527)
432509869,41.4060829,2.133785,3,,,,,POINT (2.133785 41.4060829)
432509963,41.4046216,2.1323148,3,,,,,POINT (2.1323148 41.4046216)
432509964,41.4041019,2.1328841,4,,,,,POINT (2.1328841 41.4041019)
432509965,41.4035128,2.1335143,3,,,,,POINT (2.1335143 41.4035128)
432509967,41.4024654,2.1346766,3,,,,,POINT (2.1346766 41.4024654)
432509969,41.4014799,2.135748,3,,,,,POINT (2.135748 41.4014799)
432510028,41.4054663,2.1314206,3,traffic_signals,,,,POINT (2.1314206 41.4054663)
432510056,41.4018536,2.1353807,3,,,,,POINT (2.1353807 41.4018536)
432510087,41.4023833,2.134765,3,,,,,POINT (2.134765 41.4023833)
432510237,41.4033877,2.1327468,4,,,,,POINT (2.1327468 41.4033877)
434423009,41.433961,2.1894338,5,,,,,POINT (2.1894338 41.433961)
434423017,41.4313517,2.1944047,3,,,,,POINT (2.1944047 41.4313517)
434423018,41.4324883,2.1912186,3,,,,,POINT (2.1912186 41.4324883)
434423048,41.4329086,2.1924244,3,,,,,POINT (2.1924244 41.4329086)
434423055,41.4344379,2.1864471,4,,,,,POINT (2.1864471 41.4344379)
434423056,41.4345511,2.1861964,3,,,,,POINT (2.1861964 41.4345511)
434423064,41.4343711,2.1867762,3,,,,,POINT (2.1867762 41.4343711)
434431814,41.4337616,2.1866419,4,,,,,POINT (2.1866419 41.4337616)
434431827,41.435447,2.1884903,3,,,,,POINT (2.1884903 41.435447)
434437191,41.4224418,2.1918139,3,,,,,POINT (2.1918139 41.4224418)
434437194,41.4225178,2.1911546,5,,,,,POINT (2.1911546 41.4225178)
434437196,41.4220281,2.1889317,3,,,,,POINT (2.1889317 41.4220281)
434437209,41.4213793,2.1901607,4,,,,,POINT (2.1901607 41.4213793)
434437210,41.421251,2.190374,4,,,,,POINT (2.190374 41.421251)
434464804,41.4281784,2.1935802,3,,,,,POINT (2.1935802 41.4281784)
434471880,41.4302036,2.1861068,3,,,,,POINT (2.1861068 41.4302036)
434471890,41.430542,2.1860355,4,,,,,POINT (2.1860355 41.430542)
434487433,41.4302266,2.1846216,4,,,,,POINT (2.1846216 41.4302266)
437132969,41.3876427,2.1790735,1,,,,,POINT (2.1790735 41.3876427)
439204528,41.41846,2.1349793,1,,,,,POINT (2.1349793 41.41846)
441667581,41.4048843,2.1976373,1,,,,,POINT (2.1976373 41.4048843)
441668045,41.4057706,2.1973332,3,,,,,POINT (2.1973332 41.4057706)
442540235,41.3905297,2.1672287,4,traffic_signals,,,,POINT (2.1672287 41.3905297)
442540236,41.3914154,2.1661309,4,,,,,POINT (2.1661309 41.3914154)
442540237,41.3922805,2.1650104,4,,,,,POINT (2.1650104 41.3922805)
442540238,41.3931733,2.1639521,4,,,,,POINT (2.1639521 41.3931733)
442540239,41.3940618,2.1628508,4,,,,,POINT (2.1628508 41.3940618)
442540240,41.394946,2.1617609,4,crossing,,,,POINT (2.1617609 41.394946)
442540242,41.3958272,2.1606651,4,,,,,POINT (2.1606651 41.3958272)
442540243,41.3967327,2.1595526,4,,,,,POINT (2.1595526 41.3967327)
442540249,41.396618,2.159137,3,,,,,POINT (2.159137 41.396618)
442540250,41.393834,2.1625442,4,,,,,POINT (2.1625442 41.393834)
442540251,41.3929427,2.163652,4,,,,,POINT (2.163652 41.3929427)
442540252,41.3920952,2.1647555,4,,,,,POINT (2.1647555 41.3920952)
442540253,41.3911917,2.1658322,4,,,,,POINT (2.1658322 41.3911917)
442540254,41.3903056,2.1669335,4,traffic_signals,,,,POINT (2.1669335 41.3903056)
442540255,41.3980044,2.1646148,4,,,,,POINT (2.1646148 41.3980044)
442540256,41.3977236,2.1649883,4,,,,,POINT (2.1649883 41.3977236)
442540257,41.3975828,2.1629779,6,,,,,POINT (2.1629779 41.3975828)
442540258,41.3971565,2.1612626,4,,,,,POINT (2.1612626 41.3971565)
442540267,41.3987397,2.1690766,4,,,,,POINT (2.1690766 41.3987397)
442540269,41.3930697,2.1463473,3,,,,,POINT (2.1463473 41.3930697)
442540270,41.3939344,2.1497635,4,,,,,POINT (2.1497635 41.3939344)
442540272,41.3989726,2.1699979,4,,,,,POINT (2.1699979 41.3989726)
442540276,41.400327,2.1751439,4,,,,,POINT (2.1751439 41.400327)
442540279,41.4016269,2.1804025,4,,,,,POINT (2.1804025 41.4016269)
442540280,41.4020315,2.1819928,4,,,,,POINT (2.1819928 41.4020315)
442540281,41.4022444,2.1817199,3,,,,,POINT (2.1817199 41.4022444)
442540293,41.3988486,2.1680553,4,,,,,POINT (2.1680553 41.3988486)
442540298,41.3957077,2.1557193,4,,,,,POINT (2.1557193 41.3957077)
442540299,41.395676,2.1555972,4,,,,,POINT (2.1555972 41.395676)
442540300,41.3941284,2.1494972,4,,,,,POINT (2.1494972 41.3941284)
443051907,41.3705996,2.1615953,1,,,,,POINT (2.1615953 41.3705996)
446207432,41.4507114,2.1967204,3,,,,,POINT (2.1967204 41.4507114)
446207454,41.4533713,2.1951114,3,,,,,POINT (2.1951114 41.4533713)
448700503,41.4177734,2.183587,4,,,,,POINT (2.183587 41.4177734)
448700549,41.4193822,2.1807169,3,,,,,POINT (2.1807169 41.4193822)
448700605,41.4179535,2.183339,4,,,,,POINT (2.183339 41.4179535)
448703647,41.4133888,2.1812384,3,,,,,POINT (2.1812384 41.4133888)
448786027,41.4162886,2.1810997,3,,,,,POINT (2.1810997 41.4162886)
448786029,41.4209607,2.1839304,3,,,,,POINT (2.1839304 41.4209607)
448786030,41.4196238,2.1810593,4,,,,,POINT (2.1810593 41.4196238)
448786031,41.4217585,2.183929,4,,,,,POINT (2.183929 41.4217585)
448786033,41.4187877,2.1822005,4,,,,,POINT (2.1822005 41.4187877)
448786034,41.4204954,2.1845241,4,,,,,POINT (2.1845241 41.4204954)
448786035,41.4196541,2.1833542,4,,,,,POINT (2.1833542 41.4196541)
448786036,41.4205006,2.1822381,4,,,,,POINT (2.1822381 41.4205006)
448786037,41.4200676,2.181656,4,,,,,POINT (2.181656 41.4200676)
448786038,41.4192157,2.1827712,3,,,,,POINT (2.1827712 41.4192157)
448786042,41.4238756,2.181461,3,,,,,POINT (2.181461 41.4238756)
448786043,41.4241993,2.1819376,4,,,,,POINT (2.1819376 41.4241993)
449383069,41.4294547,2.1835282,3,,,,,POINT (2.1835282 41.4294547)
449383072,41.4286488,2.1844471,4,,,,,POINT (2.1844471 41.4286488)
449385473,41.439222,2.1662803,4,,,,,POINT (2.1662803 41.439222)
449385485,41.4326749,2.1631168,3,,,,,POINT (2.1631168 41.4326749)
449385486,41.4330599,2.1631574,3,,,,,POINT (2.1631574 41.4330599)
449385488,41.4362535,2.1642672,4,,,,,POINT (2.1642672 41.4362535)
453549579,41.4104614,2.1254907,3,,,,,POINT (2.1254907 41.4104614)
453549623,41.4102392,2.1258292,5,,,,,POINT (2.1258292 41.4102392)
456846551,41.3219579,2.139087,1,,,,,POINT (2.139087 41.3219579)
456846784,41.3222045,2.1369242,3,,,,,POINT (2.1369242 41.3222045)
456846802,41.3219152,2.1366161,3,,,,,POINT (2.1366161 41.3219152)
456846815,41.3221959,2.13638,3,,,,,POINT (2.13638 41.3221959)
456868906,41.3225981,2.1306243,3,,,,,POINT (2.1306243 41.3225981)
456868915,41.3223445,2.1326237,3,,,,,POINT (2.1326237 41.3223445)
457326771,41.3520402,2.158855,3,,,,,POINT (2.158855 41.3520402)
457361177,41.3622223,2.1354668,4,,,,,POINT (2.1354668 41.3622223)
457361191,41.3598955,2.1371642,4,,,,,POINT (2.1371642 41.3598955)
457361197,41.358435,2.1363247,3,,,,,POINT (2.1363247 41.358435)
457361202,41.360953,2.1345229,4,,,,,POINT (2.1345229 41.360953)
457361210,41.3571806,2.1371953,4,,,,,POINT (2.1371953 41.3571806)
457394426,41.3580535,2.1336569,3,,,,,POINT (2.1336569 41.3580535)
457394433,41.3562476,2.1349781,3,,,,,POINT (2.1349781 41.3562476)
457394440,41.3583787,2.1363627,3,,,,,POINT (2.1363627 41.3583787)
457394454,41.357788,2.1349151,3,,,,,POINT (2.1349151 41.357788)
457394503,41.3576732,2.1346191,1,,,,,POINT (2.1346191 41.3576732)
457887476,41.4281938,2.1772992,3,,,,,POINT (2.1772992 41.4281938)
462635526,41.4452377,2.1829776,3,,,,,POINT (2.1829776 41.4452377)
462635529,41.4447774,2.1843505,5,,,,,POINT (2.1843505 41.4447774)
462635537,41.4464479,2.1832506,4,,,,,POINT (2.1832506 41.4464479)
462635542,41.4458825,2.1846825,4,,,,,POINT (2.1846825 41.4458825)
462635549,41.4468499,2.1848095,4,,,,,POINT (2.1848095 41.4468499)
462641356,41.4466904,2.1831531,3,,,,,POINT (2.1831531 41.4466904)
462641371,41.4481263,2.1835507,3,,,,,POINT (2.1835507 41.4481263)
462641391,41.4447384,2.180223,3,,,,,POINT (2.180223 41.4447384)
462693526,41.4395797,2.1576382,3,,,,,POINT (2.1576382 41.4395797)
462694080,41.4407141,2.1550063,3,,,,,POINT (2.1550063 41.4407141)
465497902,41.3649794,2.1600163,3,,,,,POINT (2.1600163 41.3649794)
478854948,41.4467496,2.1864542,3,,,,,POINT (2.1864542 41.4467496)
478855101,41.4457728,2.1865203,3,,,,,POINT (2.1865203 41.4457728)
478855185,41.4368296,2.1824369,4,,,,,POINT (2.1824369 41.4368296)
478855288,41.4394041,2.1832556,4,,,,,POINT (2.1832556 41.4394041)
478855374,41.4320834,2.1808272,4,,,,,POINT (2.1808272 41.4320834)
478861367,41.4317563,2.1774089,3,,,,,POINT (2.1774089 41.4317563)
478861422,41.4337314,2.1790242,3,,,,,POINT (2.1790242 41.4337314)
478861746,41.4311502,2.1817729,3,,,,,POINT (2.1817729 41.4311502)
478867151,41.4394787,2.1756274,3,,,,,POINT (2.1756274 41.4394787)
478867327,41.4390291,2.1768841,3,,,,,POINT (2.1768841 41.4390291)
478867470,41.4387168,2.1769517,4,,,,,POINT (2.1769517 41.4387168)
478875365,41.4344602,2.1816333,4,,,,,POINT (2.1816333 41.4344602)
478875473,41.4348346,2.1797364,4,,,,,POINT (2.1797364 41.4348346)
478875996,41.4360377,2.1765807,4,,,,,POINT (2.1765807 41.4360377)
481087131,41.4403684,2.1736053,3,,,,,POINT (2.1736053 41.4403684)
481122027,41.4386784,2.1773057,3,,,,,POINT (2.1773057 41.4386784)
481122049,41.4379089,2.1780981,3,,,,,POINT (2.1780981 41.4379089)
481122076,41.4375464,2.1789685,3,,,,,POINT (2.1789685 41.4375464)
481122095,41.4390974,2.180582,3,,,,,POINT (2.180582 41.4390974)
481122118,41.4388765,2.1788061,4,,,,,POINT (2.1788061 41.4388765)
481122282,41.4378527,2.1771015,4,,,,,POINT (2.1771015 41.4378527)
481122301,41.4363564,2.1758265,3,,,,,POINT (2.1758265 41.4363564)
481122345,41.4352294,2.1750012,3,,,,,POINT (2.1750012 41.4352294)
481122427,41.4391333,2.1801642,3,,,,,POINT (2.1801642 41.4391333)
481122454,41.4340962,2.1834305,4,,,,,POINT (2.1834305 41.4340962)
481122563,41.4385523,2.1763363,5,,,,,POINT (2.1763363 41.4385523)
481122621,41.437688,2.177939,4,,,,,POINT (2.177939 41.437688)
481146953,41.4397728,2.186234,5,traffic_signals,,,,POINT (2.186234 41.4397728)
481146996,41.4366408,2.1748995,3,,,,,POINT (2.1748995 41.4366408)
481147019,41.4367771,2.1749994,3,,,,,POINT (2.1749994 41.4367771)
482505199,41.4395836,2.1773823,4,,,,,POINT (2.1773823 41.4395836)
482505201,41.4391014,2.1783386,3,,,,,POINT (2.1783386 41.4391014)
482505205,41.438903,2.1783867,4,,,,,POINT (2.1783867 41.438903)
482505212,41.4417903,2.1814447,3,,,,,POINT (2.1814447 41.4417903)
482505222,41.4405188,2.1831223,4,,,,,POINT (2.1831223 41.4405188)
482511496,41.4393298,2.1818758,4,,,,,POINT (2.1818758 41.4393298)
482511502,41.4393086,2.1816609,3,,,,,POINT (2.1816609 41.4393086)
482511539,41.4414884,2.1818818,3,,,,,POINT (2.1818818 41.4414884)
482511822,41.441087,2.1806255,3,,,,,POINT (2.1806255 41.441087)
482511832,41.4398458,2.1823217,3,,,,,POINT (2.1823217 41.4398458)
490941485,41.4286402,2.160349,3,,,,,POINT (2.160349 41.4286402)
490941580,41.4289092,2.1613755,3,,,,,POINT (2.1613755 41.4289092)
492081761,41.4059768,2.19706,3,,,,,POINT (2.19706 41.4059768)
493241896,41.4102643,2.1935332,3,,,,,POINT (2.1935332 41.4102643)
493812457,41.3705789,2.1748859,3,,,,,POINT (2.1748859 41.3705789)
493812463,41.3702699,2.1749412,3,,,,,POINT (2.1749412 41.3702699)
493812465,41.3702221,2.1750696,3,,,,,POINT (2.1750696 41.3702221)
493812469,41.3703242,2.1752649,3,,,,,POINT (2.1752649 41.3703242)
493812473,41.3705069,2.1752798,3,,,,,POINT (2.1752798 41.3705069)
494973581,41.4289182,2.1743793,3,,,,,POINT (2.1743793 41.4289182)
495105018,41.4304252,2.1689964,4,,,,,POINT (2.1689964 41.4304252)
495106009,41.4288279,2.1703252,3,,,,,POINT (2.1703252 41.4288279)
499122835,41.4303027,2.1755421,3,,,,,POINT (2.1755421 41.4303027)
506131402,41.4002764,2.1843818,4,,,,,POINT (2.1843818 41.4002764)
506151644,41.3973085,2.1971866,4,,,,,POINT (2.1971866 41.3973085)
506223330,41.3981981,2.1893053,4,,,,,POINT (2.1893053 41.3981981)
506223339,41.3998746,2.1915525,4,,,,,POINT (2.1915525 41.3998746)
506223345,41.4007242,2.1927068,3,,,,,POINT (2.1927068 41.4007242)
506223391,41.4093778,2.1902437,3,,,,,POINT (2.1902437 41.4093778)
506223393,41.410529,2.1916252,3,,,,,POINT (2.1916252 41.410529)
506223395,41.4107979,2.1911933,3,,,,,POINT (2.1911933 41.4107979)
506223397,41.4119025,2.1913811,4,,,,,POINT (2.1913811 41.4119025)
506223408,41.4091089,2.1917132,3,,,,,POINT (2.1917132 41.4091089)
506223414,41.4104129,2.196007,3,,,,,POINT (2.196007 41.4104129)
506223416,41.4111294,2.1924149,4,,,,,POINT (2.1924149 41.4111294)
506223417,41.413711,2.1958143,3,,,,,POINT (2.1958143 41.413711)
506236271,41.3965942,2.1823131,3,crossing,,,,POINT (2.1823131 41.3965942)
506236275,41.3991068,2.1837085,5,,,,,POINT (2.1837085 41.3991068)
506242639,41.4067895,2.1877207,3,,,,,POINT (2.1877207 41.4067895)
506242644,41.4062162,2.1890349,3,,,,,POINT (2.1890349 41.4062162)
506242670,41.4101545,2.1907639,3,,,,,POINT (2.1907639 41.4101545)
506242739,41.4119846,2.1935611,4,,,,,POINT (2.1935611 41.4119846)
506242742,41.4111055,2.194694,3,,,,,POINT (2.194694 41.4111055)
506242745,41.4127664,2.1925131,4,,,,,POINT (2.1925131 41.4127664)
506470212,41.3900603,2.1827168,3,,,,,POINT (2.1827168 41.3900603)
509262928,41.4315693,2.1265926,3,,,,,POINT (2.1265926 41.4315693)
511123386,41.3872394,2.1319834,3,,,,,POINT (2.1319834 41.3872394)
511123389,41.3877405,2.1324582,4,,,,,POINT (2.1324582 41.3877405)
511123404,41.3875343,2.1317177,3,,,,,POINT (2.1317177 41.3875343)
511123411,41.3850309,2.1371617,4,,,,,POINT (2.1371617 41.3850309)
511123413,41.3848188,2.1359858,3,,,,,POINT (2.1359858 41.3848188)
511123419,41.3846663,2.1345535,3,,,,,POINT (2.1345535 41.3846663)
513342399,41.4101584,2.1402458,3,,,,,POINT (2.1402458 41.4101584)
522578984,41.4289084,2.1570336,3,,,,,POINT (2.1570336 41.4289084)
522579231,41.4290688,2.1564873,4,,,,,POINT (2.1564873 41.4290688)
523781529,41.3277061,2.1131649,3,,,,,POINT (2.1131649 41.3277061)
523781538,41.3281411,2.1127142,3,,,,,POINT (2.1127142 41.3281411)
523781574,41.3325707,2.1113214,4,,,,,POINT (2.1113214 41.3325707)
523781576,41.3349914,2.1117967,3,,,,,POINT (2.1117967 41.3349914)
528804976,41.3321391,2.1112256,3,,,,,POINT (2.1112256 41.3321391)
528811398,41.3282522,2.1125865,3,,,,,POINT (2.1125865 41.3282522)
530671038,41.3765123,2.1321742,3,,,,,POINT (2.1321742 41.3765123)
530671039,41.3768489,2.1335782,3,,,,,POINT (2.1335782 41.3768489)
530676956,41.3755046,2.1306606,4,,,,,POINT (2.1306606 41.3755046)
530676957,41.3755092,2.1302567,4,,,,,POINT (2.1302567 41.3755092)
530687854,41.3786887,2.1424181,3,,,,,POINT (2.1424181 41.3786887)
530687855,41.3796618,2.1438061,3,,,,,POINT (2.1438061 41.3796618)
530687873,41.3830894,2.1482929,4,,,,,POINT (2.1482929 41.3830894)
530924804,41.3761189,2.1359478,3,,,,,POINT (2.1359478 41.3761189)
530924810,41.3763115,2.1348166,3,,,,,POINT (2.1348166 41.3763115)
530924812,41.3762312,2.134402,3,,,,,POINT (2.134402 41.3762312)
530924814,41.3764838,2.1357767,3,,,,,POINT (2.1357767 41.3764838)
530924816,41.3763688,2.136619,4,,,,,POINT (2.136619 41.3763688)
530924818,41.377559,2.1384376,3,,,,,POINT (2.1384376 41.377559)
532408888,41.3758224,2.1334774,3,crossing,,,,POINT (2.1334774 41.3758224)
532408931,41.3758468,2.134675,3,,,,,POINT (2.134675 41.3758468)
532408943,41.3771301,2.1344914,3,,,,,POINT (2.1344914 41.3771301)
532408967,41.3770207,2.1340533,4,,,,,POINT (2.1340533 41.3770207)
532408969,41.3773374,2.135361,4,,,,,POINT (2.135361 41.3773374)
532408981,41.3773259,2.1377632,4,,,,,POINT (2.1377632 41.3773259)
532408985,41.378112,2.1371246,4,,,,,POINT (2.1371246 41.378112)
532430853,41.3777295,2.1392033,4,,,,,POINT (2.1392033 41.3777295)
533615996,41.3996486,2.1205053,3,,,,,POINT (2.1205053 41.3996486)
533616023,41.3995898,2.1189796,3,,,,,POINT (2.1189796 41.3995898)
533616095,41.3995226,2.1240047,4,,,,,POINT (2.1240047 41.3995226)
533616122,41.4005114,2.1192709,4,crossing,,,,POINT (2.1192709 41.4005114)
533662625,41.3900937,2.1773975,4,,,,,POINT (2.1773975 41.3900937)
533662733,41.3815793,2.1853394,4,,,,,POINT (2.1853394 41.3815793)
533663031,41.381375,2.1821454,4,,,,,POINT (2.1821454 41.381375)
533665264,41.3710087,2.1473545,3,,,,,POINT (2.1473545 41.3710087)
533665304,41.3707005,2.1475889,4,,,,,POINT (2.1475889 41.3707005)
533954387,41.3781087,2.134993,4,,,,,POINT (2.134993 41.3781087)
533954389,41.3782892,2.1357471,3,,,,,POINT (2.1357471 41.3782892)
533961430,41.3782983,2.1325749,3,,,,,POINT (2.1325749 41.3782983)
534332100,41.4379801,2.1507585,3,,,,,POINT (2.1507585 41.4379801)
534332125,41.4388484,2.1485892,4,,,,,POINT (2.1485892 41.4388484)
534332665,41.4411504,2.1463836,1,,1231,,,POINT (2.1463836 41.4411504)
534361450,41.3766682,2.1328203,3,,,,,POINT (2.1328203 41.3766682)
534361466,41.3759339,2.1326278,3,,,,,POINT (2.1326278 41.3759339)
534390740,41.4221294,2.116448,3,,,,,POINT (2.116448 41.4221294)
534390825,41.4235274,2.1178249,1,,,,,POINT (2.1178249 41.4235274)
534683861,41.4246979,2.0990573,3,,,,,POINT (2.0990573 41.4246979)
534684808,41.4282509,2.10088,3,,2105,,,POINT (2.10088 41.4282509)
534684915,41.4294229,2.1007685,4,,,,,POINT (2.1007685 41.4294229)
534684948,41.4297421,2.1005606,3,,,,,POINT (2.1005606 41.4297421)
534685040,41.4290199,2.1018842,3,,,,,POINT (2.1018842 41.4290199)
535228349,41.4012188,2.1302289,4,,,,,POINT (2.1302289 41.4012188)
535228352,41.4006588,2.129158,4,,,,,POINT (2.129158 41.4006588)
535228353,41.4000306,2.1279526,4,,,,,POINT (2.1279526 41.4000306)
535228357,41.4008955,2.1251979,3,,,,,POINT (2.1251979 41.4008955)
535228359,41.3988253,2.127234,4,,,,,POINT (2.127234 41.3988253)
535228364,41.404362,2.1294247,4,traffic_signals,,,,POINT (2.1294247 41.404362)
535228365,41.4055873,2.1271371,3,,,,,POINT (2.1271371 41.4055873)
535228366,41.4040005,2.1243316,4,,,,,POINT (2.1243316 41.4040005)
535228367,41.4045489,2.1253084,4,,,,,POINT (2.1253084 41.4045489)
535228371,41.4022294,2.1275866,4,,,,,POINT (2.1275866 41.4022294)
535228373,41.4015794,2.126428,4,,,,,POINT (2.126428 41.4015794)
535228377,41.403532,2.1279558,4,traffic_signals,,,,POINT (2.1279558 41.403532)
535228378,41.4006886,2.1307564,4,,,,,POINT (2.1307564 41.4006886)
535228382,41.4029516,2.1268729,4,traffic_signals,,,,POINT (2.1268729 41.4029516)
535228385,41.4001184,2.1296717,4,,,,,POINT (2.1296717 41.4001184)
535228390,41.3992996,2.130475,4,,,,,POINT (2.130475 41.3992996)
535228394,41.3986221,2.1311513,4,,,,,POINT (2.1311513 41.3986221)
535228398,41.3994802,2.1284748,4,,,,,POINT (2.1284748 41.3994802)
535228401,41.398573,2.1293718,4,,,,,POINT (2.1293718 41.398573)
535233402,41.4047744,2.1494857,3,,,,,POINT (2.1494857 41.4047744)
535233407,41.4027981,2.1501463,3,,,,,POINT (2.1501463 41.4027981)
535233410,41.4030013,2.1493443,4,,,,,POINT (2.1493443 41.4030013)
535233433,41.4063534,2.1471793,3,,,,,POINT (2.1471793 41.4063534)
535233455,41.4080421,2.1449577,3,,,,,POINT (2.1449577 41.4080421)
535233466,41.407309,2.142986,3,,,,,POINT (2.142986 41.407309)
535233519,41.406625,2.1436735,3,,,,,POINT (2.1436735 41.406625)
535563200,41.3805984,2.1351659,3,,,,,POINT (2.1351659 41.3805984)
535563201,41.3804141,2.1363993,4,,,,,POINT (2.1363993 41.3804141)
535563205,41.3809403,2.1360578,4,,,,,POINT (2.1360578 41.3809403)
535657125,41.3754726,2.1322013,4,,,,,POINT (2.1322013 41.3754726)
535657129,41.3762517,2.1317459,4,,,,,POINT (2.1317459 41.3762517)
536418253,41.4000834,2.1799739,4,,,,,POINT (2.1799739 41.4000834)
536418264,41.398194,2.1824589,4,,,,,POINT (2.1824589 41.398194)
536418296,41.3973189,2.1836149,4,,,,,POINT (2.1836149 41.3973189)
536428053,41.3923147,2.1902736,4,,,,,POINT (2.1902736 41.3923147)
536428062,41.3905139,2.1926568,4,,,,,POINT (2.1926568 41.3905139)
536428072,41.3931424,2.1891783,4,traffic_signals,,,,POINT (2.1891783 41.3931424)
536838738,41.3780968,2.1358472,3,,,,,POINT (2.1358472 41.3780968)
536838747,41.3785281,2.1367945,4,,,,,POINT (2.1367945 41.3785281)
536838757,41.3788381,2.1374674,4,,,,,POINT (2.1374674 41.3788381)
536838760,41.3791779,2.1382206,3,,,,,POINT (2.1382206 41.3791779)
536838775,41.3770279,2.1517942,4,,,,,POINT (2.1517942 41.3770279)
537823321,41.4205928,2.140084,3,,,,,POINT (2.140084 41.4205928)
537823705,41.4205161,2.1403184,3,,,,,POINT (2.1403184 41.4205161)
537823729,41.4205009,2.1400453,3,,,,,POINT (2.1400453 41.4205009)
537827467,41.4218844,2.1409917,3,,,,,POINT (2.1409917 41.4218844)
537861932,41.4226016,2.1207726,3,,,,,POINT (2.1207726 41.4226016)
539147471,41.3758417,2.1337455,3,,,,,POINT (2.1337455 41.3758417)
539147472,41.3762142,2.1336181,3,,,,,POINT (2.1336181 41.3762142)
539147473,41.3761922,2.1335151,1,,,,,POINT (2.1335151 41.3761922)
539147474,41.3762402,2.1337383,1,,,,,POINT (2.1337383 41.3762402)
539147475,41.3767482,2.1331676,3,,,,,POINT (2.1331676 41.3767482)
539147483,41.3790115,2.1364177,3,,,,,POINT (2.1364177 41.3790115)
539147484,41.3788936,2.1365098,3,,,,,POINT (2.1365098 41.3788936)
539147486,41.3772667,2.1378132,3,,,,,POINT (2.1378132 41.3772667)
539147487,41.3792121,2.1372223,3,,,,,POINT (2.1372223 41.3792121)
539147488,41.3798814,2.1377427,4,,,,,POINT (2.1377427 41.3798814)
539147489,41.3795813,2.1369654,3,,,,,POINT (2.1369654 41.3795813)
539171471,41.3886108,2.1510816,3,,,,,POINT (2.1510816 41.3886108)
539184667,41.3759861,2.1404663,3,,,,,POINT (2.1404663 41.3759861)
539184669,41.3764108,2.1420166,3,,,,,POINT (2.1420166 41.3764108)
540312571,41.3689238,2.1327211,3,,,,,POINT (2.1327211 41.3689238)
540312574,41.37122,2.132122,3,,,,,POINT (2.132122 41.37122)
540312576,41.379502,2.1293553,4,,,,,POINT (2.1293553 41.379502)
540312579,41.3825158,2.1283098,4,,,,,POINT (2.1283098 41.3825158)
540312581,41.3819014,2.1284891,3,,,,,POINT (2.1284891 41.3819014)
540312582,41.3798716,2.129028,3,,,,,POINT (2.129028 41.3798716)
540312587,41.3815149,2.1286161,3,,,,,POINT (2.1286161 41.3815149)
540312590,41.382627,2.1295925,3,,,,,POINT (2.1295925 41.382627)
540312592,41.3818454,2.1305759,4,,,,,POINT (2.1305759 41.3818454)
540312596,41.3814386,2.1293507,3,,,,,POINT (2.1293507 41.3814386)
541061803,41.3825655,2.1349638,4,,,,,POINT (2.1349638 41.3825655)
541061806,41.3836327,2.1342442,4,,,,,POINT (2.1342442 41.3836327)
541643976,41.400841,2.1835902,4,,,,,POINT (2.1835902 41.400841)
541643980,41.4160527,2.2085354,3,,,,,POINT (2.2085354 41.4160527)
541643982,41.4168858,2.2096585,4,,,,,POINT (2.2096585 41.4168858)
541643983,41.4176076,2.2106142,3,,,,,POINT (2.2106142 41.4176076)
541643984,41.4168817,2.2073601,3,,,,,POINT (2.2073601 41.4168817)
541643986,41.4163272,2.2081585,4,,,,,POINT (2.2081585 41.4163272)
541643988,41.4143783,2.2107649,3,,,,,POINT (2.2107649 41.4143783)
541643991,41.4126232,2.2130427,3,,,,,POINT (2.2130427 41.4126232)
541643994,41.417957,2.2037851,4,,,,,POINT (2.2037851 41.417957)
541644006,41.4160708,2.2062769,4,,,,,POINT (2.2062769 41.4160708)
541644008,41.4177608,2.2085345,4,,,,,POINT (2.2085345 41.4177608)
541644011,41.4182819,2.2092306,2,,,,,POINT (2.2092306 41.4182819)
541644019,41.4196421,2.2037828,4,,,,,POINT (2.2037828 41.4196421)
541644020,41.4187943,2.2049014,4,,,,,POINT (2.2049014 41.4187943)
541644026,41.4152852,2.2073113,4,,,,,POINT (2.2073113 41.4152852)
541644027,41.4173892,2.2090136,4,,,,,POINT (2.2090136 41.4173892)
541644038,41.412657,2.215306,4,,,,,POINT (2.215306 41.412657)
541644040,41.4135076,2.2096634,4,,,,,POINT (2.2096634 41.4135076)
542641435,41.3768853,2.1442783,3,,,,,POINT (2.1442783 41.3768853)
542641437,41.3765392,2.1436614,3,,,,,POINT (2.1436614 41.3765392)
543552887,41.4120928,2.2047292,3,,,,,POINT (2.2047292 41.4120928)
543552897,41.410943,2.206254,3,,,,,POINT (2.206254 41.410943)
543552903,41.4105088,2.2068318,3,,,,,POINT (2.2068318 41.4105088)
543552907,41.4100926,2.207388,4,,,,,POINT (2.207388 41.4100926)
543552912,41.4092496,2.2085186,4,,,,,POINT (2.2085186 41.4092496)
543552915,41.4089541,2.2089096,4,,,,,POINT (2.2089096 41.4089541)
543552956,41.4113643,2.2079559,3,,,,,POINT (2.2079559 41.4113643)
543552977,41.41264,2.208521,4,,,,,POINT (2.208521 41.41264)
543552982,41.4151951,2.2119334,4,,,,,POINT (2.2119334 41.4151951)
543552988,41.4159116,2.2128867,4,,,,,POINT (2.2128867 41.4159116)
543552991,41.4161511,2.2132268,4,,,,,POINT (2.2132268 41.4161511)
543553025,41.4110657,2.2039064,3,,,,,POINT (2.2039064 41.4110657)
543553059,41.4143515,2.2130514,4,,,,,POINT (2.2130514 41.4143515)
543553089,41.4136186,2.2120857,3,,,,,POINT (2.2120857 41.4136186)
543553107,41.4150769,2.213986,3,,,,,POINT (2.213986 41.4150769)
543553116,41.4131656,2.2114851,1,,,,,POINT (2.2114851 41.4131656)
543553128,41.4092413,2.2062565,4,,,,,POINT (2.2062565 41.4092413)
543553141,41.4143476,2.2017609,4,,,,,POINT (2.2017609 41.4143476)
544222987,41.4057127,2.1971009,4,,,,,POINT (2.1971009 41.4057127)
544222994,41.406104,2.1975594,4,,,,,POINT (2.1975594 41.406104)
544222999,41.4066707,2.1983548,4,,,,,POINT (2.1983548 41.4066707)
544223002,41.4083751,2.2005994,4,,,,,POINT (2.2005994 41.4083751)
544223009,41.4099244,2.203054,3,,,,,POINT (2.203054 41.4099244)
544223016,41.4100815,2.2028401,3,,,,,POINT (2.2028401 41.4100815)
544223024,41.4117881,2.2051292,4,,,,,POINT (2.2051292 41.4117881)
544223032,41.4143532,2.2085392,4,,,,,POINT (2.2085392 41.4143532)
544223037,41.415205,2.2096666,4,,,,,POINT (2.2096666 41.415205)
544223041,41.4160347,2.2107795,4,,,,,POINT (2.2107795 41.4160347)
544223044,41.4167612,2.2117526,3,,,,,POINT (2.2117526 41.4167612)
544298432,41.3762306,2.1366782,3,,,,,POINT (2.1366782 41.3762306)
544298434,41.3766411,2.1372088,3,,,,,POINT (2.1372088 41.3766411)
550587950,41.3959249,2.1038634,3,,,,,POINT (2.1038634 41.3959249)
550588071,41.3996411,2.1054229,1,,,,,POINT (2.1054229 41.3996411)
550588156,41.4097519,2.1055892,3,,,,,POINT (2.1055892 41.4097519)
552864169,41.3506193,2.1505246,3,,,,,POINT (2.1505246 41.3506193)
552864292,41.3490073,2.1469583,3,,,,,POINT (2.1469583 41.3490073)
552884409,41.3468302,2.1484858,3,,,,,POINT (2.1484858 41.3468302)
552884433,41.3490935,2.1448588,1,,,,,POINT (2.1448588 41.3490935)
552884436,41.3487761,2.1448189,3,,,,,POINT (2.1448189 41.3487761)
552884476,41.3472764,2.1470685,3,,,,,POINT (2.1470685 41.3472764)
552884492,41.3476234,2.1460918,3,,,,,POINT (2.1460918 41.3476234)
552884518,41.3469429,2.1482931,3,,,,,POINT (2.1482931 41.3469429)
552884543,41.3476172,2.1481614,3,,,,,POINT (2.1481614 41.3476172)
552884560,41.3471025,2.1487636,3,,,,,POINT (2.1487636 41.3471025)
552884565,41.3471783,2.1485961,3,,,,,POINT (2.1485961 41.3471783)
552884581,41.3472203,2.1470232,3,,,,,POINT (2.1470232 41.3472203)
552884596,41.345744,2.1464951,3,,,,,POINT (2.1464951 41.345744)
552884601,41.3450251,2.146042,3,,,,,POINT (2.146042 41.3450251)
552884620,41.349094,2.1482465,3,,,,,POINT (2.1482465 41.349094)
552884631,41.3482423,2.1478002,3,,,,,POINT (2.1478002 41.3482423)
552884638,41.3481607,2.1471087,3,,,,,POINT (2.1471087 41.3481607)
552884648,41.3470032,2.1477031,3,,,,,POINT (2.1477031 41.3470032)
552884692,41.3490496,2.1471894,3,,,,,POINT (2.1471894 41.3490496)
552884794,41.3495512,2.1468484,3,,,,,POINT (2.1468484 41.3495512)
552884802,41.350058,2.1464545,3,,,,,POINT (2.1464545 41.350058)
552884809,41.3511558,2.145643,4,,,,,POINT (2.145643 41.3511558)
552884819,41.3496687,2.1465271,4,,,,,POINT (2.1465271 41.3496687)
552884824,41.3496298,2.1460732,3,,,,,POINT (2.1460732 41.3496298)
552884852,41.350907,2.1500868,3,motorway_junction,,,,POINT (2.1500868 41.350907)
552884857,41.3508412,2.1498396,3,motorway_junction,,,,POINT (2.1498396 41.3508412)
552884948,41.3477507,2.145905,3,,,,,POINT (2.145905 41.3477507)
552885018,41.3499771,2.146314,3,,,,,POINT (2.146314 41.3499771)
553047540,41.3308799,2.1290677,4,,,,,POINT (2.1290677 41.3308799)
553047542,41.3307409,2.1290614,3,,,,,POINT (2.1290614 41.3307409)
553047550,41.3306281,2.1294029,3,,,,,POINT (2.1294029 41.3306281)
553047553,41.3307191,2.1295291,4,,,,,POINT (2.1295291 41.3307191)
553047564,41.3308476,2.1296115,4,,,,,POINT (2.1296115 41.3308476)
553047566,41.3309023,2.1296248,3,,,,,POINT (2.1296248 41.3309023)
553047568,41.3310358,2.1295461,3,,,,,POINT (2.1295461 41.3310358)
553047571,41.3310894,2.1294154,3,,,,,POINT (2.1294154 41.3310894)
553047574,41.3310632,2.1292087,3,,,,,POINT (2.1292087 41.3310632)
553047582,41.331009,2.1291492,4,,,,,POINT (2.1291492 41.331009)
553047600,41.3314403,2.1296899,3,,,,,POINT (2.1296899 41.3314403)
553047602,41.3346705,2.1316784,1,,,,,POINT (2.1316784 41.3346705)
553047606,41.3302929,2.1289849,3,,,,,POINT (2.1289849 41.3302929)
553047608,41.3236041,2.1248581,4,,,,,POINT (2.1248581 41.3236041)
553047669,41.3306129,2.1298272,3,,,,,POINT (2.1298272 41.3306129)
553047710,41.3307434,2.1299017,3,,,,,POINT (2.1299017 41.3307434)
553061170,41.3314925,2.1269111,3,,,,,POINT (2.1269111 41.3314925)
553061171,41.3315055,2.1270018,3,,,,,POINT (2.1270018 41.3315055)
553061183,41.3319484,2.1268536,3,,,,,POINT (2.1268536 41.3319484)
553061185,41.3319291,2.1267601,3,,,,,POINT (2.1267601 41.3319291)
553061199,41.3319666,2.1240782,3,,,,,POINT (2.1240782 41.3319666)
553061203,41.3322216,2.1243075,3,,,,,POINT (2.1243075 41.3322216)
553061207,41.3323345,2.1249099,3,,,,,POINT (2.1249099 41.3323345)
553061209,41.3326728,2.1239469,3,,,,,POINT (2.1239469 41.3326728)
553061228,41.3324992,2.1244439,4,,,,,POINT (2.1244439 41.3324992)
553061231,41.3327312,2.1242451,3,,,,,POINT (2.1242451 41.3327312)
553064821,41.3325792,2.1246678,3,,,,,POINT (2.1246678 41.3325792)
553064859,41.3322741,2.1241826,3,,,,,POINT (2.1241826 41.3322741)
553064917,41.3325605,2.1244495,4,,,,level_crossing,POINT (2.1244495 41.3325605)
553064974,41.3325194,2.1243859,4,,,,,POINT (2.1243859 41.3325194)
553098845,41.3745897,2.130901,4,,,,,POINT (2.130901 41.3745897)
553098856,41.3783979,2.1377744,3,,,,,POINT (2.1377744 41.3783979)
554162141,41.3238637,2.1215038,3,,,,,POINT (2.1215038 41.3238637)
554162142,41.3237402,2.1219598,4,,,,,POINT (2.1219598 41.3237402)
554162143,41.3235881,2.1225255,3,,,,,POINT (2.1225255 41.3235881)
554162147,41.3240557,2.1220692,3,,,,,POINT (2.1220692 41.3240557)
554162152,41.3240514,2.1222558,3,,,,,POINT (2.1222558 41.3240514)
554183143,41.3809246,2.1404723,3,,,,,POINT (2.1404723 41.3809246)
554200801,41.3232434,2.1238609,3,,,,,POINT (2.1238609 41.3232434)
554200802,41.3230878,2.1245602,3,,,,,POINT (2.1245602 41.3230878)
554200803,41.3229531,2.1252394,3,,,,,POINT (2.1252394 41.3229531)
554241178,41.3256918,2.1261514,3,,,,,POINT (2.1261514 41.3256918)
554241185,41.3253555,2.1259493,3,,,,,POINT (2.1259493 41.3253555)
554241219,41.3255536,2.1267489,3,,,,,POINT (2.1267489 41.3255536)
555187275,41.389453,2.1601957,3,,,,,POINT (2.1601957 41.389453)
555187278,41.3886395,2.161265,3,,,,,POINT (2.161265 41.3886395)
555386271,41.3759072,2.1373896,1,,,,,POINT (2.1373896 41.3759072)
556051361,41.3297295,2.1344614,3,,,,,POINT (2.1344614 41.3297295)
556051368,41.3331414,2.1365644,3,,,,,POINT (2.1365644 41.3331414)
556051468,41.3294323,2.1336754,3,,,,,POINT (2.1336754 41.3294323)
556051517,41.3290668,2.1347095,3,,,,,POINT (2.1347095 41.3290668)
556051729,41.3292536,2.1341682,6,,,,,POINT (2.1341682 41.3292536)
556334940,41.4079079,2.1284205,3,,,,,POINT (2.1284205 41.4079079)
556334957,41.4072536,2.1321143,3,,,,,POINT (2.1321143 41.4072536)
556334963,41.4069141,2.1334083,3,,,,,POINT (2.1334083 41.4069141)
556335003,41.4096033,2.1301305,4,,,,,POINT (2.1301305 41.4096033)
556335169,41.4091552,2.1263194,3,,,,,POINT (2.1263194 41.4091552)
556335228,41.4080027,2.1283661,4,,,,,POINT (2.1283661 41.4080027)
556344739,41.407834,2.1302283,3,,,,,POINT (2.1302283 41.407834)
556344763,41.4070477,2.1315691,1,,,,,POINT (2.1315691 41.4070477)
556364033,41.4116539,2.1284104,4,,,,,POINT (2.1284104 41.4116539)
556364095,41.410666,2.1297081,4,,,,,POINT (2.1297081 41.410666)
556364134,41.408978,2.1294034,3,,,,,POINT (2.1294034 41.408978)
556364163,41.4116756,2.1295705,3,,,,,POINT (2.1295705 41.4116756)
556431046,41.3305587,2.132062,3,,,,,POINT (2.132062 41.3305587)
556431154,41.3302717,2.1312506,3,,,,,POINT (2.1312506 41.3302717)
556431628,41.3387697,2.1223171,3,,,,,POINT (2.1223171 41.3387697)
556431968,41.3298991,2.1323163,3,,,,,POINT (2.1323163 41.3298991)
556432064,41.3338675,2.1340965,3,,,,,POINT (2.1340965 41.3338675)
556432209,41.330425,2.1320258,3,,,,,POINT (2.1320258 41.330425)
556541665,41.3342233,2.1349519,3,,,,,POINT (2.1349519 41.3342233)
556541750,41.3345907,2.1339008,3,,,,,POINT (2.1339008 41.3345907)
557187269,41.3854948,2.1424582,4,,,,,POINT (2.1424582 41.3854948)
557187296,41.3876663,2.1427657,5,,,,,POINT (2.1427657 41.3876663)
557230343,41.3863543,2.1396046,4,,,,,POINT (2.1396046 41.3863543)
557230350,41.3856386,2.1384146,3,traffic_signals,,,,POINT (2.1384146 41.3856386)
557230376,41.3847575,2.1415462,4,,,,,POINT (2.1415462 41.3847575)
557230386,41.3853797,2.1407126,4,traffic_signals,,,,POINT (2.1407126 41.3853797)
557230481,41.3853272,2.1387774,4,traffic_signals,,,,POINT (2.1387774 41.3853272)
557230545,41.3839353,2.140359,4,,,,,POINT (2.140359 41.3839353)
557230563,41.387489,2.1362905,3,,,,,POINT (2.1362905 41.387489)
557231477,41.3879099,2.1419318,3,,,,,POINT (2.1419318 41.3879099)
557237874,41.3337708,2.1362546,3,,,,,POINT (2.1362546 41.3337708)
557237888,41.3319396,2.1379918,3,,,,,POINT (2.1379918 41.3319396)
557237901,41.3333363,2.1374886,3,,,,,POINT (2.1374886 41.3333363)
557237966,41.333385,2.1373426,3,,,,,POINT (2.1373426 41.333385)
557237989,41.3340298,2.1392761,3,,,,,POINT (2.1392761 41.3340298)
558752232,41.3317737,2.1271927,3,,,,,POINT (2.1271927 41.3317737)
558752237,41.335592,2.1291974,3,,,,,POINT (2.1291974 41.335592)
559026424,41.3845514,2.1621251,4,,,,,POINT (2.1621251 41.3845514)
559026426,41.3854109,2.1632779,4,,,,,POINT (2.1632779 41.3854109)
559032149,41.3894236,2.1685333,6,,,,,POINT (2.1685333 41.3894236)
559052397,41.4204508,2.2027607,4,,,,,POINT (2.2027607 41.4204508)
559052399,41.4229704,2.2061345,4,,,,,POINT (2.2061345 41.4229704)
559052400,41.4224074,2.204976,4,,,,,POINT (2.204976 41.4224074)
559052401,41.4221606,2.2046477,4,,,,,POINT (2.2046477 41.4221606)
559052402,41.4222596,2.2051712,4,,,,,POINT (2.2051712 41.4222596)
559052405,41.4220138,2.2048484,4,,,,,POINT (2.2048484 41.4220138)
559061399,41.4092297,2.19494,4,,,,,POINT (2.19494 41.4092297)
559410524,41.4170451,2.1982127,3,,,,,POINT (2.1982127 41.4170451)
559410525,41.4180368,2.199149,4,,,,,POINT (2.199149 41.4180368)
559410526,41.4178901,2.1993415,4,,,,,POINT (2.1993415 41.4178901)
559410527,41.4197214,2.2013918,4,,,,,POINT (2.2013918 41.4197214)
559410528,41.4188699,2.2002677,4,,,,,POINT (2.2002677 41.4188699)
559410529,41.419593,2.2016095,4,,,,,POINT (2.2016095 41.419593)
559410530,41.4187239,2.2004508,4,,,,,POINT (2.2004508 41.4187239)
559410531,41.4212846,2.2038698,4,,,,,POINT (2.2038698 41.4212846)
559410532,41.4206002,2.2025589,4,,,,,POINT (2.2025589 41.4206002)
559414533,41.410934,2.1971822,4,,,,,POINT (2.1971822 41.410934)
559415593,41.4118058,2.198348,4,,,,,POINT (2.198348 41.4118058)
559415597,41.4127873,2.1996603,3,,,,,POINT (2.1996603 41.4127873)
559417174,41.4146596,2.2021806,3,,,,,POINT (2.2021806 41.4146596)
559417176,41.4145453,2.201504,4,,,,,POINT (2.201504 41.4145453)
559417178,41.4163753,2.2039756,3,,,,,POINT (2.2039756 41.4163753)
559418993,41.4094292,2.1946529,4,,,,,POINT (2.1946529 41.4094292)
559418994,41.4111124,2.1969432,4,,,,,POINT (2.1969432 41.4111124)
559418998,41.4127167,2.1990667,3,,,,,POINT (2.1990667 41.4127167)
559419000,41.4119892,2.1981042,4,,,,,POINT (2.1981042 41.4119892)
559420249,41.4169105,2.2051681,4,,,,,POINT (2.2051681 41.4169105)
559420254,41.4161113,2.2039657,3,,,,,POINT (2.2039657 41.4161113)
559420255,41.4170978,2.2049199,4,,,,,POINT (2.2049199 41.4170978)
559420263,41.4178125,2.2058844,3,,,,,POINT (2.2058844 41.4178125)
559424460,41.4120567,2.1911657,4,,,,,POINT (2.1911657 41.4120567)
559424461,41.4129222,2.1923236,3,,,,,POINT (2.1923236 41.4129222)
559424462,41.4146132,2.1945785,4,,,,,POINT (2.1945785 41.4146132)
559424463,41.4137605,2.193455,4,,,,,POINT (2.193455 41.4137605)
559591835,41.3500958,2.1484227,3,,,,,POINT (2.1484227 41.3500958)
559591875,41.3517654,2.1532556,3,,,,,POINT (2.1532556 41.3517654)
559591886,41.3515825,2.1537614,3,motorway_junction,13,,,POINT (2.1537614 41.3515825)
559591894,41.3522947,2.1554956,3,motorway_junction,14,,,POINT (2.1554956 41.3522947)
559591897,41.352047,2.1563373,3,,,,,POINT (2.1563373 41.352047)
559604870,41.3516912,2.153207,3,,,,,POINT (2.153207 41.3516912)
559604881,41.3542357,2.1589007,3,motorway_junction,13,,,POINT (2.1589007 41.3542357)
559763179,41.3788599,2.1538884,4,,,,,POINT (2.1538884 41.3788599)
559763181,41.380563,2.1561555,4,,,,,POINT (2.1561555 41.380563)
559764755,41.3820118,2.1587491,4,,,,,POINT (2.1587491 41.3820118)
559764757,41.3839653,2.1606726,4,,,,,POINT (2.1606726 41.3839653)
559764759,41.3848164,2.1618055,4,,,,,POINT (2.1618055 41.3848164)
559764760,41.3856567,2.1629417,3,,,,,POINT (2.1629417 41.3856567)
559765962,41.3861675,2.1642964,3,,,,,POINT (2.1642964 41.3861675)
559765964,41.3884584,2.1671832,4,,,,,POINT (2.1671832 41.3884584)
559765972,41.3871122,2.1655422,4,,,,,POINT (2.1655422 41.3871122)
559787230,41.3907472,2.1697109,4,,,,,POINT (2.1697109 41.3907472)
559787231,41.3904957,2.170052,4,,,,,POINT (2.170052 41.3904957)
559787232,41.3913696,2.1711911,4,,,,,POINT (2.1711911 41.3913696)
559787233,41.3922165,2.1723219,4,,,,,POINT (2.1723219 41.3922165)
559787234,41.3930732,2.1734606,4,,,,,POINT (2.1734606 41.3930732)
559787235,41.393311,2.1731092,3,,,,,POINT (2.1731092 41.393311)
559787236,41.3924622,2.1719792,4,,,,,POINT (2.1719792 41.3924622)
559787238,41.3941639,2.1743006,3,,,,,POINT (2.1743006 41.3941639)
559794881,41.3956442,2.1768046,4,,,,,POINT (2.1768046 41.3956442)
559794884,41.3964568,2.1779862,4,,,,,POINT (2.1779862 41.3964568)
559794885,41.3973218,2.1791325,4,,,,,POINT (2.1791325 41.3973218)
559794886,41.3981702,2.1802567,4,,,,,POINT (2.1802567 41.3981702)
559794889,41.3990084,2.1813821,4,,,,,POINT (2.1813821 41.3990084)
559794893,41.3999277,2.1826171,4,,,,,POINT (2.1826171 41.3999277)
559794895,41.4001888,2.1822651,3,,,,,POINT (2.1822651 41.4001888)
559794897,41.4009938,2.1833641,4,,,,,POINT (2.1833641 41.4009938)
559803319,41.4024454,2.1836254,3,,,,,POINT (2.1836254 41.4024454)
559911553,41.337049,2.1137752,3,crossing,,,,POINT (2.1137752 41.337049)
559911564,41.3361727,2.1139535,3,,,,,POINT (2.1139535 41.3361727)
560006189,41.4209902,2.2106241,3,,,,,POINT (2.2106241 41.4209902)
560006192,41.4204443,2.209413,3,,,,,POINT (2.209413 41.4204443)
560006194,41.4211841,2.2103866,3,,,,,POINT (2.2103866 41.4211841)
560025943,41.4168599,2.2141248,3,,,,,POINT (2.2141248 41.4168599)
560025956,41.416741,2.2140221,3,,,,,POINT (2.2140221 41.416741)
560025958,41.41937,2.2105606,3,,,,,POINT (2.2105606 41.41937)
560559159,41.4104255,2.1258848,3,,,,,POINT (2.1258848 41.4104255)
561249956,41.4243984,2.1434673,4,,,,,POINT (2.1434673 41.4243984)
561249958,41.4251404,2.1527538,3,,,,,POINT (2.1527538 41.4251404)
561249968,41.423464,2.1475324,3,,,,,POINT (2.1475324 41.423464)
561249971,41.4234633,2.1446259,3,,,,,POINT (2.1446259 41.4234633)
561521641,41.4223324,2.1960162,3,,,,,POINT (2.1960162 41.4223324)
561521651,41.422206,2.1984089,3,crossing,,,,POINT (2.1984089 41.422206)
561521656,41.4216252,2.1987633,3,,,,,POINT (2.1987633 41.4216252)
561521683,41.4243735,2.1995164,3,,,,,POINT (2.1995164 41.4243735)
561521685,41.4255649,2.2001654,3,,,,,POINT (2.2001654 41.4255649)
561521686,41.4257574,2.200531,4,,,,,POINT (2.200531 41.4257574)
561521688,41.425674,2.2000149,3,,,,,POINT (2.2000149 41.425674)
561521689,41.4259137,2.2002146,3,,,,,POINT (2.2002146 41.4259137)
561526841,41.4333517,2.2069312,3,,,,,POINT (2.2069312 41.4333517)
565479524,41.3759339,2.136045,4,,,,,POINT (2.136045 41.3759339)
566450878,41.4198006,2.0968513,3,,,,,POINT (2.0968513 41.4198006)
566748387,41.3433061,2.1395718,3,crossing,,,,POINT (2.1395718 41.3433061)
566748388,41.3417109,2.1440055,4,,,,,POINT (2.1440055 41.3417109)
567448761,41.4055902,2.1567687,3,,,,,POINT (2.1567687 41.4055902)
567448762,41.4051666,2.1572503,3,,,,,POINT (2.1572503 41.4051666)
567451703,41.4062486,2.1498359,3,,,,,POINT (2.1498359 41.4062486)
567453718,41.4185962,2.1363071,3,,,,,POINT (2.1363071 41.4185962)
567453739,41.4188424,2.1366363,3,,,,,POINT (2.1366363 41.4188424)
567456652,41.4087165,2.1236862,3,motorway_junction,7,,,POINT (2.1236862 41.4087165)
567474424,41.4104488,2.1254807,3,,,,,POINT (2.1254807 41.4104488)
567474427,41.4104857,2.1255164,3,,,,,POINT (2.1255164 41.4104857)
567474429,41.4105335,2.1256331,3,,,,,POINT (2.1256331 41.4105335)
567474433,41.4109791,2.1269364,3,,,,,POINT (2.1269364 41.4109791)
567477671,41.4087438,2.1240313,3,,,,,POINT (2.1240313 41.4087438)
567478392,41.4109749,2.1317515,4,,,,,POINT (2.1317515 41.4109749)
568117147,41.4219051,2.1409982,3,,,,,POINT (2.1409982 41.4219051)
568117156,41.421991,2.140746,3,,,,,POINT (2.140746 41.421991)
568117164,41.4219075,2.1407048,3,,,,,POINT (2.1407048 41.4219075)
568490082,41.4185921,2.0853574,1,,,,,POINT (2.0853574 41.4185921)
568495538,41.4092258,2.1994597,4,,,,,POINT (2.1994597 41.4092258)
568495548,41.4094892,2.2013859,3,,,,,POINT (2.2013859 41.4094892)
568495561,41.4103341,2.202522,3,,,,,POINT (2.202522 41.4103341)
568648969,41.4118269,2.1239723,4,,,,,POINT (2.1239723 41.4118269)
568811043,41.3703603,2.1706065,3,,,,,POINT (2.1706065 41.3703603)
568847323,41.4042063,2.1171797,4,,,,,POINT (2.1171797 41.4042063)
568847326,41.4056193,2.1242514,3,,,,,POINT (2.1242514 41.4056193)
568847327,41.4062753,2.1236288,4,,,,,POINT (2.1236288 41.4062753)
568847328,41.4072506,2.1255182,4,,,,,POINT (2.1255182 41.4072506)
568847329,41.406285,2.1252809,4,,,,,POINT (2.1252809 41.406285)
568847331,41.4067119,2.1260377,4,,,,,POINT (2.1260377 41.4067119)
568847332,41.4072519,2.1287567,1,,,,,POINT (2.1287567 41.4072519)
568847334,41.4084421,2.1278424,3,,,,,POINT (2.1278424 41.4084421)
568847339,41.411204,2.1313578,3,,,,,POINT (2.1313578 41.411204)
568847350,41.40104,2.1500551,4,,,,,POINT (2.1500551 41.40104)
569768101,41.3726447,2.1281343,4,,,,,POINT (2.1281343 41.3726447)
569768102,41.37214,2.1285466,4,,,,,POINT (2.1285466 41.37214)
569768103,41.3730993,2.1291665,4,,,,,POINT (2.1291665 41.3730993)
571411365,41.3729973,2.1365529,3,,,,,POINT (2.1365529 41.3729973)
572001919,41.4413156,2.1624187,3,,,,,POINT (2.1624187 41.4413156)
572001922,41.4422157,2.1647458,3,,,,,POINT (2.1647458 41.4422157)
572064532,41.4413078,2.1652403,3,,,,,POINT (2.1652403 41.4413078)
572064543,41.4427443,2.1644729,4,,,,,POINT (2.1644729 41.4427443)
572064556,41.4443136,2.1670314,3,,,,,POINT (2.1670314 41.4443136)
572064559,41.4433267,2.1644061,3,,,,,POINT (2.1644061 41.4433267)
572064577,41.4438622,2.1673851,3,,,,,POINT (2.1673851 41.4438622)
572064583,41.4436957,2.1675044,3,,,,,POINT (2.1675044 41.4436957)
572064585,41.4443868,2.1693305,3,,,,,POINT (2.1693305 41.4443868)
572078015,41.44164,2.1632351,3,,,,,POINT (2.1632351 41.44164)
572085949,41.4410963,2.1624345,3,,,,,POINT (2.1624345 41.4410963)
572085967,41.4428223,2.1704399,3,,,,,POINT (2.1704399 41.4428223)
572086736,41.4407722,2.1626227,3,,,,,POINT (2.1626227 41.4407722)
572086738,41.4407853,2.1622766,3,,,,,POINT (2.1622766 41.4407853)
573420810,41.3732821,2.1311502,4,,,,,POINT (2.1311502 41.3732821)
573420811,41.3733706,2.1313758,4,,,,,POINT (2.1313758 41.3733706)
573420816,41.3727951,2.1315901,3,,,,,POINT (2.1315901 41.3727951)
573420819,41.3727013,2.1313624,3,,,,,POINT (2.1313624 41.3727013)
573420821,41.38166,2.1153075,1,,,,,POINT (2.1153075 41.38166)
573420824,41.3773129,2.1264548,3,,,,,POINT (2.1264548 41.3773129)
573420826,41.3764391,2.1277805,2,,,,,POINT (2.1277805 41.3764391)
573420830,41.3761514,2.1285544,1,,,,,POINT (2.1285544 41.3761514)
573420835,41.3763389,2.1296752,3,,,,,POINT (2.1296752 41.3763389)
573420841,41.3765659,2.1282146,3,,,,,POINT (2.1282146 41.3765659)
573420842,41.3768538,2.1294771,3,,,,,POINT (2.1294771 41.3768538)
573420847,41.3778112,2.1277724,4,,,,,POINT (2.1277724 41.3778112)
573420850,41.3776753,2.1274147,4,,,,,POINT (2.1274147 41.3776753)
573484619,41.3775952,2.1383017,3,,,,,POINT (2.1383017 41.3775952)
574968984,41.3394505,2.1174953,3,motorway_junction,18B,,,POINT (2.1174953 41.3394505)
574969001,41.3395142,2.1212981,3,,,,,POINT (2.1212981 41.3395142)
574969005,41.3391738,2.1211569,3,,,,,POINT (2.1211569 41.3391738)
574969009,41.3397449,2.1213928,3,,,,,POINT (2.1213928 41.3397449)
574969013,41.3394691,2.1217945,3,,,,,POINT (2.1217945 41.3394691)
574969014,41.3396681,2.1218135,3,,,,,POINT (2.1218135 41.3396681)
574969022,41.3405617,2.1231038,3,,,,,POINT (2.1231038 41.3405617)
574969043,41.3444868,2.1353131,3,,,,,POINT (2.1353131 41.3444868)
574969045,41.3444011,2.1350276,3,,,,,POINT (2.1350276 41.3444011)
574969048,41.344553,2.1358492,3,,,,,POINT (2.1358492 41.344553)
574969052,41.3436379,2.1390344,3,,,,,POINT (2.1390344 41.3436379)
574969056,41.345496,2.1404115,3,,,,,POINT (2.1404115 41.345496)
574969058,41.3457168,2.1419474,4,,,,,POINT (2.1419474 41.3457168)
574969074,41.3459562,2.1416526,3,,,,,POINT (2.1416526 41.3459562)
574969090,41.3450567,2.1438376,4,,,,,POINT (2.1438376 41.3450567)
574969091,41.3447688,2.1446475,3,,,,,POINT (2.1446475 41.3447688)
574969094,41.3454729,2.1426665,3,,3322,,,POINT (2.1426665 41.3454729)
574969096,41.3470117,2.143113,3,,,,,POINT (2.143113 41.3470117)
574969097,41.3469433,2.1430593,3,,,,,POINT (2.1430593 41.3469433)
574969114,41.3443919,2.1456566,4,,,,,POINT (2.1456566 41.3443919)
574969115,41.3442841,2.1459497,3,,,,,POINT (2.1459497 41.3442841)
574969130,41.3473113,2.1452311,2,,,,,POINT (2.1452311 41.3473113)
574969140,41.3475513,2.1451131,2,,,,,POINT (2.1451131 41.3475513)
575781189,41.3866902,2.1939657,1,,,,,POINT (2.1939657 41.3866902)
575781196,41.3876306,2.1941706,4,,,,,POINT (2.1941706 41.3876306)
575781202,41.3893316,2.19423,3,,,,,POINT (2.19423 41.3893316)
575826921,41.4501507,2.1769084,3,,,,,POINT (2.1769084 41.4501507)
575826975,41.4505823,2.1747988,3,,,,,POINT (2.1747988 41.4505823)
575827094,41.4438304,2.1620041,3,,,,,POINT (2.1620041 41.4438304)
576583031,41.3368452,2.1277596,3,,,,,POINT (2.1277596 41.3368452)
576583036,41.3371455,2.127569,3,,,,,POINT (2.127569 41.3371455)
576583053,41.337306,2.127306,3,,,,,POINT (2.127306 41.337306)
576583112,41.3389122,2.1284681,2,,,,,POINT (2.1284681 41.3389122)
576936642,41.348325,2.1368394,3,,,,,POINT (2.1368394 41.348325)
578369832,41.3785204,2.1275287,3,,,,,POINT (2.1275287 41.3785204)
582874668,41.4171888,2.120014,1,,,,,POINT (2.120014 41.4171888)
582942236,41.3910332,2.1933667,3,,,,,POINT (2.1933667 41.3910332)
583257390,41.4194214,2.1407683,3,,,,,POINT (2.1407683 41.4194214)
583257391,41.4091706,2.1482144,3,,,,,POINT (2.1482144 41.4091706)
583319840,41.4259581,2.0895382,3,crossing,,,,POINT (2.0895382 41.4259581)
583321739,41.4216956,2.0865354,3,,,,,POINT (2.0865354 41.4216956)
583321777,41.4263904,2.089894,4,crossing,,,,POINT (2.089894 41.4263904)
583323362,41.4090034,2.1014816,3,,,,,POINT (2.1014816 41.4090034)
585245610,41.4210584,2.0943293,1,,,,,POINT (2.0943293 41.4210584)
585245862,41.4058096,2.1963485,3,,,,,POINT (2.1963485 41.4058096)
585250803,41.4053286,2.1944487,3,,,,,POINT (2.1944487 41.4053286)
588014356,41.3671674,2.1752063,3,,,,,POINT (2.1752063 41.3671674)
597212245,41.4078839,2.2058059,3,,,,,POINT (2.2058059 41.4078839)
597212246,41.4045562,2.2101863,3,,,,,POINT (2.2101863 41.4045562)
597218402,41.4054855,2.2112014,3,,,,,POINT (2.2112014 41.4054855)
597218414,41.4051608,2.2107709,4,,,,,POINT (2.2107709 41.4051608)
597218416,41.4054523,2.2102802,3,,,,,POINT (2.2102802 41.4054523)
597218424,41.4035736,2.2092388,4,,,,,POINT (2.2092388 41.4035736)
597218426,41.4029436,2.2077669,3,,,,,POINT (2.2077669 41.4029436)
597222067,41.4027811,2.1991294,3,,,,,POINT (2.1991294 41.4027811)
597222090,41.4047638,2.2009457,3,,,,,POINT (2.2009457 41.4047638)
597239681,41.4124096,2.1952357,3,,,,,POINT (2.1952357 41.4124096)
597239682,41.4132794,2.1963883,3,,,,,POINT (2.1963883 41.4132794)
597263757,41.4066945,2.1961194,4,,,,,POINT (2.1961194 41.4066945)
597263758,41.4075841,2.194986,3,,,,,POINT (2.194986 41.4075841)
597441690,41.4162365,2.201482,4,,,,,POINT (2.201482 41.4162365)
597933738,41.4155853,2.1978692,4,,,,,POINT (2.1978692 41.4155853)
597933742,41.4147231,2.2012424,4,,,,,POINT (2.2012424 41.4147231)
597933744,41.4153887,2.2003738,4,,,,,POINT (2.2003738 41.4153887)
597933805,41.4171065,2.1936018,3,,,,,POINT (2.1936018 41.4171065)
597933808,41.4161828,2.1970647,4,,,,,POINT (2.1970647 41.4161828)
597933809,41.4163268,2.196868,4,,,,,POINT (2.196868 41.4163268)
597933811,41.4179604,2.1947162,3,,,,,POINT (2.1947162 41.4179604)
597933812,41.4152588,2.1958345,4,,,,,POINT (2.1958345 41.4152588)
597933813,41.4146602,2.1966501,4,,,,,POINT (2.1966501 41.4146602)
597933814,41.4136597,2.1981146,4,,,,,POINT (2.1981146 41.4136597)
597933815,41.4130182,2.1989913,3,,,,,POINT (2.1989913 41.4130182)
597933816,41.4154882,2.1957475,4,,,,,POINT (2.1957475 41.4154882)
597933817,41.4149051,2.1997305,3,,,,,POINT (2.1997305 41.4149051)
598217461,41.4265116,2.1968258,1,,,,,POINT (2.1968258 41.4265116)
598217794,41.4279191,2.1973866,2,,,,,POINT (2.1973866 41.4279191)
598219652,41.4283852,2.1977142,2,,,,,POINT (2.1977142 41.4283852)
598219672,41.4297738,2.1984476,1,,,,,POINT (2.1984476 41.4297738)
598219762,41.4285415,2.1999936,3,,,,,POINT (2.1999936 41.4285415)
598219928,41.4301581,2.1998868,3,,,,,POINT (2.1998868 41.4301581)
598219933,41.4341669,2.1980999,4,,,,,POINT (2.1980999 41.4341669)
598219934,41.4353763,2.1978993,3,,,,,POINT (2.1978993 41.4353763)
598220048,41.4246337,2.1997254,3,,,,,POINT (2.1997254 41.4246337)
598220565,41.4340092,2.192255,5,,,,,POINT (2.192255 41.4340092)
598220574,41.4324338,2.1931531,4,,,,,POINT (2.1931531 41.4324338)
598220583,41.4322453,2.1951436,3,,,,,POINT (2.1951436 41.4322453)
598220622,41.4333449,2.1942811,3,,,,,POINT (2.1942811 41.4333449)
598221107,41.4345264,2.1931785,3,,,,,POINT (2.1931785 41.4345264)
598221293,41.4356064,2.2009057,3,,,,,POINT (2.2009057 41.4356064)
598221298,41.435566,2.2009847,3,,,,,POINT (2.2009847 41.435566)
598221306,41.4355697,2.201157,3,,,,,POINT (2.201157 41.4355697)
598221311,41.4357985,2.2012399,3,,,,,POINT (2.2012399 41.4357985)
598221316,41.4358719,2.201047,3,,,,,POINT (2.201047 41.4358719)
598221318,41.4358391,2.2009319,3,,,,,POINT (2.2009319 41.4358391)
598221321,41.4357374,2.2008522,3,,,,,POINT (2.2008522 41.4357374)
598221965,41.4392205,2.2003386,4,,,,,POINT (2.2003386 41.4392205)
598222073,41.4428121,2.1997175,5,,,,,POINT (2.1997175 41.4428121)
598222086,41.4422757,2.1930502,4,,,,,POINT (2.1930502 41.4422757)
598222623,41.4424958,2.196752,4,,,,,POINT (2.196752 41.4424958)
598222624,41.4426586,2.1968137,4,,,,,POINT (2.1968137 41.4426586)
598222759,41.4396448,2.2036475,3,,,,,POINT (2.2036475 41.4396448)
598222957,41.4431572,2.2028236,4,,,,,POINT (2.2028236 41.4431572)
598222962,41.4486566,2.2002851,3,,,,,POINT (2.2002851 41.4486566)
598223783,41.4421433,2.1908221,4,,,,,POINT (2.1908221 41.4421433)
598223793,41.4452618,2.1905925,4,,,,,POINT (2.1905925 41.4452618)
598223867,41.4460335,2.1927566,3,,,,,POINT (2.1927566 41.4460335)
598223919,41.4377399,2.1933558,3,,,,,POINT (2.1933558 41.4377399)
598223921,41.4422084,2.1919203,3,,,,,POINT (2.1919203 41.4422084)
598223927,41.4377004,2.1921984,4,,,,,POINT (2.1921984 41.4377004)
598223938,41.4376633,2.1891156,3,,,,,POINT (2.1891156 41.4376633)
598223996,41.4352805,2.1920267,3,,,,,POINT (2.1920267 41.4352805)
598224001,41.4346575,2.1927507,3,,,,,POINT (2.1927507 41.4346575)
598224012,41.4362404,2.1913016,3,,,,,POINT (2.1913016 41.4362404)
598224356,41.4325949,2.1842693,3,,,,,POINT (2.1842693 41.4325949)
598224398,41.432185,2.1893144,3,,,,,POINT (2.1893144 41.432185)
598224512,41.4319944,2.1843685,3,,,,,POINT (2.1843685 41.4319944)
598224513,41.4317618,2.1876047,4,,,,,POINT (2.1876047 41.4317618)
598224514,41.4318895,2.1893313,4,,,,,POINT (2.1893313 41.4318895)
598224520,41.431916,2.1856517,5,,,,,POINT (2.1856517 41.431916)
598224521,41.4324654,2.1857253,4,,,,,POINT (2.1857253 41.4324654)
598224522,41.4338468,2.1859938,4,,,,,POINT (2.1859938 41.4338468)
598224523,41.4330327,2.1858404,4,,,,,POINT (2.1858404 41.4330327)
598224596,41.4309036,2.1845189,3,,,,,POINT (2.1845189 41.4309036)
598224597,41.4310926,2.1858786,4,,,,,POINT (2.1858786 41.4310926)
598224640,41.4301886,2.1879903,4,,,,,POINT (2.1879903 41.4301886)
598224641,41.4313522,2.1877021,4,,,,,POINT (2.1877021 41.4313522)
598224642,41.4323235,2.1874647,4,,,,,POINT (2.1874647 41.4323235)
598224643,41.4333075,2.1874735,4,,,,,POINT (2.1874735 41.4333075)
598224644,41.4336496,2.1875624,3,,,,,POINT (2.1875624 41.4336496)
598224741,41.4350126,2.1851461,4,,,,,POINT (2.1851461 41.4350126)
598224742,41.4352007,2.18425,3,,,,,POINT (2.18425 41.4352007)
598224743,41.4350316,2.1852863,3,,,,,POINT (2.1852863 41.4350316)
598224744,41.4347413,2.1840771,3,,,,,POINT (2.1840771 41.4347413)
598224749,41.4346097,2.1850947,4,,,,,POINT (2.1850947 41.4346097)
598224750,41.4344548,2.186138,4,,,,,POINT (2.186138 41.4344548)
598224809,41.4334133,2.1865888,4,,,,,POINT (2.1865888 41.4334133)
598224810,41.4329673,2.1865144,4,,,,,POINT (2.1865144 41.4329673)
598224823,41.4353533,2.189688,3,crossing,,,,POINT (2.189688 41.4353533)
598224884,41.4365241,2.1867027,3,,,,,POINT (2.1867027 41.4365241)
598224886,41.4354762,2.1865813,4,,,,,POINT (2.1865813 41.4354762)
598224964,41.4364639,2.1870198,3,,,,,POINT (2.1870198 41.4364639)
598224982,41.439304,2.1881453,4,,,,,POINT (2.1881453 41.439304)
598224987,41.441396,2.1882802,3,,,,,POINT (2.1882802 41.441396)
598224997,41.4401592,2.18756,4,,,,,POINT (2.18756 41.4401592)
598224999,41.4389671,2.1868063,3,,,,,POINT (2.1868063 41.4389671)
598225085,41.4368924,2.1848291,3,,,,,POINT (2.1848291 41.4368924)
598225120,41.4361111,2.1886746,4,,,,,POINT (2.1886746 41.4361111)
598225121,41.4360284,2.1897015,4,,,,,POINT (2.1897015 41.4360284)
598225132,41.4348364,2.1856778,3,,,,,POINT (2.1856778 41.4348364)
598225219,41.4348308,2.1864996,4,,,,,POINT (2.1864996 41.4348308)
598225223,41.4348133,2.18683,4,,,,,POINT (2.18683 41.4348133)
600061446,41.4423488,2.1930374,3,,,,,POINT (2.1930374 41.4423488)
600061447,41.4424516,2.1943883,4,,,,,POINT (2.1943883 41.4424516)
600061448,41.4423473,2.1943803,4,,,,,POINT (2.1943803 41.4423473)
600061478,41.4447802,2.1975264,3,,,,,POINT (2.1975264 41.4447802)
600061480,41.4449742,2.1991394,4,,,,,POINT (2.1991394 41.4449742)
600061492,41.4434502,2.2054524,4,,,,,POINT (2.2054524 41.4434502)
600061499,41.4437003,2.2056421,3,crossing,,,,POINT (2.2056421 41.4437003)
600112315,41.4433598,2.2059766,4,,,,,POINT (2.2059766 41.4433598)
600466245,41.4390593,2.20391,3,,,,,POINT (2.20391 41.4390593)
600466257,41.4458395,2.1988299,3,,,,,POINT (2.1988299 41.4458395)
600466268,41.4464763,2.1982396,4,,,,,POINT (2.1982396 41.4464763)
600466270,41.4466679,2.1981164,4,,,,,POINT (2.1981164 41.4466679)
600466272,41.4465335,2.1984198,4,,,,,POINT (2.1984198 41.4465335)
600466273,41.4468786,2.1982167,5,,,,,POINT (2.1982167 41.4468786)
600466281,41.4461541,2.1996719,3,,,,,POINT (2.1996719 41.4461541)
600466282,41.446829,2.1992662,4,,,,,POINT (2.1992662 41.446829)
600466284,41.4471843,2.2002759,3,,,,,POINT (2.2002759 41.4471843)
600466286,41.4462933,2.201819,4,,,,,POINT (2.201819 41.4462933)
600466290,41.4474349,2.201019,4,,,,,POINT (2.201019 41.4474349)
600466293,41.4478196,2.2007942,3,,,,,POINT (2.2007942 41.4478196)
600466299,41.4467389,2.202987,2,,,,,POINT (2.202987 41.4467389)
600466300,41.4467367,2.2028303,3,,,,,POINT (2.2028303 41.4467367)
600821408,41.3930584,2.1890736,4,traffic_signals,,,,POINT (2.1890736 41.3930584)
600830525,41.3939322,2.1879214,4,,,,,POINT (2.1879214 41.3939322)
601047991,41.4096066,2.2223958,3,,,,,POINT (2.2223958 41.4096066)
601047993,41.411011,2.2217887,3,,,,,POINT (2.2217887 41.411011)
603995028,41.4361896,2.1532616,3,,,,,POINT (2.1532616 41.4361896)
603995030,41.437242,2.1509884,3,,,,,POINT (2.1509884 41.437242)
603995035,41.4362987,2.1531768,4,,,,,POINT (2.1531768 41.4362987)
603995037,41.4374784,2.152383,3,,,,,POINT (2.152383 41.4374784)
603995049,41.4378143,2.152552,3,,,,,POINT (2.152552 41.4378143)
603995062,41.4355597,2.1535218,3,,,,,POINT (2.1535218 41.4355597)
603995063,41.4363799,2.1536735,3,,,,,POINT (2.1536735 41.4363799)
603995064,41.4364885,2.1535778,3,,,,,POINT (2.1535778 41.4364885)
603995066,41.4364956,2.1535648,3,,,,,POINT (2.1535648 41.4364956)
603995072,41.4363659,2.1536762,3,,,,,POINT (2.1536762 41.4363659)
604001411,41.4445844,2.1744047,3,,,,,POINT (2.1744047 41.4445844)
604527107,41.3605311,2.1600436,1,turning_circle,,,,POINT (2.1600436 41.3605311)
604937943,41.447098,2.1904928,4,,,,,POINT (2.1904928 41.447098)
604943427,41.4176392,2.1385776,3,,,,,POINT (2.1385776 41.4176392)
604943434,41.4177114,2.1386259,3,,,,,POINT (2.1386259 41.4177114)
604943437,41.4175713,2.1385851,3,,,,,POINT (2.1385851 41.4175713)
604943442,41.4174521,2.138848,3,traffic_signals,,,,POINT (2.138848 41.4174521)
604943444,41.4175211,2.1389628,3,,,,,POINT (2.1389628 41.4175211)
604943448,41.4175906,2.1389964,3,,,,,POINT (2.1389964 41.4175906)
612363395,41.3721792,2.1586198,3,,,,,POINT (2.1586198 41.3721792)
612363409,41.3734027,2.1596286,3,,,,,POINT (2.1596286 41.3734027)
614217675,41.427613,2.1669592,3,,,yes,,POINT (2.1669592 41.427613)
614623610,41.4219246,2.1418563,3,,,,,POINT (2.1418563 41.4219246)
614849044,41.4224167,2.1419179,3,,,,,POINT (2.1419179 41.4224167)
614849048,41.4234555,2.1457826,3,,,,,POINT (2.1457826 41.4234555)
615815427,41.4246599,2.1425961,4,,,,,POINT (2.1425961 41.4246599)
615815431,41.4266314,2.1434618,3,,,,,POINT (2.1434618 41.4266314)
615815434,41.4273698,2.1438154,4,,,,,POINT (2.1438154 41.4273698)
615815435,41.4274945,2.143353,3,,,,,POINT (2.143353 41.4274945)
616356152,41.4268755,2.1485463,4,,,,,POINT (2.1485463 41.4268755)
616490879,41.4079408,2.1742375,3,,,,,POINT (2.1742375 41.4079408)
616490919,41.4111454,2.1744117,3,,,,,POINT (2.1744117 41.4111454)
616490930,41.4079582,2.1745096,3,,,,,POINT (2.1745096 41.4079582)
616490933,41.4077694,2.1744613,3,,,,,POINT (2.1744613 41.4077694)
616512950,41.4128053,2.1901581,6,,,,,POINT (2.1901581 41.4128053)
616512963,41.4091545,2.194265,3,,,,,POINT (2.194265 41.4091545)
616512964,41.410655,2.1917731,3,,,,,POINT (2.1917731 41.410655)
616880477,41.4302733,2.162838,3,,,,,POINT (2.162838 41.4302733)
618300957,41.4138805,2.1955815,3,,,,,POINT (2.1955815 41.4138805)
618356556,41.4170824,2.2026346,4,,,,,POINT (2.2026346 41.4170824)
618404475,41.4192456,2.1839008,4,,,,,POINT (2.1839008 41.4192456)
618404476,41.4209278,2.1808717,3,,,,,POINT (2.1808717 41.4209278)
618404478,41.4142141,2.1906086,3,,,,,POINT (2.1906086 41.4142141)
618404479,41.4144919,2.1900699,3,,,,,POINT (2.1900699 41.4144919)
618404480,41.4153914,2.1890307,4,,,,,POINT (2.1890307 41.4153914)
618431743,41.4104161,2.1978784,3,,,,,POINT (2.1978784 41.4104161)
618431744,41.4112841,2.1990308,4,,,,,POINT (2.1990308 41.4112841)
618431745,41.4121373,2.2001831,3,,,,,POINT (2.2001831 41.4121373)
618431746,41.4118248,2.2006321,3,,,,,POINT (2.2006321 41.4118248)
618431747,41.412466,2.1997391,3,,,,,POINT (2.1997391 41.412466)
619005043,41.4237442,2.165328,4,,,,,POINT (2.165328 41.4237442)
619407541,41.4083689,2.202873,4,,,,,POINT (2.202873 41.4083689)
619410240,41.4075184,2.201751,4,,,,,POINT (2.201751 41.4075184)
619421797,41.4119606,2.1958271,3,,,,,POINT (2.1958271 41.4119606)
619422387,41.4128257,2.1969917,4,,,,,POINT (2.1969917 41.4128257)
619423078,41.4128366,2.1946731,4,,,,,POINT (2.1946731 41.4128366)
619425739,41.4192455,2.2055077,3,,,,,POINT (2.2055077 41.4192455)
619535108,41.4083153,2.1897119,3,,,,,POINT (2.1897119 41.4083153)
620148159,41.4131098,2.1988661,3,,,,,POINT (2.1988661 41.4131098)
620148176,41.4106609,2.19756,3,crossing,,,,POINT (2.19756 41.4106609)
620148180,41.411529,2.1987103,4,,,,,POINT (2.1987103 41.411529)
620148190,41.4123896,2.1998569,3,,,,,POINT (2.1998569 41.4123896)
620148198,41.4122648,2.1977377,3,,,,,POINT (2.1977377 41.4122648)
622011510,41.4334835,2.1859312,3,,,,,POINT (2.1859312 41.4334835)
622350679,41.4291049,2.1421491,2,,,,,POINT (2.1421491 41.4291049)
622350681,41.4294307,2.1448059,3,traffic_signals,,,,POINT (2.1448059 41.4294307)
622350685,41.4296363,2.1436079,3,,,,,POINT (2.1436079 41.4296363)
626135661,41.3756357,2.1536286,4,crossing,,,,POINT (2.1536286 41.3756357)
626141826,41.3766106,2.1568515,4,,,,,POINT (2.1568515 41.3766106)
626570848,41.4332298,2.1463381,3,motorway_junction,4,,,POINT (2.1463381 41.4332298)
626570863,41.434007,2.1469281,3,,,,,POINT (2.1469281 41.434007)
627782648,41.4298344,2.1483058,3,crossing,,,,POINT (2.1483058 41.4298344)
627782654,41.4302941,2.14733,3,traffic_signals,,,,POINT (2.14733 41.4302941)
627782657,41.4306246,2.1453674,3,,,,,POINT (2.1453674 41.4306246)
627782660,41.4301598,2.1486018,3,,,,,POINT (2.1486018 41.4301598)
627782667,41.4298453,2.1509734,3,,,,,POINT (2.1509734 41.4298453)
627782668,41.4270956,2.1501611,3,,,,,POINT (2.1501611 41.4270956)
627782715,41.4311068,2.1508808,4,,,,,POINT (2.1508808 41.4311068)
627782732,41.432509,2.1514283,3,,,,,POINT (2.1514283 41.432509)
627782733,41.4329318,2.1519267,3,,,,,POINT (2.1519267 41.4329318)
627782738,41.4305366,2.1478424,3,,,,,POINT (2.1478424 41.4305366)
627782748,41.4315686,2.1469028,3,,,,,POINT (2.1469028 41.4315686)
627782749,41.4318138,2.1458999,3,,,,,POINT (2.1458999 41.4318138)
627782750,41.432085,2.1471419,4,,,,,POINT (2.1471419 41.432085)
627782751,41.4335245,2.1478153,4,,,,,POINT (2.1478153 41.4335245)
627782752,41.4321992,2.1467095,3,,,,,POINT (2.1467095 41.4321992)
627782755,41.4326725,2.1466651,3,,,,,POINT (2.1466651 41.4326725)
627782756,41.4329125,2.1465295,3,,,,,POINT (2.1465295 41.4329125)
627782758,41.4331631,2.1456156,3,,,,,POINT (2.1456156 41.4331631)
627782764,41.4334723,2.1461171,3,,,,,POINT (2.1461171 41.4334723)
627782769,41.4330045,2.1468147,3,,,,,POINT (2.1468147 41.4330045)
627782770,41.4336971,2.1471466,3,,,,,POINT (2.1471466 41.4336971)
629306492,41.4337605,2.1528889,3,,,,,POINT (2.1528889 41.4337605)
629306521,41.4338402,2.1525113,3,,,,,POINT (2.1525113 41.4338402)
629306774,41.4354335,2.1537739,3,,,,,POINT (2.1537739 41.4354335)
629306823,41.434161,2.1517503,3,crossing,,,,POINT (2.1517503 41.434161)
629306831,41.4343678,2.1503869,3,,,,,POINT (2.1503869 41.4343678)
629306847,41.4348631,2.1484636,3,,,,,POINT (2.1484636 41.4348631)
629306851,41.4352359,2.1478707,3,,,,,POINT (2.1478707 41.4352359)
629306903,41.4316047,2.1489742,3,,,,,POINT (2.1489742 41.4316047)
629306908,41.4330217,2.149631,3,,,,,POINT (2.149631 41.4330217)
629306915,41.4320362,2.1491765,3,,,,,POINT (2.1491765 41.4320362)
629306966,41.4323178,2.1481733,3,,,,,POINT (2.1481733 41.4323178)
629306981,41.4332943,2.1486199,3,,,,,POINT (2.1486199 41.4332943)
629327911,41.4241511,2.1454023,1,,,,,POINT (2.1454023 41.4241511)
629327919,41.4235521,2.1450183,3,,,,,POINT (2.1450183 41.4235521)
629327975,41.42728,2.1437707,4,,,,,POINT (2.1437707 41.42728)
629328005,41.4264486,2.1450492,3,,,,,POINT (2.1450492 41.4264486)
629328069,41.4250399,2.1446661,3,,,,,POINT (2.1446661 41.4250399)
629328233,41.4247441,2.142656,4,,,,,POINT (2.142656 41.4247441)
629334371,41.4266651,2.1520716,3,,,,,POINT (2.1520716 41.4266651)
629756642,41.3675041,2.1734231,3,,,,,POINT (2.1734231 41.3675041)
629756678,41.3674643,2.1736717,3,,,,,POINT (2.1736717 41.3674643)
629756697,41.3677674,2.1735026,3,,,,,POINT (2.1735026 41.3677674)
629756705,41.3677408,2.1737263,3,,,,,POINT (2.1737263 41.3677408)
629756710,41.3678249,2.1749178,3,,,,,POINT (2.1749178 41.3678249)
629756713,41.3680739,2.1749371,3,,,,,POINT (2.1749371 41.3680739)
629756716,41.3697741,2.1751457,3,,,,,POINT (2.1751457 41.3697741)
629756725,41.3706177,2.1749209,3,,,,,POINT (2.1749209 41.3706177)
630583121,41.3822564,2.127952,4,,,,,POINT (2.127952 41.3822564)
630600430,41.3838279,2.127868,3,,,,,POINT (2.127868 41.3838279)
630602346,41.3853578,2.1274332,3,,,,,POINT (2.1274332 41.3853578)
630602352,41.3859736,2.1298104,3,,,,,POINT (2.1298104 41.3859736)
630622788,41.3828659,2.1773562,1,,,,,POINT (2.1773562 41.3828659)
631831509,41.3637299,2.136517,4,,,,,POINT (2.136517 41.3637299)
632548268,41.4215186,2.1364007,1,turning_circle,,,,POINT (2.1364007 41.4215186)
632821092,41.4411496,2.1593874,4,,,,,POINT (2.1593874 41.4411496)
632821157,41.4419818,2.1614908,3,,,,,POINT (2.1614908 41.4419818)
632821186,41.4422963,2.1623682,1,,,,,POINT (2.1623682 41.4422963)
633329127,41.430733,2.1905132,3,,,,,POINT (2.1905132 41.430733)
633330969,41.4306038,2.1905699,3,,,,,POINT (2.1905699 41.4306038)
634519952,41.4413851,2.1589113,1,,,,,POINT (2.1589113 41.4413851)
634519964,41.439819,2.1577873,3,,,,,POINT (2.1577873 41.439819)
634519965,41.4396288,2.1579139,3,,,,,POINT (2.1579139 41.4396288)
634519971,41.4413898,2.1569554,1,,,,,POINT (2.1569554 41.4413898)
634519979,41.440949,2.1548745,3,,,,,POINT (2.1548745 41.440949)
634521110,41.4418947,2.1560877,1,,,,,POINT (2.1560877 41.4418947)
634646779,41.4408674,2.1547363,3,,,,,POINT (2.1547363 41.4408674)
634646784,41.4406647,2.1548278,3,,,,,POINT (2.1548278 41.4406647)
634646785,41.4408446,2.1550456,3,,,,,POINT (2.1550456 41.4408446)
634646820,41.4390704,2.1541975,3,,,,,POINT (2.1541975 41.4390704)
637464857,41.4403808,2.151209,3,,,,,POINT (2.151209 41.4403808)
648862198,41.4240452,2.1841007,4,,,,,POINT (2.1841007 41.4240452)
648862223,41.4238699,2.1857449,3,,,,,POINT (2.1857449 41.4238699)
651878676,41.402253,2.1505689,3,,,,,POINT (2.1505689 41.402253)
658169102,41.4182957,2.094562,3,,,,,POINT (2.094562 41.4182957)
658169112,41.4181303,2.0971216,3,,,,,POINT (2.0971216 41.4181303)
658169292,41.4195247,2.0971127,3,,,,,POINT (2.0971127 41.4195247)
660778322,41.4030784,2.198723,3,,,,,POINT (2.198723 41.4030784)
660778326,41.4036287,2.1992113,3,,,,,POINT (2.1992113 41.4036287)
660778586,41.4033381,2.1996556,3,,,,,POINT (2.1996556 41.4033381)
666756791,41.4136343,2.1319695,1,,,,,POINT (2.1319695 41.4136343)
667379829,41.4105348,2.1377976,3,,,,,POINT (2.1377976 41.4105348)
667380510,41.4137722,2.1364945,4,,,,,POINT (2.1364945 41.4137722)
667380511,41.4139916,2.1374028,3,,,,,POINT (2.1374028 41.4139916)
667380524,41.414256,2.1373992,3,,,,,POINT (2.1373992 41.414256)
667387213,41.3942513,2.1381099,3,traffic_signals,,,,POINT (2.1381099 41.3942513)
667387217,41.3946779,2.1383069,3,,,,,POINT (2.1383069 41.3946779)
667387220,41.3947029,2.1377897,3,,,,,POINT (2.1377897 41.3947029)
667387223,41.3944161,2.1376922,3,traffic_signals,,,,POINT (2.1376922 41.3944161)
667395973,41.3959036,2.1405607,3,,,,,POINT (2.1405607 41.3959036)
667395974,41.3943171,2.139177,3,,,,,POINT (2.139177 41.3943171)
667410900,41.4061634,2.1744054,4,,,,,POINT (2.1744054 41.4061634)
667447467,41.4340093,2.1776291,3,,,,,POINT (2.1776291 41.4340093)
667898752,41.3700289,2.1300664,3,,,,,POINT (2.1300664 41.3700289)
668475738,41.4241103,2.2099151,3,,,,,POINT (2.2099151 41.4241103)
668486347,41.4214014,2.2062617,3,,,,,POINT (2.2062617 41.4214014)
668486384,41.4225836,2.209207,3,,,,,POINT (2.209207 41.4225836)
668486389,41.422173,2.2072097,4,,,,,POINT (2.2072097 41.422173)
668511312,41.4233739,2.208928,3,,,,,POINT (2.208928 41.4233739)
668511317,41.4224808,2.2073646,3,,,,,POINT (2.2073646 41.4224808)
668512260,41.4222651,2.2076326,3,,,,,POINT (2.2076326 41.4222651)
668513854,41.4225315,2.2096061,3,,,,,POINT (2.2096061 41.4225315)
668513855,41.42358,2.2092411,3,,,,,POINT (2.2092411 41.42358)
668513977,41.4224494,2.2099624,3,,,,,POINT (2.2099624 41.4224494)
668513978,41.4237895,2.2095137,3,,,,,POINT (2.2095137 41.4237895)
668523610,41.4231139,2.208177,3,,,,,POINT (2.208177 41.4231139)
668523613,41.4238449,2.2072848,4,,,,,POINT (2.2072848 41.4238449)
668541555,41.4284196,2.2028192,4,,,,,POINT (2.2028192 41.4284196)
669900452,41.3465456,2.1404504,3,motorway_junction,14,,,POINT (2.1404504 41.3465456)
669900460,41.3476217,2.1446816,3,,,,,POINT (2.1446816 41.3476217)
674780716,41.3959814,2.1394383,3,,,,,POINT (2.1394383 41.3959814)
674790896,41.39345,2.1319019,4,traffic_signals,,,,POINT (2.1319019 41.39345)
677439927,41.3758802,2.1124684,4,,,,,POINT (2.1124684 41.3758802)
678297060,41.399679,2.1520556,4,,,,,POINT (2.1520556 41.399679)
678297076,41.400354,2.1512746,4,,,,,POINT (2.1512746 41.400354)
681936214,41.3756664,2.1227243,3,,,,,POINT (2.1227243 41.3756664)
681936233,41.3756513,2.1232709,4,,,,,POINT (2.1232709 41.3756513)
681936376,41.3873052,2.1233069,4,,,,,POINT (2.1233069 41.3873052)
681936382,41.3878176,2.1253251,3,,,,,POINT (2.1253251 41.3878176)
681936411,41.3856467,2.1285452,4,,,,,POINT (2.1285452 41.3856467)
686613666,41.402175,2.1489843,3,,,,,POINT (2.1489843 41.402175)
687897075,41.3758599,2.1135654,3,,,,,POINT (2.1135654 41.3758599)
687897080,41.3766109,2.1138033,4,,,,,POINT (2.1138033 41.3766109)
687897083,41.3780631,2.1162264,4,,,,,POINT (2.1162264 41.3780631)
687897100,41.3793568,2.1195326,3,,,,,POINT (2.1195326 41.3793568)
687897107,41.3814903,2.1147008,3,,,,,POINT (2.1147008 41.3814903)
687897110,41.3844511,2.1120651,3,,,,,POINT (2.1120651 41.3844511)
687897111,41.3829412,2.112887,4,,,,,POINT (2.112887 41.3829412)
687897113,41.3842546,2.11225,4,,,,,POINT (2.11225 41.3842546)
687897127,41.3846033,2.1136113,3,,,,,POINT (2.1136113 41.3846033)
687897133,41.3812577,2.115167,3,,,,,POINT (2.115167 41.3812577)
687897143,41.3805808,2.1187134,3,,,,,POINT (2.1187134 41.3805808)
687897144,41.3805996,2.1189729,3,,,,,POINT (2.1189729 41.3805996)
687897145,41.3806406,2.1186115,3,,,,,POINT (2.1186115 41.3806406)
687897152,41.3809746,2.1188135,3,,,,,POINT (2.1188135 41.3809746)
687897156,41.3808331,2.1185415,3,,,,,POINT (2.1185415 41.3808331)
687897164,41.3807767,2.1190831,3,,,,,POINT (2.1190831 41.3807767)
687897174,41.3757593,2.121743,3,,,,,POINT (2.121743 41.3757593)
687897181,41.3779833,2.1214708,4,,,,,POINT (2.1214708 41.3779833)
687897182,41.3788183,2.1205444,3,,,,,POINT (2.1205444 41.3788183)
688393798,41.3985853,2.1374074,4,,,,,POINT (2.1374074 41.3985853)
688393808,41.3987589,2.140503,3,,,,,POINT (2.140503 41.3987589)
688393834,41.3992726,2.137395,4,,,,,POINT (2.137395 41.3992726)
688393836,41.399287,2.1387357,4,,,,,POINT (2.1387357 41.399287)
688393837,41.3993013,2.1404656,3,,,,,POINT (2.1404656 41.3993013)
688393862,41.4013597,2.138499,3,,,,,POINT (2.138499 41.4013597)
688393865,41.4013466,2.1373754,4,,,,,POINT (2.1373754 41.4013466)
688393867,41.4013458,2.1362965,4,,,,,POINT (2.1362965 41.4013458)
688393877,41.3977946,2.1374158,4,,,,,POINT (2.1374158 41.3977946)
688393879,41.4006726,2.1373919,4,,,,,POINT (2.1373919 41.4006726)
689430452,41.4150166,2.2164504,3,,,,,POINT (2.2164504 41.4150166)
689430493,41.4183187,2.2160304,4,,,,,POINT (2.2160304 41.4183187)
689430534,41.417963,2.2108315,3,,,,,POINT (2.2108315 41.417963)
689442392,41.4208629,2.2008625,3,,,,,POINT (2.2008625 41.4208629)
689442430,41.4222062,2.1991673,3,,,,,POINT (2.1991673 41.4222062)
689442435,41.4217002,2.1996907,4,,,,,POINT (2.1996907 41.4217002)
689442437,41.4231627,2.2033209,3,,,,,POINT (2.2033209 41.4231627)
689444888,41.4270995,2.2060144,4,,,,,POINT (2.2060144 41.4270995)
689444890,41.4247672,2.2037619,4,traffic_signals,,,,POINT (2.2037619 41.4247672)
690411229,41.379279,2.1289458,4,,,,,POINT (2.1289458 41.379279)
690411235,41.3844825,2.127657,3,,,,,POINT (2.127657 41.3844825)
690411236,41.3831164,2.1279054,3,,,,,POINT (2.1279054 41.3831164)
690411245,41.3863311,2.1272242,3,,,,,POINT (2.1272242 41.3863311)
690411249,41.3864678,2.1270718,3,,,,,POINT (2.1270718 41.3864678)
690424462,41.4177813,2.2110608,3,,,,,POINT (2.2110608 41.4177813)
690424476,41.4200266,2.2137276,3,,,,,POINT (2.2137276 41.4200266)
690424479,41.4172646,2.212432,3,,,,,POINT (2.212432 41.4172646)
690431146,41.416997,2.2121038,3,,,,,POINT (2.2121038 41.416997)
690679102,41.385134,2.1042151,4,,,,,POINT (2.1042151 41.385134)
690679104,41.3850413,2.1044156,3,,,,,POINT (2.1044156 41.3850413)
690679209,41.3856427,2.1046463,4,,,,,POINT (2.1046463 41.3856427)
690679214,41.3876456,2.1065782,3,motorway_junction,10,,,POINT (2.1065782 41.3876456)
690679215,41.3881222,2.1068411,4,,,,,POINT (2.1068411 41.3881222)
690679238,41.3894843,2.1081872,3,traffic_signals,,,,POINT (2.1081872 41.3894843)
690679239,41.3894681,2.1082598,3,,,,,POINT (2.1082598 41.3894681)
690679240,41.3893723,2.1083236,3,,,,,POINT (2.1083236 41.3893723)
690679241,41.3894046,2.1080434,4,traffic_signals,,,,POINT (2.1080434 41.3894046)
690679246,41.3892715,2.1082103,3,traffic_signals,,,,POINT (2.1082103 41.3892715)
690679249,41.3892719,2.10816,3,,,,,POINT (2.10816 41.3892719)
690679274,41.3907677,2.107631,3,,,,,POINT (2.107631 41.3907677)
690679298,41.392901,2.1090488,3,,,,,POINT (2.1090488 41.392901)
690796131,41.4137125,2.1605125,3,,,,,POINT (2.1605125 41.4137125)
690803404,41.412071,2.1667127,4,,,,,POINT (2.1667127 41.412071)
690803431,41.4125253,2.168191,4,,,,,POINT (2.168191 41.4125253)
690811709,41.4112852,2.1567654,3,,,,,POINT (2.1567654 41.4112852)
690811951,41.4110507,2.1563183,3,,,,,POINT (2.1563183 41.4110507)
690812102,41.4107215,2.1567104,3,,,,,POINT (2.1567104 41.4107215)
690812143,41.4102261,2.1559652,3,,,,,POINT (2.1559652 41.4102261)
690829809,41.4060698,2.1638443,3,,,,,POINT (2.1638443 41.4060698)
692247833,41.3922749,2.1300388,3,,,,,POINT (2.1300388 41.3922749)
692247839,41.3927606,2.129722,3,,,,,POINT (2.129722 41.3927606)
692247844,41.3935724,2.1298067,3,,,,,POINT (2.1298067 41.3935724)
692247854,41.3931557,2.1302808,3,,,,,POINT (2.1302808 41.3931557)
692247877,41.394296,2.1293198,3,,,,,POINT (2.1293198 41.394296)
692247878,41.3941579,2.1291137,3,,,,,POINT (2.1291137 41.3941579)
692247881,41.395016,2.1304077,4,,,,,POINT (2.1304077 41.395016)
692247890,41.3960595,2.1291937,4,,,,,POINT (2.1291937 41.3960595)
692247891,41.3955913,2.1296623,3,,,,,POINT (2.1296623 41.3955913)
692247902,41.394878,2.1329381,4,,,,,POINT (2.1329381 41.394878)
692247917,41.3966863,2.1264966,3,traffic_signals,,,,POINT (2.1264966 41.3966863)
692247920,41.3966336,2.130076,4,,,,,POINT (2.130076 41.3966336)
692247924,41.3967142,2.1330073,3,,,,,POINT (2.1330073 41.3967142)
692247930,41.3968335,2.1331834,3,,,,,POINT (2.1331834 41.3968335)
692247933,41.3973644,2.1339877,3,,,,,POINT (2.1339877 41.3973644)
692247935,41.397778,2.1345963,3,,,,,POINT (2.1345963 41.397778)
692263333,41.3964056,2.1325228,4,,,,,POINT (2.1325228 41.3964056)
692263334,41.3957806,2.1331296,4,,,,,POINT (2.1331296 41.3957806)
692263337,41.3960143,2.1336743,3,,,,,POINT (2.1336743 41.3960143)
692263342,41.3954104,2.1344033,3,,,,,POINT (2.1344033 41.3954104)
692263343,41.395535,2.1343479,3,,,,,POINT (2.1343479 41.395535)
692263345,41.3975296,2.1314373,3,,,,,POINT (2.1314373 41.3975296)
692807356,41.3961235,2.1271792,3,,,,,POINT (2.1271792 41.3961235)
692807367,41.3965078,2.1277522,4,,,,,POINT (2.1277522 41.3965078)
692807369,41.395509,2.1311661,4,,,,,POINT (2.1311661 41.395509)
692807378,41.3944122,2.1322238,3,,,,,POINT (2.1322238 41.3944122)
692807380,41.3950911,2.1315687,4,,,,,POINT (2.1315687 41.3950911)
692807383,41.3954465,2.132377,4,,,,,POINT (2.132377 41.3954465)
692807384,41.3959733,2.1318733,4,,,,,POINT (2.1318733 41.3959733)
692807398,41.3966639,2.1285039,3,,,,,POINT (2.1285039 41.3966639)
692807411,41.3970278,2.1280618,3,,,,,POINT (2.1280618 41.3970278)
692807413,41.3967396,2.1281294,3,,,,,POINT (2.1281294 41.3967396)
692807415,41.3969458,2.1284589,3,,,,,POINT (2.1284589 41.3969458)
692807420,41.3977665,2.12899,3,,,,,POINT (2.12899 41.3977665)
692807421,41.3971017,2.1307838,4,,,,,POINT (2.1307838 41.3971017)
692807422,41.3977638,2.1297144,3,,,,,POINT (2.1297144 41.3977638)
692807423,41.3974906,2.1292601,4,,,,,POINT (2.1292601 41.3974906)
693196406,41.3926909,2.1300958,3,,,,,POINT (2.1300958 41.3926909)
693196413,41.3952595,2.1342326,3,,,,,POINT (2.1342326 41.3952595)
693817750,41.3650493,2.1595977,3,,,,,POINT (2.1595977 41.3650493)
693864923,41.3657131,2.134886,3,,,,,POINT (2.134886 41.3657131)
693864927,41.366052,2.1349746,3,,,,,POINT (2.1349746 41.366052)
693864929,41.367495,2.1339385,4,,,,,POINT (2.1339385 41.367495)
694837828,41.3747054,2.1316832,4,,,,,POINT (2.1316832 41.3747054)
694837836,41.3754882,2.1314492,3,,,,,POINT (2.1314492 41.3754882)
694837843,41.373663,2.1320187,4,,,,,POINT (2.1320187 41.373663)
694837850,41.3730858,2.132201,4,,,,,POINT (2.132201 41.3730858)
694837852,41.3736382,2.133422,3,,,,,POINT (2.133422 41.3736382)
698899842,41.4340353,2.1727872,3,,,yes,,POINT (2.1727872 41.4340353)
698899848,41.4317337,2.176957,3,,,,,POINT (2.176957 41.4317337)
698899849,41.4332786,2.1747451,4,,,,,POINT (2.1747451 41.4332786)
698899859,41.4325399,2.1681653,3,,,,,POINT (2.1681653 41.4325399)
700938022,41.375633,2.1240753,3,,,,,POINT (2.1240753 41.375633)
700938101,41.3744974,2.1244625,4,,,,,POINT (2.1244625 41.3744974)
700947151,41.3809759,2.1283971,3,traffic_signals,,,,POINT (2.1283971 41.3809759)
700947160,41.3778696,2.127358,1,,,,,POINT (2.127358 41.3778696)
701887661,41.4332416,2.1526142,3,,,,,POINT (2.1526142 41.4332416)
708983971,41.3753881,2.1262572,3,,,,,POINT (2.1262572 41.3753881)
724126624,41.3885533,2.1401162,4,,,,,POINT (2.1401162 41.3885533)
724126649,41.3876316,2.1416341,3,,,,,POINT (2.1416341 41.3876316)
724126667,41.3901212,2.1421791,3,,,,,POINT (2.1421791 41.3901212)
724126687,41.389168,2.1391313,3,,,,,POINT (2.1391313 41.389168)
727619581,41.3982282,2.1156795,3,,,,,POINT (2.1156795 41.3982282)
727619596,41.3984795,2.1157283,3,,,,,POINT (2.1157283 41.3984795)
727619602,41.398338,2.1156122,3,,,,,POINT (2.1156122 41.398338)
727619613,41.398448,2.1159613,3,,,,,POINT (2.1159613 41.398448)
728266542,41.3967905,2.1183018,1,,,,,POINT (2.1183018 41.3967905)
728371577,41.392243,2.1240181,1,,,,,POINT (2.1240181 41.392243)
747482566,41.4196511,2.2060363,4,,,,,POINT (2.2060363 41.4196511)
750591201,41.3830853,2.1505642,4,,,,,POINT (2.1505642 41.3830853)
750591202,41.3834178,2.1501064,3,,,,,POINT (2.1501064 41.3834178)
750591204,41.3827895,2.1486654,4,,,,,POINT (2.1486654 41.3827895)
752368105,41.4462286,2.1795948,3,,,,,POINT (2.1795948 41.4462286)
760332202,41.3699939,2.1424486,4,,,,,POINT (2.1424486 41.3699939)
760332207,41.3685778,2.1403267,3,,,,,POINT (2.1403267 41.3685778)
760332212,41.3728007,2.1461828,4,,,,,POINT (2.1461828 41.3728007)
760332214,41.3664314,2.1375016,4,,,,,POINT (2.1375016 41.3664314)
760332221,41.3710639,2.1438738,4,,,,,POINT (2.1438738 41.3710639)
762466173,41.3973263,2.1218994,3,,,,,POINT (2.1218994 41.3973263)
765910344,41.4141735,2.2020002,4,crossing,,,,POINT (2.2020002 41.4141735)
765910378,41.4167264,2.2054125,4,,,,,POINT (2.2054125 41.4167264)
769906806,41.4200543,2.1839119,4,,,,,POINT (2.1839119 41.4200543)
769906807,41.4332073,2.1841879,3,,,,,POINT (2.1841879 41.4332073)
769906808,41.4196307,2.1856706,4,,,,,POINT (2.1856706 41.4196307)
769906809,41.4179359,2.1878798,4,,,,,POINT (2.1878798 41.4179359)
769906811,41.4307767,2.19296,4,,,,,POINT (2.19296 41.4307767)
769906812,41.4415201,2.1783495,3,,,,,POINT (2.1783495 41.4415201)
769906814,41.4114481,2.1801935,4,,,,,POINT (2.1801935 41.4114481)
769906819,41.4310867,2.194627,4,,,,,POINT (2.194627 41.4310867)
769906822,41.4233257,2.1831057,4,,,,,POINT (2.1831057 41.4233257)
769906824,41.4165213,2.1829855,3,,,,,POINT (2.1829855 41.4165213)
770847795,41.4377512,2.1564804,4,,,,,POINT (2.1564804 41.4377512)
770847798,41.4353414,2.1641665,1,,,,,POINT (2.1641665 41.4353414)
770847800,41.435186,2.1648494,4,,,,,POINT (2.1648494 41.435186)
770847801,41.4350204,2.1655527,4,,,,,POINT (2.1655527 41.4350204)
770847803,41.4349116,2.1660145,1,,,,,POINT (2.1660145 41.4349116)
770847806,41.4352556,2.1656538,4,,,,,POINT (2.1656538 41.4352556)
770847807,41.4347761,2.1678274,3,,,,,POINT (2.1678274 41.4347761)
770847810,41.4336543,2.1678807,1,,,,,POINT (2.1678807 41.4336543)
770847812,41.4337142,2.167647,3,,,,,POINT (2.167647 41.4337142)
770847814,41.4340882,2.1660663,3,,,,,POINT (2.1660663 41.4340882)
770847818,41.4343412,2.1661754,3,,,,,POINT (2.1661754 41.4343412)
770847822,41.4350882,2.164111,3,,,,,POINT (2.164111 41.4350882)
770847823,41.4354058,2.16493,3,,,,,POINT (2.16493 41.4354058)
770847824,41.4346948,2.1646694,4,,,,,POINT (2.1646694 41.4346948)
770847829,41.4380642,2.1575129,3,,,,,POINT (2.1575129 41.4380642)
770847830,41.4383765,2.1585766,3,,,,,POINT (2.1585766 41.4383765)
770847836,41.434563,2.1635809,3,,,,,POINT (2.1635809 41.434563)
770847839,41.4341931,2.1634759,4,,,,,POINT (2.1634759 41.4341931)
770847840,41.435302,2.1638306,4,traffic_signals,,,,POINT (2.1638306 41.435302)
770847877,41.4328934,2.1631179,3,,,,,POINT (2.1631179 41.4328934)
770847878,41.4339705,2.1677543,3,,,,,POINT (2.1677543 41.4339705)
771231929,41.3632805,2.1463885,3,,,,,POINT (2.1463885 41.3632805)
773324530,41.3958715,2.1743354,4,,,,,POINT (2.1743354 41.3958715)
775644929,41.3805524,2.1671446,3,,,,,POINT (2.1671446 41.3805524)
779227747,41.377728,2.1701572,3,,,,,POINT (2.1701572 41.377728)
783747960,41.4332879,2.1695358,4,,,,,POINT (2.1695358 41.4332879)
790024572,41.433935,2.168104,3,,,,,POINT (2.168104 41.433935)
790024575,41.4348578,2.1639755,3,,,,,POINT (2.1639755 41.4348578)
790024590,41.4349374,2.1671808,4,,,,,POINT (2.1671808 41.4349374)
790024592,41.4344273,2.1589423,3,,,,,POINT (2.1589423 41.4344273)
790024593,41.4355355,2.1570982,4,,,,,POINT (2.1570982 41.4355355)
790024597,41.4371117,2.1550964,3,,,,,POINT (2.1550964 41.4371117)
790024598,41.4366691,2.1583444,4,,,,,POINT (2.1583444 41.4366691)
790024599,41.4372428,2.1589332,4,,,,,POINT (2.1589332 41.4372428)
790024600,41.4377901,2.1595221,4,,,,,POINT (2.1595221 41.4377901)
790024601,41.4356245,2.1601528,4,,,,,POINT (2.1601528 41.4356245)
790024602,41.4361911,2.1607262,3,,,,,POINT (2.1607262 41.4361911)
790024603,41.4367646,2.1613226,3,,,,,POINT (2.1613226 41.4367646)
790024608,41.4344311,2.1676126,4,,,,,POINT (2.1676126 41.4344311)
790024609,41.4342254,2.1674472,3,,,,,POINT (2.1674472 41.4342254)
790025748,41.4341381,2.1651972,3,,,,,POINT (2.1651972 41.4341381)
790025749,41.4342043,2.1644543,3,,,,,POINT (2.1644543 41.4342043)
790028539,41.4322772,2.1687367,4,,,,,POINT (2.1687367 41.4322772)
790028555,41.4317729,2.1652495,1,,,,,POINT (2.1652495 41.4317729)
790028558,41.4315805,2.1673081,3,,,,,POINT (2.1673081 41.4315805)
790028559,41.4316582,2.1678714,4,,,,,POINT (2.1678714 41.4316582)
790034777,41.4311667,2.1683348,4,,,,,POINT (2.1683348 41.4311667)
790034779,41.4320163,2.1693428,4,,,,,POINT (2.1693428 41.4320163)
790034780,41.4329287,2.1700462,4,,,,,POINT (2.1700462 41.4329287)
790034781,41.4334081,2.1704379,3,,,,,POINT (2.1704379 41.4334081)
790034782,41.4331133,2.1710931,3,,,,,POINT (2.1710931 41.4331133)
790034783,41.4324792,2.1706882,4,,,,,POINT (2.1706882 41.4324792)
790034784,41.4316687,2.1701246,3,,,,,POINT (2.1701246 41.4316687)
790034785,41.4304154,2.1692878,4,,,,,POINT (2.1692878 41.4304154)
790034786,41.4325245,2.1724074,4,,,,,POINT (2.1724074 41.4325245)
790034788,41.4336792,2.16983,3,,,,,POINT (2.16983 41.4336792)
790034790,41.4340166,2.1691216,3,,,,,POINT (2.1691216 41.4340166)
790034791,41.434356,2.1684139,4,,,,,POINT (2.1684139 41.434356)
797407413,41.3946252,2.1867199,3,,,,,POINT (2.1867199 41.3946252)
797407425,41.3945882,2.1870396,3,,,,,POINT (2.1870396 41.3945882)
797407441,41.3945821,2.186809,3,,,,,POINT (2.186809 41.3945821)
797407445,41.3945815,2.1870194,3,,,,,POINT (2.1870194 41.3945815)
797407449,41.3946813,2.1871664,3,,,,,POINT (2.1871664 41.3946813)
797407458,41.3949835,2.1869863,3,,,,,POINT (2.1869863 41.3949835)
797407467,41.3947756,2.1866322,3,,,,,POINT (2.1866322 41.3947756)
797498302,41.3915653,2.1870302,4,,,,,POINT (2.1870302 41.3915653)
799374580,41.407845,2.174363,4,,,,,POINT (2.174363 41.407845)
800172179,41.4334968,2.1696933,3,,,,,POINT (2.1696933 41.4334968)
800172181,41.4336159,2.1688064,3,,,,,POINT (2.1688064 41.4336159)
800172183,41.4338246,2.1689701,4,,,,,POINT (2.1689701 41.4338246)
800172184,41.4341462,2.1682714,4,,,,,POINT (2.1682714 41.4341462)
800172185,41.4346558,2.16709,3,,,,,POINT (2.16709 41.4346558)
800172186,41.4379683,2.1653709,4,traffic_signals,,,,POINT (2.1653709 41.4379683)
803435608,41.3754064,2.1488463,3,,,,,POINT (2.1488463 41.3754064)
806763971,41.3763207,2.1549947,4,,,,,POINT (2.1549947 41.3763207)
806808396,41.434612,2.1638369,3,,,,,POINT (2.1638369 41.434612)
806808400,41.4349337,2.1647566,4,,,,,POINT (2.1647566 41.4349337)
806808402,41.4346877,2.1636204,3,,,,,POINT (2.1636204 41.4346877)
806808404,41.4343783,2.1637214,3,,,,,POINT (2.1637214 41.4343783)
806808405,41.3737551,2.138457,3,,,,,POINT (2.138457 41.3737551)
808007291,41.4184218,2.1114221,1,,,,,POINT (2.1114221 41.4184218)
808007297,41.4183275,2.111405,3,,,,,POINT (2.111405 41.4183275)
808007399,41.4151341,2.1110199,1,,,,,POINT (2.1110199 41.4151341)
814239845,41.4090474,2.1951914,4,,,,,POINT (2.1951914 41.4090474)
814239847,41.4107603,2.1974248,3,,,,,POINT (2.1974248 41.4107603)
815047541,41.4470962,2.1874676,3,,,,,POINT (2.1874676 41.4470962)
815062993,41.4467985,2.1905139,4,,,,,POINT (2.1905139 41.4467985)
815063036,41.4468039,2.189541,4,,,,,POINT (2.189541 41.4468039)
815063056,41.4471761,2.1933189,3,,,,,POINT (2.1933189 41.4471761)
815063096,41.4470471,2.1868113,3,,,,,POINT (2.1868113 41.4470471)
818710821,41.4008171,2.1230648,4,,,,,POINT (2.1230648 41.4008171)
818710835,41.4005917,2.1227324,4,,,,,POINT (2.1227324 41.4005917)
818710842,41.4019209,2.1206822,4,,,,,POINT (2.1206822 41.4019209)
818710843,41.4015079,2.1214784,5,,,,,POINT (2.1214784 41.4015079)
823753846,41.4461612,2.1814543,3,,,,,POINT (2.1814543 41.4461612)
823781718,41.3856562,2.1168117,4,,,,,POINT (2.1168117 41.3856562)
823781730,41.3854542,2.1169719,3,,,,,POINT (2.1169719 41.3854542)
824497176,41.3790528,2.1685915,3,,,,,POINT (2.1685915 41.3790528)
824497177,41.3787974,2.1688904,3,,,,,POINT (2.1688904 41.3787974)
825340484,41.414255,2.1610335,3,,,,,POINT (2.1610335 41.414255)
825340622,41.4149785,2.1585675,3,,,,,POINT (2.1585675 41.4149785)
829252500,41.3778196,2.1294338,3,,,,,POINT (2.1294338 41.3778196)
829252506,41.3783446,2.1292481,3,,,,,POINT (2.1292481 41.3783446)
829252510,41.376913,2.1297497,4,,,,,POINT (2.1297497 41.376913)
829313370,41.3861204,2.1127143,3,,,,,POINT (2.1127143 41.3861204)
834395537,41.4641056,2.1808994,4,,,,,POINT (2.1808994 41.4641056)
834395618,41.4632255,2.1845219,4,,,,,POINT (2.1845219 41.4632255)
834395637,41.4640624,2.1860624,2,,,,,POINT (2.1860624 41.4640624)
834395701,41.4659212,2.1857152,3,,,,,POINT (2.1857152 41.4659212)
834395703,41.4656783,2.185667,3,,,,,POINT (2.185667 41.4656783)
834395739,41.4639224,2.1852389,3,,,,,POINT (2.1852389 41.4639224)
837485698,41.4388304,2.1965012,3,,,,,POINT (2.1965012 41.4388304)
837485708,41.4425412,2.1972881,3,,,,,POINT (2.1972881 41.4425412)
840736526,41.4576189,2.1877049,3,motorway_junction,,,,POINT (2.1877049 41.4576189)
840736528,41.4586012,2.1862378,3,,,,,POINT (2.1862378 41.4586012)
840736554,41.4579124,2.1874422,1,,,,,POINT (2.1874422 41.4579124)
841837218,41.4007113,2.1146838,3,,,,,POINT (2.1146838 41.4007113)
841867107,41.3951219,2.1241727,3,,,,,POINT (2.1241727 41.3951219)
841867115,41.3957956,2.1251548,4,,,,,POINT (2.1251548 41.3957956)
841867127,41.3980129,2.1192097,2,,,,,POINT (2.1192097 41.3980129)
841867132,41.4009474,2.1141641,3,,,,,POINT (2.1141641 41.4009474)
841867182,41.3989292,2.1180616,2,,,,,POINT (2.1180616 41.3989292)
846875657,41.4143279,2.1784942,3,,,,,POINT (2.1784942 41.4143279)
847715523,41.4144618,2.1602505,3,,,,,POINT (2.1602505 41.4144618)
847716886,41.4147085,2.1594298,3,,,,,POINT (2.1594298 41.4147085)
847726909,41.4144045,2.1700987,3,,,,,POINT (2.1700987 41.4144045)
847726925,41.4139153,2.1672502,3,,,,,POINT (2.1672502 41.4139153)
847726931,41.4137408,2.1688564,3,,,,,POINT (2.1688564 41.4137408)
847727780,41.416367,2.1779712,4,,,,,POINT (2.1779712 41.416367)
847727781,41.4155435,2.1769206,4,,,,,POINT (2.1769206 41.4155435)
847727782,41.4159125,2.1774266,4,,,,,POINT (2.1774266 41.4159125)
847727783,41.4183807,2.1791864,3,,,,,POINT (2.1791864 41.4183807)
847727784,41.417533,2.1786824,4,,,,,POINT (2.1786824 41.417533)
847727785,41.4169526,2.1783346,4,,,,,POINT (2.1783346 41.4169526)
847727786,41.4149707,2.1761328,3,,,,,POINT (2.1761328 41.4149707)
848241511,41.4256097,2.1756687,3,,,yes,,POINT (2.1756687 41.4256097)
849592992,41.4152242,2.1666933,3,,,,,POINT (2.1666933 41.4152242)
849592993,41.4150721,2.166711,3,,,,,POINT (2.166711 41.4150721)
849592994,41.415023,2.1660311,3,,,,,POINT (2.1660311 41.415023)
849592995,41.4147306,2.1659924,3,,,,,POINT (2.1659924 41.4147306)
853138729,41.4285381,2.1232875,3,,,,,POINT (2.1232875 41.4285381)
856906186,41.3757346,2.1749964,3,,,,,POINT (2.1749964 41.3757346)
856946776,41.368927,2.1648292,3,,,,,POINT (2.1648292 41.368927)
856946804,41.3689261,2.165206,3,,,,,POINT (2.165206 41.3689261)
858024531,41.3694676,2.166846,3,,,,,POINT (2.166846 41.3694676)
858069529,41.3607193,2.1516576,3,,,,,POINT (2.1516576 41.3607193)
858069533,41.3608896,2.1513079,3,,,,,POINT (2.1513079 41.3608896)
858069593,41.3602755,2.1519392,3,,,,,POINT (2.1519392 41.3602755)
861520954,41.3726136,2.1474434,1,,,,,POINT (2.1474434 41.3726136)
863144004,41.4135477,2.1674529,3,,,,,POINT (2.1674529 41.4135477)
863733275,41.4277662,2.154263,3,,,,,POINT (2.154263 41.4277662)
863733294,41.4267616,2.1551481,3,,,,,POINT (2.1551481 41.4267616)
863733312,41.426326,2.1546865,3,,,,,POINT (2.1546865 41.426326)
863733378,41.4249714,2.1549793,3,,,,,POINT (2.1549793 41.4249714)
863733388,41.4260804,2.1592169,3,,,,,POINT (2.1592169 41.4260804)
863733456,41.4234559,2.1545799,3,,,,,POINT (2.1545799 41.4234559)
863733459,41.4216839,2.1553564,3,,,,,POINT (2.1553564 41.4216839)
863733490,41.4251756,2.1564197,3,,,,,POINT (2.1564197 41.4251756)
863733525,41.4262674,2.1546287,3,,,,,POINT (2.1546287 41.4262674)
863733600,41.4265189,2.1581757,3,,,,,POINT (2.1581757 41.4265189)
866954660,41.3765083,2.1894152,4,,,,,POINT (2.1894152 41.3765083)
866954675,41.4149719,2.1776537,4,,,,,POINT (2.1776537 41.4149719)
866954696,41.377224,2.189137,4,,,,,POINT (2.189137 41.377224)
876277535,41.383839,2.1907484,3,,,,,POINT (2.1907484 41.383839)
876277542,41.3842582,2.1920562,3,,,,,POINT (2.1920562 41.3842582)
876375351,41.385881,2.1942618,3,,,,,POINT (2.1942618 41.385881)
877366722,41.4122845,2.1354906,3,,,,,POINT (2.1354906 41.4122845)
877366725,41.4126515,2.1369265,4,,,,,POINT (2.1369265 41.4126515)
877366727,41.4141116,2.1377272,4,,,,,POINT (2.1377272 41.4141116)
877366730,41.411736,2.1373229,4,,,,,POINT (2.1373229 41.411736)
877366733,41.4128902,2.1379395,3,,,,,POINT (2.1379395 41.4128902)
879356690,41.4021243,2.179763,3,,,,,POINT (2.179763 41.4021243)
879356706,41.4030951,2.1805945,4,,,,,POINT (2.1805945 41.4030951)
885307899,41.3676904,2.18731,2,,,,,POINT (2.18731 41.3676904)
885307964,41.3676635,2.187574,2,,,,,POINT (2.187574 41.3676635)
885308166,41.3687727,2.1875188,3,,,,,POINT (2.1875188 41.3687727)
885308258,41.3698391,2.1877072,3,,,,,POINT (2.1877072 41.3698391)
885308314,41.3698514,2.187936,3,,,,,POINT (2.187936 41.3698514)
898791653,41.3684764,2.1450758,4,,,,,POINT (2.1450758 41.3684764)
898791655,41.36921,2.1451552,3,,,,,POINT (2.1451552 41.36921)
899314386,41.3750824,2.1521314,3,,,,,POINT (2.1521314 41.3750824)
899314388,41.3750831,2.1517345,3,,,,,POINT (2.1517345 41.3750831)
899314390,41.3753942,2.1521261,3,,,,,POINT (2.1521261 41.3753942)
899314397,41.3752196,2.1521288,3,,,,,POINT (2.1521288 41.3752196)
903233293,41.375279,2.1563706,3,,,,,POINT (2.1563706 41.375279)
903833761,41.4353285,2.1787318,3,,,,,POINT (2.1787318 41.4353285)
903833762,41.4343159,2.1778927,4,,,,,POINT (2.1778927 41.4343159)
903833763,41.4330305,2.1768504,4,,,,,POINT (2.1768504 41.4330305)
903833764,41.4322979,2.1762407,4,,,,,POINT (2.1762407 41.4322979)
903833766,41.434835,2.1758562,4,,,,,POINT (2.1758562 41.434835)
903833768,41.4338458,2.1750498,4,,,,,POINT (2.1750498 41.4338458)
903833780,41.4354287,2.1730985,3,,,,,POINT (2.1730985 41.4354287)
903833789,41.4314761,2.1769522,3,,,,,POINT (2.1769522 41.4314761)
903833802,41.4321246,2.1738519,3,,,,,POINT (2.1738519 41.4321246)
903833811,41.4325185,2.1779521,3,,,,,POINT (2.1779521 41.4325185)
903833832,41.433007,2.1753471,3,,,,,POINT (2.1753471 41.433007)
904485248,41.4515576,2.1720043,3,,,,,POINT (2.1720043 41.4515576)
904487807,41.4540854,2.1735854,3,,,,,POINT (2.1735854 41.4540854)
904490178,41.4527895,2.1729567,3,,,,,POINT (2.1729567 41.4527895)
904490207,41.4532133,2.1733159,3,,,,,POINT (2.1733159 41.4532133)
904491774,41.4543804,2.1745048,3,,,,,POINT (2.1745048 41.4543804)
904491781,41.4549399,2.1751933,3,,,,,POINT (2.1751933 41.4549399)
904641296,41.4167547,2.1405816,1,,,,,POINT (2.1405816 41.4167547)
904641321,41.4145803,2.139921,3,,,,,POINT (2.139921 41.4145803)
904641358,41.4149324,2.1398639,4,,,,,POINT (2.1398639 41.4149324)
905811221,41.3749321,2.1586154,4,,,,,POINT (2.1586154 41.3749321)
905811222,41.3752427,2.1586801,3,,,,,POINT (2.1586801 41.3752427)
915702743,41.4074005,2.179312,3,,,,,POINT (2.179312 41.4074005)
915702746,41.4082386,2.1804648,3,,,,,POINT (2.1804648 41.4082386)
919495993,41.4577557,2.1771634,3,,,,,POINT (2.1771634 41.4577557)
920686677,41.3951553,2.1060226,3,,,,,POINT (2.1060226 41.3951553)
923938075,41.4411625,2.2075895,3,,,,,POINT (2.2075895 41.4411625)
930158568,41.3720908,2.1464948,3,,,,,POINT (2.1464948 41.3720908)
938093311,41.3690338,2.1331367,3,,,,,POINT (2.1331367 41.3690338)
938093312,41.3689536,2.1331353,3,,,,,POINT (2.1331353 41.3689536)
938093313,41.368855,2.1327484,3,,,,,POINT (2.1327484 41.368855)
938093314,41.3690681,2.133096,3,,,,,POINT (2.133096 41.3690681)
938093325,41.3688298,2.13278,3,,,,,POINT (2.13278 41.3688298)
938093330,41.3642579,2.1344949,3,,,,,POINT (2.1344949 41.3642579)
940874206,41.4220207,2.2055028,3,,,,,POINT (2.2055028 41.4220207)
940874209,41.4227144,2.2064514,4,,,,,POINT (2.2064514 41.4227144)
940878250,41.4216081,2.2065221,3,,,,,POINT (2.2065221 41.4216081)
940878268,41.4221889,2.2057175,3,,,,,POINT (2.2057175 41.4221889)
940883640,41.4237901,2.2024708,3,,,,,POINT (2.2024708 41.4237901)
947196720,41.4584333,2.1803341,3,,,,,POINT (2.1803341 41.4584333)
947196731,41.4560153,2.1772884,3,,,,,POINT (2.1772884 41.4560153)
947196775,41.4628691,2.1842273,4,,,,,POINT (2.1842273 41.4628691)
947615019,41.4366626,2.1541439,3,,,,,POINT (2.1541439 41.4366626)
947908698,41.4387461,2.1711759,4,,,,,POINT (2.1711759 41.4387461)
947908702,41.4373099,2.1737393,3,,,,,POINT (2.1737393 41.4373099)
947908704,41.4390419,2.1681195,4,,,,,POINT (2.1681195 41.4390419)
947908716,41.4388256,2.1711897,3,,,,,POINT (2.1711897 41.4388256)
948980788,41.4351126,2.1577822,3,,,,,POINT (2.1577822 41.4351126)
948980790,41.4344813,2.1571304,4,,,,,POINT (2.1571304 41.4344813)
948980792,41.4338401,2.1564434,3,,,,,POINT (2.1564434 41.4338401)
948980793,41.4348963,2.1564229,4,,,,,POINT (2.1564229 41.4348963)
948980794,41.4342591,2.1557473,4,,,,,POINT (2.1557473 41.4342591)
948980798,41.434963,2.15458,4,,,,,POINT (2.15458 41.434963)
948980800,41.4356117,2.1552506,4,,,,,POINT (2.1552506 41.4356117)
948980802,41.4362338,2.1559338,3,,,,,POINT (2.1559338 41.4362338)
949285324,41.4361032,2.1544161,3,,,,,POINT (2.1544161 41.4361032)
949285345,41.4347578,2.1532785,3,,,,,POINT (2.1532785 41.4347578)
949285357,41.4355922,2.153861,3,,,,,POINT (2.153861 41.4355922)
950161652,41.4390907,2.1601555,3,,,,,POINT (2.1601555 41.4390907)
950161659,41.4395254,2.1605761,3,,,,,POINT (2.1605761 41.4395254)
950190478,41.4367686,2.1527859,3,,,,,POINT (2.1527859 41.4367686)
950190540,41.4384516,2.1546141,3,,,,,POINT (2.1546141 41.4384516)
950190651,41.4391708,2.1580887,3,,,,,POINT (2.1580887 41.4391708)
951016291,41.4306569,2.1632613,4,,,,,POINT (2.1632613 41.4306569)
951016293,41.4341042,2.153672,1,,,,,POINT (2.153672 41.4341042)
951016296,41.427992,2.1638493,3,,,,,POINT (2.1638493 41.427992)
951467903,41.3882205,2.1505536,3,,,,,POINT (2.1505536 41.3882205)
952967310,41.3672986,2.1336161,4,,,,,POINT (2.1336161 41.3672986)
952967354,41.3661745,2.134888,3,,,,,POINT (2.134888 41.3661745)
952967413,41.366156,2.1344567,3,,,,,POINT (2.1344567 41.366156)
952967440,41.3659575,2.1345976,3,,,,,POINT (2.1345976 41.3659575)
955030102,41.4293032,2.1578404,3,,,,,POINT (2.1578404 41.4293032)
955030275,41.4360335,2.1576618,3,,,,,POINT (2.1576618 41.4360335)
955030280,41.4349853,2.1595061,3,,,,,POINT (2.1595061 41.4349853)
955341697,41.4335509,2.1603988,3,,,,,POINT (2.1603988 41.4335509)
955341699,41.432872,2.159773,4,,,,,POINT (2.159773 41.432872)
955341713,41.4384229,2.1586838,3,,,,,POINT (2.1586838 41.4384229)
955341715,41.438589,2.1557021,3,,,,,POINT (2.1557021 41.438589)
955341729,41.4377453,2.1536845,3,,,,,POINT (2.1536845 41.4377453)
955341779,41.4387917,2.1558944,3,,,,,POINT (2.1558944 41.4387917)
955374507,41.3605794,2.138806,4,,,,,POINT (2.138806 41.3605794)
955374515,41.3584471,2.1403583,4,,,,,POINT (2.1403583 41.3584471)
955374525,41.3557423,2.1423237,3,,,,,POINT (2.1423237 41.3557423)
957075899,41.4319215,2.1562024,3,,,,,POINT (2.1562024 41.4319215)
957075909,41.4324731,2.1553698,3,,,,,POINT (2.1553698 41.4324731)
957075910,41.4324824,2.1562666,3,,,,,POINT (2.1562666 41.4324824)
957075930,41.4335879,2.155019,3,,,,,POINT (2.155019 41.4335879)
959409802,41.33585,2.1300533,3,,,,,POINT (2.1300533 41.33585)
959409813,41.3363475,2.1289205,3,crossing,,,,POINT (2.1289205 41.3363475)
959409822,41.3362268,2.1298001,3,,,,,POINT (2.1298001 41.3362268)
959409835,41.3360393,2.1296674,3,,,,,POINT (2.1296674 41.3360393)
959498749,41.4388069,2.1495331,3,,,,,POINT (2.1495331 41.4388069)
959498798,41.4369127,2.1484744,3,,,,,POINT (2.1484744 41.4369127)
959498807,41.4367229,2.1482106,3,,,,,POINT (2.1482106 41.4367229)
959498814,41.4387907,2.1485167,3,,,,,POINT (2.1485167 41.4387907)
959498845,41.4361638,2.1482981,3,,,,,POINT (2.1482981 41.4361638)
959498846,41.4370378,2.148175,3,,,,,POINT (2.148175 41.4370378)
959498879,41.4385929,2.1494181,3,,,,,POINT (2.1494181 41.4385929)
960619341,41.4348758,2.1695933,3,,,,,POINT (2.1695933 41.4348758)
960619343,41.4347206,2.1694318,3,,,,,POINT (2.1694318 41.4347206)
960619355,41.4303191,2.17398,3,,,,,POINT (2.17398 41.4303191)
960619358,41.433551,2.1713549,3,,,,,POINT (2.1713549 41.433551)
960619373,41.4338051,2.1715326,3,,,,,POINT (2.1715326 41.4338051)
960619380,41.4338446,2.1728914,3,,,yes,,POINT (2.1728914 41.4338446)
960625583,41.4326312,2.1758322,3,,,,,POINT (2.1758322 41.4326312)
960625586,41.4321791,2.1749896,4,,,,,POINT (2.1749896 41.4321791)
960625589,41.4316855,2.1740938,3,,,,,POINT (2.1740938 41.4316855)
960625593,41.4324716,2.1746096,4,,,,,POINT (2.1746096 41.4324716)
960625596,41.4319424,2.1739549,3,,,,,POINT (2.1739549 41.4319424)
960625606,41.432717,2.1743031,4,,,,,POINT (2.1743031 41.432717)
960625620,41.4330989,2.1733096,3,,,yes,,POINT (2.1733096 41.4330989)
960625627,41.4314365,2.1699696,3,,,,,POINT (2.1699696 41.4314365)
960625630,41.4314159,2.1718259,3,,,,,POINT (2.1718259 41.4314159)
960996559,41.3760482,2.1139592,3,,,,,POINT (2.1139592 41.3760482)
960996561,41.3765434,2.1153047,3,,,,,POINT (2.1153047 41.3765434)
960996562,41.3765863,2.1154187,3,,,,,POINT (2.1154187 41.3765863)
960996563,41.3770586,2.1167384,3,,,,,POINT (2.1167384 41.3770586)
960996565,41.3758187,2.1154121,3,,,,,POINT (2.1154121 41.3758187)
960996568,41.3774047,2.1149179,3,,,,,POINT (2.1149179 41.3774047)
961829250,41.3622906,2.17135,3,,,,,POINT (2.17135 41.3622906)
961893235,41.3760686,2.1172223,3,,,,,POINT (2.1172223 41.3760686)
961894044,41.376394,2.1183989,1,,,,,POINT (2.1183989 41.376394)
961905005,41.3764408,2.1170429,3,,,,,POINT (2.1170429 41.3764408)
961905032,41.3768114,2.1168585,3,,,,,POINT (2.1168585 41.3768114)
961905051,41.3771306,2.1167074,3,,,,,POINT (2.1167074 41.3771306)
961905066,41.3774415,2.1165588,3,,,,,POINT (2.1165588 41.3774415)
966339770,41.3682106,2.1314939,4,,,,,POINT (2.1314939 41.3682106)
968281617,41.4344,2.1539853,4,,,,,POINT (2.1539853 41.4344)
968281620,41.4315226,2.1559435,3,,,,,POINT (2.1559435 41.4315226)
974261539,41.3509566,2.1455742,4,,,,,POINT (2.1455742 41.3509566)
974261542,41.3529075,2.1508538,3,,,,,POINT (2.1508538 41.3529075)
974261545,41.3533129,2.1413123,3,,,,,POINT (2.1413123 41.3533129)
974261546,41.3531612,2.1411262,3,,,,,POINT (2.1411262 41.3531612)
974261549,41.3536162,2.1417324,3,,,,,POINT (2.1417324 41.3536162)
974261552,41.3541656,2.1432834,4,,,,,POINT (2.1432834 41.3541656)
974261553,41.3542305,2.1434122,4,,,,,POINT (2.1434122 41.3542305)
974261554,41.35477,2.1451359,3,,,,,POINT (2.1451359 41.35477)
974261559,41.351528,2.1420565,2,,,,,POINT (2.1420565 41.351528)
974384683,41.4070553,2.1377945,4,,,,,POINT (2.1377945 41.4070553)
974384688,41.4078578,2.1364708,4,,,,,POINT (2.1364708 41.4078578)
977641428,41.4048201,2.1391492,3,,,,,POINT (2.1391492 41.4048201)
977641429,41.4042588,2.1402419,3,,,,,POINT (2.1402419 41.4042588)
977641431,41.4050694,2.139379,1,,,,,POINT (2.139379 41.4050694)
977657485,41.3996846,2.1316842,3,,,,,POINT (2.1316842 41.3996846)
977657486,41.4009666,2.1346071,4,,,,,POINT (2.1346071 41.4009666)
977657487,41.4015926,2.135606,3,,,,,POINT (2.135606 41.4015926)
977657489,41.4020588,2.1351318,3,,,,,POINT (2.1351318 41.4020588)
977657490,41.4014923,2.1341971,4,,,,,POINT (2.1341971 41.4014923)
977657491,41.4001697,2.131235,3,,,,,POINT (2.131235 41.4001697)
979671154,41.4209422,2.1190723,3,,,,,POINT (2.1190723 41.4209422)
979671160,41.420945,2.1195151,3,,,,,POINT (2.1195151 41.420945)
979671188,41.4214114,2.1182476,1,,,,,POINT (2.1182476 41.4214114)
979671206,41.4210423,2.1193149,3,,,,,POINT (2.1193149 41.4210423)
979754866,41.427843,2.096908,3,,,,,POINT (2.096908 41.427843)
979754922,41.4296879,2.0959567,3,,,,,POINT (2.0959567 41.4296879)
979755015,41.4330777,2.0955199,3,,,,,POINT (2.0955199 41.4330777)
979755128,41.4314984,2.0983582,3,,,,,POINT (2.0983582 41.4314984)
979755215,41.4307913,2.0943266,3,,,,,POINT (2.0943266 41.4307913)
979755738,41.4296086,2.0971833,3,,,,,POINT (2.0971833 41.4296086)
980160351,41.416271,2.1342216,3,,,,,POINT (2.1342216 41.416271)
980160376,41.4143899,2.1316616,3,,,,,POINT (2.1316616 41.4143899)
980160381,41.4151347,2.1328387,3,,,,,POINT (2.1328387 41.4151347)
980160394,41.4141262,2.131824,3,,,,,POINT (2.131824 41.4141262)
981699926,41.4046655,2.1182014,3,,,,,POINT (2.1182014 41.4046655)
981699928,41.4047563,2.1181752,3,,,,,POINT (2.1181752 41.4047563)
981699952,41.4047848,2.1182462,3,,,,,POINT (2.1182462 41.4047848)
981699953,41.4053079,2.1190394,3,,,,,POINT (2.1190394 41.4053079)
981699961,41.4033515,2.1190095,3,,,,,POINT (2.1190095 41.4033515)
981699983,41.4308343,2.1449232,3,,,,,POINT (2.1449232 41.4308343)
981747029,41.4051422,2.1184642,3,motorway_junction,8,,,POINT (2.1184642 41.4051422)
981747078,41.4055263,2.1169374,3,,,,,POINT (2.1169374 41.4055263)
983340515,41.4171739,2.15231,3,,,,,POINT (2.15231 41.4171739)
983340529,41.4167649,2.1527527,1,,,,,POINT (2.1527527 41.4167649)
983340572,41.4168922,2.152617,1,,,,,POINT (2.152617 41.4168922)
993061632,41.4239995,2.2070887,3,,,,,POINT (2.2070887 41.4239995)
994062452,41.4232045,2.2005298,3,,,,,POINT (2.2005298 41.4232045)
994071419,41.4223637,2.2081414,3,,,,,POINT (2.2081414 41.4223637)
994071420,41.4214176,2.2083906,5,,,,,POINT (2.2083906 41.4214176)
994071438,41.4223181,2.2105738,3,,,,,POINT (2.2105738 41.4223181)
995309546,41.4158773,2.2153169,3,,,,,POINT (2.2153169 41.4158773)
995424000,41.4366274,2.2086721,3,,,,,POINT (2.2086721 41.4366274)
995424069,41.4359268,2.2090173,3,,,,,POINT (2.2090173 41.4359268)
998567721,41.3831503,2.134573,4,,,,,POINT (2.134573 41.3831503)
998567760,41.3825757,2.1328853,4,,,,,POINT (2.1328853 41.3825757)
998567794,41.3821887,2.1317871,4,,,,,POINT (2.1317871 41.3821887)
998567840,41.3834379,2.135364,4,,,,,POINT (2.135364 41.3834379)
998592654,41.3895499,2.1384314,4,,,,,POINT (2.1384314 41.3895499)
998592677,41.3874436,2.1346625,4,,,,,POINT (2.1346625 41.3874436)
998592680,41.3852274,2.1302487,3,,,,,POINT (2.1302487 41.3852274)
998607815,41.387972,2.1341411,3,,,,,POINT (2.1341411 41.387972)
998615790,41.3867428,2.1334371,4,,,,,POINT (2.1334371 41.3867428)
998615795,41.386395,2.1328121,4,,,,,POINT (2.1328121 41.386395)
998615813,41.3872817,2.1329145,3,,,,,POINT (2.1329145 41.3872817)
998615820,41.3861848,2.1339727,3,,,,,POINT (2.1339727 41.3861848)
998615821,41.3870287,2.1331636,2,,,,,POINT (2.1331636 41.3870287)
998615843,41.3858255,2.13337,3,,,,,POINT (2.13337 41.3858255)
998615847,41.3866777,2.1325326,1,,,,,POINT (2.1325326 41.3866777)
998637904,41.3909287,2.1408799,3,,,,,POINT (2.1408799 41.3909287)
998761492,41.4117115,2.1283322,3,,,,,POINT (2.1283322 41.4117115)
1000063811,41.3794871,2.1288885,3,,,,,POINT (2.1288885 41.3794871)
1000063812,41.3793585,2.1285729,3,,,,,POINT (2.1285729 41.3793585)
1000063814,41.3797651,2.1283198,3,,,,,POINT (2.1283198 41.3797651)
1000063822,41.3794004,2.1290511,3,,,,,POINT (2.1290511 41.3794004)
1000063825,41.3803224,2.128754,3,,,,,POINT (2.128754 41.3803224)
1000063828,41.379179,2.1287487,3,,,,,POINT (2.1287487 41.379179)
1001107275,41.3624106,2.1408291,3,,,,,POINT (2.1408291 41.3624106)
1001107281,41.3626572,2.1401613,3,,,,,POINT (2.1401613 41.3626572)
1001228501,41.4116215,2.1917558,3,,,,,POINT (2.1917558 41.4116215)
1001228531,41.4102467,2.191255,1,,,,,POINT (2.191255 41.4102467)
1001228539,41.409602,2.1914713,3,,,,,POINT (2.1914713 41.409602)
1001228541,41.4102058,2.1923465,3,crossing,,,,POINT (2.1923465 41.4102058)
1001228543,41.4099561,2.1919902,3,,,,,POINT (2.1919902 41.4099561)
1001228549,41.4092415,2.1919327,3,,,,,POINT (2.1919327 41.4092415)
1001228550,41.4098443,2.1927878,3,,,,,POINT (2.1927878 41.4098443)
1001228552,41.4096094,2.1924498,4,,,,,POINT (2.1924498 41.4096094)
1001228568,41.4092339,2.1935641,3,,,,,POINT (2.1935641 41.4092339)
1001237028,41.3728957,2.1375732,3,,,,,POINT (2.1375732 41.3728957)
1001237033,41.3731324,2.1383945,3,,,,,POINT (2.1383945 41.3731324)
1001237057,41.373367,2.137408,3,,,,,POINT (2.137408 41.373367)
1001237059,41.3735394,2.138165,3,,,,,POINT (2.138165 41.3735394)
1001441823,41.4297692,2.1393373,3,,,,,POINT (2.1393373 41.4297692)
1001441836,41.4332223,2.1417007,4,,,,,POINT (2.1417007 41.4332223)
1001441837,41.4326052,2.1440738,3,,,,,POINT (2.1440738 41.4326052)
1001441839,41.4327442,2.1412855,3,,,,,POINT (2.1412855 41.4327442)
1001441852,41.4333919,2.1452228,3,,,,,POINT (2.1452228 41.4333919)
1001441863,41.433892,2.142058,3,,,,,POINT (2.142058 41.433892)
1001441903,41.4338029,2.1456002,3,,,,,POINT (2.1456002 41.4338029)
1002675881,41.3972946,2.1328761,3,,,,,POINT (2.1328761 41.3972946)
1002675910,41.4009357,2.1359635,4,,,,,POINT (2.1359635 41.4009357)
1002675914,41.40134,2.1364518,4,,,,,POINT (2.1364518 41.40134)
1002675916,41.4022045,2.1373768,3,,,,,POINT (2.1373768 41.4022045)
1002675919,41.4027803,2.1379527,4,,,,,POINT (2.1379527 41.4027803)
1002675928,41.4040681,2.140059,3,,,,,POINT (2.140059 41.4040681)
1002675944,41.4047382,2.1417082,4,,,,,POINT (2.1417082 41.4047382)
1002710245,41.4022824,2.137454,3,,,,,POINT (2.137454 41.4022824)
1003235873,41.4029491,2.1058846,1,,,,,POINT (2.1058846 41.4029491)
1003235963,41.4139142,2.1113149,3,,,,,POINT (2.1113149 41.4139142)
1008972044,41.3870562,2.1122851,3,,,,,POINT (2.1122851 41.3870562)
1009334217,41.3750208,2.1698114,3,,,,,POINT (2.1698114 41.3750208)
1011403944,41.4149296,2.1397306,3,,,,,POINT (2.1397306 41.4149296)
1011403991,41.4152876,2.1399119,3,,,,,POINT (2.1399119 41.4152876)
1012330330,41.380798,2.1420218,4,,,,,POINT (2.1420218 41.380798)
1012330342,41.3808901,2.1444131,4,traffic_signals,,,,POINT (2.1444131 41.3808901)
1012338252,41.3721724,2.1335679,4,,,,,POINT (2.1335679 41.3721724)
1012340976,41.3725177,2.1344315,3,,,,,POINT (2.1344315 41.3725177)
1012343432,41.3711824,2.1336344,4,,,,,POINT (2.1336344 41.3711824)
1012343436,41.3709296,2.1324322,3,,,,,POINT (2.1324322 41.3709296)
1012354007,41.3723625,2.1378567,3,,,,,POINT (2.1378567 41.3723625)
1012356726,41.368466,2.1386948,3,,,,,POINT (2.1386948 41.368466)
1012815266,41.3689872,2.1382087,3,,,,,POINT (2.1382087 41.3689872)
1012815284,41.3704241,2.1398649,4,,,,,POINT (2.1398649 41.3704241)
1012815286,41.3696037,2.1389658,4,,,,,POINT (2.1389658 41.3696037)
1013128133,41.3711565,2.1340356,3,,,,,POINT (2.1340356 41.3711565)
1013128142,41.3721829,2.1346601,3,,,,,POINT (2.1346601 41.3721829)
1013128144,41.3720358,2.1347581,1,,,,,POINT (2.1347581 41.3720358)
1016384550,41.3831346,2.1169688,4,,,,,POINT (2.1169688 41.3831346)
1017920069,41.4314555,2.179033,4,,,,,POINT (2.179033 41.4314555)
1017920073,41.4302166,2.1817565,3,,,,,POINT (2.1817565 41.4302166)
1017920088,41.4327031,2.180252,3,,,,,POINT (2.180252 41.4327031)
1017920129,41.4302471,2.1798727,4,,,,,POINT (2.1798727 41.4302471)
1017920131,41.433033,2.1783505,3,,,,,POINT (2.1783505 41.433033)
1017920136,41.4327404,2.1792667,3,,,,,POINT (2.1792667 41.4327404)
1017920153,41.4319004,2.1781789,3,,,,,POINT (2.1781789 41.4319004)
1017920156,41.4319358,2.1775279,3,,,,,POINT (2.1775279 41.4319358)
1017920159,41.4302945,2.1763827,3,,,,,POINT (2.1763827 41.4302945)
1017920162,41.4335051,2.1772097,3,,,,,POINT (2.1772097 41.4335051)
1017920163,41.4314419,2.1799199,4,,,,,POINT (2.1799199 41.4314419)
1017920188,41.4286591,2.1825447,4,,,,,POINT (2.1825447 41.4286591)
1017920189,41.4328978,2.178242,3,,,,,POINT (2.178242 41.4328978)
1017920203,41.4325994,2.1792285,4,,,,,POINT (2.1792285 41.4325994)
1017920205,41.4302332,2.1808101,4,,,,,POINT (2.1808101 41.4302332)
1017920208,41.4286516,2.1840777,4,,,,,POINT (2.1840777 41.4286516)
1017920232,41.4314682,2.1781543,4,,,,,POINT (2.1781543 41.4314682)
1017920240,41.4302721,2.1781233,4,,,,,POINT (2.1781233 41.4302721)
1017920255,41.4302577,2.1790008,4,,,,,POINT (2.1790008 41.4302577)
1017920257,41.4302881,2.177365,4,,,,,POINT (2.177365 41.4302881)
1017920262,41.4326072,2.180377,3,,,,,POINT (2.180377 41.4326072)
1017920276,41.4319211,2.1779014,3,,,,,POINT (2.1779014 41.4319211)
1043786431,41.3803378,2.1609659,4,,,,,POINT (2.1609659 41.3803378)
1043834102,41.4242724,2.1820533,3,crossing,,,,POINT (2.1820533 41.4242724)
1043834110,41.4236041,2.1795085,4,,,,,POINT (2.1795085 41.4236041)
1043834114,41.4247535,2.1826937,3,,,,,POINT (2.1826937 41.4247535)
1043834149,41.4244431,2.1822827,3,,,,,POINT (2.1822827 41.4244431)
1043834157,41.42451,2.180629,3,,,,,POINT (2.180629 41.42451)
1043834164,41.4246602,2.1841922,3,,,,,POINT (2.1841922 41.4246602)
1043834173,41.4255003,2.1823477,3,,,,,POINT (2.1823477 41.4255003)
1043834178,41.4251206,2.1817729,3,,,,,POINT (2.1817729 41.4251206)
1043834183,41.425583,2.1792157,3,,,,,POINT (2.1792157 41.425583)
1043834187,41.4233247,2.1822317,4,,,,,POINT (2.1822317 41.4233247)
1043834195,41.4239022,2.1823352,3,,,,,POINT (2.1823352 41.4239022)
1043834246,41.4247219,2.1812436,3,,,,,POINT (2.1812436 41.4247219)
1043834249,41.4234206,2.1813273,4,,,,,POINT (2.1813273 41.4234206)
1043834280,41.4242306,2.1823596,3,,,,,POINT (2.1823596 41.4242306)
1043834285,41.4235087,2.180439,4,,,,,POINT (2.180439 41.4235087)
1043834293,41.4270629,2.1772442,3,,,,,POINT (2.1772442 41.4270629)
1043834302,41.4249609,2.1827002,2,,,,,POINT (2.1827002 41.4249609)
1043849998,41.4268485,2.1805925,4,,,,,POINT (2.1805925 41.4268485)
1043849999,41.4278691,2.1792289,4,,,,,POINT (2.1792289 41.4278691)
1043850002,41.4269249,2.1806198,3,,,,,POINT (2.1806198 41.4269249)
1043850005,41.4268465,2.1824973,4,,,,,POINT (2.1824973 41.4268465)
1043855098,41.4231699,2.1782137,3,,,,,POINT (2.1782137 41.4231699)
1043855099,41.423736,2.1782237,4,,,,,POINT (2.1782237 41.423736)
1043855100,41.4264067,2.1781362,3,,,,,POINT (2.1781362 41.4264067)
1043905565,41.397998,2.2038811,1,,,,,POINT (2.2038811 41.397998)
1043905685,41.3968371,2.2056079,3,,,,,POINT (2.2056079 41.3968371)
1043925396,41.3933439,2.1993204,3,,,,,POINT (2.1993204 41.3933439)
1043925401,41.3942814,2.197701,3,,,,,POINT (2.197701 41.3942814)
1044510638,41.4011537,2.2043486,2,,,,,POINT (2.2043486 41.4011537)
1044543165,41.3998537,2.2053501,2,,,,,POINT (2.2053501 41.3998537)
1044543169,41.3990079,2.2080423,3,,,,,POINT (2.2080423 41.3990079)
1044543192,41.4000855,2.2064712,3,,,,,POINT (2.2064712 41.4000855)
1044543194,41.400799,2.2063546,3,,,,,POINT (2.2063546 41.400799)
1046599571,41.4191629,2.1799629,3,crossing,,,,POINT (2.1799629 41.4191629)
1046599575,41.421842,2.1794244,3,,,,,POINT (2.1794244 41.421842)
1046599580,41.420801,2.1792782,3,,,,,POINT (2.1792782 41.420801)
1046599586,41.422201,2.1787293,3,,,,,POINT (2.1787293 41.422201)
1046599615,41.4209424,2.1802737,3,,,,,POINT (2.1802737 41.4209424)
1046599623,41.4204817,2.1795935,3,,,,,POINT (2.1795935 41.4204817)
1046599625,41.4188782,2.1785351,3,,,,,POINT (2.1785351 41.4188782)
1046599670,41.4199949,2.1798198,3,,,,,POINT (2.1798198 41.4199949)
1046599674,41.4215158,2.1797324,3,,,,,POINT (2.1797324 41.4215158)
1046607394,41.4301279,2.1652951,3,,,,,POINT (2.1652951 41.4301279)
1046607396,41.4286778,2.1629854,3,,,,,POINT (2.1629854 41.4286778)
1046607401,41.4312271,2.1630078,3,,,,,POINT (2.1630078 41.4312271)
1046607404,41.4304522,2.1673229,3,,,,,POINT (2.1673229 41.4304522)
1046607407,41.4280873,2.1636379,3,,,,,POINT (2.1636379 41.4280873)
1046607422,41.4288587,2.1648094,3,,,,,POINT (2.1648094 41.4288587)
1046612981,41.4306955,2.1574993,1,,,,,POINT (2.1574993 41.4306955)
1046612983,41.431013,2.1579962,3,,,,,POINT (2.1579962 41.431013)
1046612989,41.4280512,2.1622314,4,,,,,POINT (2.1622314 41.4280512)
1046612991,41.4276753,2.1613594,3,,,,,POINT (2.1613594 41.4276753)
1046612993,41.4308308,2.1570151,3,,,,,POINT (2.1570151 41.4308308)
1046612995,41.4298432,2.15808,1,,,,,POINT (2.15808 41.4298432)
1046612997,41.4275184,2.1596255,1,,,,,POINT (2.1596255 41.4275184)
1046612998,41.4304845,2.1581144,3,,,,,POINT (2.1581144 41.4304845)
1046613004,41.4277153,2.1627138,1,,,,,POINT (2.1627138 41.4277153)
1046613006,41.4284938,2.1631785,3,,,,,POINT (2.1631785 41.4284938)
1046613011,41.4280806,2.1609377,3,,,,,POINT (2.1609377 41.4280806)
1050231255,41.4004047,2.156353,3,,,,,POINT (2.156353 41.4004047)
1071339362,41.4168629,2.1010013,1,,,,,POINT (2.1010013 41.4168629)
1071339487,41.4184001,2.0981019,3,,,,,POINT (2.0981019 41.4184001)
1071339525,41.4183225,2.0992115,2,,,,,POINT (2.0992115 41.4183225)
1071400892,41.4187378,2.1012783,3,,,,,POINT (2.1012783 41.4187378)
1075221588,41.3914755,2.200602,3,,,,,POINT (2.200602 41.3914755)
1075627801,41.3232445,2.1326373,3,,,,,POINT (2.1326373 41.3232445)
1075627885,41.3224288,2.1321479,3,,,,,POINT (2.1321479 41.3224288)
1075627980,41.3225665,2.132862,3,,,,,POINT (2.132862 41.3225665)
1075628010,41.322323,2.132505,3,,,,,POINT (2.132505 41.322323)
1075628099,41.3228116,2.1321271,3,,,,,POINT (2.1321271 41.3228116)
1075628122,41.3229296,2.1323265,3,,,,,POINT (2.1323265 41.3229296)
1075648439,41.4185881,2.1512342,3,,,,,POINT (2.1512342 41.4185881)
1075648459,41.4199227,2.1517249,3,,,,,POINT (2.1517249 41.4199227)
1086926627,41.4399524,2.189996,4,,,,,POINT (2.189996 41.4399524)
1086926705,41.44005,2.1885407,4,,,,,POINT (2.1885407 41.44005)
1086926758,41.4399629,2.1932137,4,,,,,POINT (2.1932137 41.4399629)
1086926772,41.4399163,2.1920636,4,,,,,POINT (2.1920636 41.4399163)
1086926813,41.4369844,2.2059039,3,,,,,POINT (2.2059039 41.4369844)
1086926864,41.4362996,2.2060577,3,,,,,POINT (2.2060577 41.4362996)
1088518829,41.3710186,2.1397183,3,,,,,POINT (2.1397183 41.3710186)
1088518835,41.3715375,2.1421964,3,,,,,POINT (2.1421964 41.3715375)
1088579987,41.370051,2.1404565,3,,,,,POINT (2.1404565 41.370051)
1092685726,41.3745411,2.1675942,3,,,,,POINT (2.1675942 41.3745411)
1092685773,41.3752214,2.1631937,3,,,,,POINT (2.1631937 41.3752214)
1094870540,41.4239484,2.1394448,1,,,,,POINT (2.1394448 41.4239484)
1098044394,41.4043627,2.1778979,1,,,,,POINT (2.1778979 41.4043627)
1100295130,41.4072851,2.1870161,3,,,,,POINT (2.1870161 41.4072851)
1100295145,41.4068453,2.1867267,4,,,,,POINT (2.1867267 41.4068453)
1106505947,41.4069412,2.1877954,3,,,,,POINT (2.1877954 41.4069412)
1106505995,41.4067101,2.189177,4,,,,,POINT (2.189177 41.4067101)
1116318602,41.4301497,2.1565957,3,,,,,POINT (2.1565957 41.4301497)
1116318655,41.4243554,2.1570345,3,,,,,POINT (2.1570345 41.4243554)
1116318687,41.4269252,2.1574338,3,,,,,POINT (2.1574338 41.4269252)
1116318691,41.4242024,2.1593353,1,,,,,POINT (2.1593353 41.4242024)
1116318736,41.4246704,2.1585143,3,,,,,POINT (2.1585143 41.4246704)
1116318834,41.4270211,2.1579697,3,,,,,POINT (2.1579697 41.4270211)
1116318859,41.4246185,2.1579368,3,,,,,POINT (2.1579368 41.4246185)
1116623801,41.397768,2.1329312,4,,,,,POINT (2.1329312 41.397768)
1116623856,41.3977701,2.1327672,4,,,,,POINT (2.1327672 41.3977701)
1116623912,41.4052076,2.1433347,3,,,,,POINT (2.1433347 41.4052076)
1116623921,41.3977824,2.135379,4,,,,,POINT (2.135379 41.3977824)
1117832656,41.4286678,2.1807659,4,,,,,POINT (2.1807659 41.4286678)
1117832690,41.4294533,2.1798523,4,,,,,POINT (2.1798523 41.4294533)
1117832735,41.4286724,2.1798407,4,,,,,POINT (2.1798407 41.4286724)
1117832745,41.430175,2.1890596,3,,,,,POINT (2.1890596 41.430175)
1118502246,41.424936,2.1598161,3,,,,,POINT (2.1598161 41.424936)
1118614831,41.4182333,2.1499677,4,,,,,POINT (2.1499677 41.4182333)
1119386014,41.4164228,2.2035263,4,,,,,POINT (2.2035263 41.4164228)
1119994499,41.3873145,2.1946055,3,crossing,,,,POINT (2.1946055 41.3873145)
1120489442,41.4429729,2.1863046,4,,,,,POINT (2.1863046 41.4429729)
1121909724,41.3788522,2.1448953,4,,,,,POINT (2.1448953 41.3788522)
1121909742,41.3821632,2.147241,4,,,,,POINT (2.147241 41.3821632)
1121909773,41.3678325,2.1393693,4,,,,,POINT (2.1393693 41.3678325)
1122814756,41.4106899,2.1893896,4,,,,,POINT (2.1893896 41.4106899)
1124790711,41.3984355,2.1663861,5,,,,,POINT (2.1663861 41.3984355)
1125511774,41.3999603,2.1869682,3,crossing,,,,POINT (2.1869682 41.3999603)
1125604861,41.4320778,2.1438284,3,,,,,POINT (2.1438284 41.4320778)
1126035505,41.3919966,2.1293471,3,,,,,POINT (2.1293471 41.3919966)
1126385606,41.4240515,2.2028036,4,,,,,POINT (2.2028036 41.4240515)
1126640615,41.3866248,2.1693842,3,,,,,POINT (2.1693842 41.3866248)
1126848499,41.3981514,2.1667198,4,,,,,POINT (2.1667198 41.3981514)
1126848522,41.3985761,2.1684172,4,,,,,POINT (2.1684172 41.3985761)
1126848552,41.3992684,2.1694094,3,,,,,POINT (2.1694094 41.3992684)
1126998867,41.4373391,2.1678829,3,,,,,POINT (2.1678829 41.4373391)
1126998875,41.4373451,2.1677791,3,,,,,POINT (2.1677791 41.4373451)
1126998877,41.439367,2.1647918,4,,,,,POINT (2.1647918 41.439367)
1126998911,41.4394338,2.1649239,3,,,,,POINT (2.1649239 41.4394338)
1126998923,41.4391218,2.1681356,3,,,,,POINT (2.1681356 41.4391218)
1126998928,41.4381196,2.1645725,3,,,,,POINT (2.1645725 41.4381196)
1127100737,41.4299587,2.1937006,4,,,,,POINT (2.1937006 41.4299587)
1131166780,41.4045113,2.1388762,3,,,,,POINT (2.1388762 41.4045113)
1137594372,41.4534243,2.189001,3,,,,,POINT (2.189001 41.4534243)
1137594647,41.4500246,2.1888246,3,,,,,POINT (2.1888246 41.4500246)
1139082290,41.4302071,2.1831601,4,,,,,POINT (2.1831601 41.4302071)
1139082295,41.4301975,2.182944,4,,,,,POINT (2.182944 41.4301975)
1141503163,41.4492095,2.1996591,3,motorway_junction,,,,POINT (2.1996591 41.4492095)
1141503197,41.4579456,2.1867702,3,,,,,POINT (2.1867702 41.4579456)
1141503226,41.4435732,2.2057603,4,,,,,POINT (2.2057603 41.4435732)
1142860648,41.4476471,2.1966041,3,motorway_junction,,,,POINT (2.1966041 41.4476471)
1147391517,41.4102744,2.1867653,4,,,,,POINT (2.1867653 41.4102744)
1147391519,41.4086264,2.1870101,3,,,,,POINT (2.1870101 41.4086264)
1148143947,41.4452005,2.1928155,3,,,,,POINT (2.1928155 41.4452005)
1156424404,41.4320945,2.1925141,4,,,,,POINT (2.1925141 41.4320945)
1156424412,41.432009,2.1913912,4,,,,,POINT (2.1913912 41.432009)
1156424413,41.4321415,2.1932306,3,,,,,POINT (2.1932306 41.4321415)
1162558777,41.4464866,2.1874425,3,,,,,POINT (2.1874425 41.4464866)
1162558788,41.4464606,2.1826815,3,,,,,POINT (2.1826815 41.4464606)
1162558801,41.4465592,2.1826574,3,motorway_junction,2,,,POINT (2.1826574 41.4465592)
1169009518,41.4272805,2.190924,3,,,,,POINT (2.190924 41.4272805)
1169009527,41.423933,2.1917489,4,,,,,POINT (2.1917489 41.423933)
1174647432,41.3964866,2.1398977,3,,,,,POINT (2.1398977 41.3964866)
1174708055,41.4291523,2.162487,3,,,,,POINT (2.162487 41.4291523)
1174754927,41.4421369,2.1702306,3,,,,,POINT (2.1702306 41.4421369)
1177108319,41.3707201,2.1401982,3,,,,,POINT (2.1401982 41.3707201)
1191150266,41.395365,2.1832545,2,,,,,POINT (2.1832545 41.395365)
1193548732,41.375159,2.1480369,3,,,,,POINT (2.1480369 41.375159)
1193548761,41.3753586,2.1487509,3,,,,,POINT (2.1487509 41.3753586)
1193548784,41.374823,2.1497372,3,,003742,,,POINT (2.1497372 41.374823)
1193548816,41.3749659,2.1485339,3,,,,,POINT (2.1485339 41.3749659)
1198354151,41.4120819,2.1535256,1,,,,,POINT (2.1535256 41.4120819)
1198354153,41.4126867,2.1531523,1,,,,,POINT (2.1531523 41.4126867)
1198354157,41.4125793,2.1528548,1,,,,,POINT (2.1528548 41.4125793)
1207603865,41.3976483,2.2044095,4,,,,,POINT (2.2044095 41.3976483)
1207612390,41.399439,2.2074122,4,,,,,POINT (2.2074122 41.399439)
1207612392,41.3989302,2.206793,4,,,,,POINT (2.206793 41.3989302)
1207612394,41.3973285,2.2048746,3,,,,,POINT (2.2048746 41.3973285)
1207618829,41.3989217,2.2050322,3,,,,,POINT (2.2050322 41.3989217)
1224389881,41.4114451,2.1454812,3,,,,,POINT (2.1454812 41.4114451)
1224389897,41.4114599,2.1457095,3,,,,,POINT (2.1457095 41.4114599)
1225009010,41.4165326,2.1293869,1,,,,,POINT (2.1293869 41.4165326)
1225051325,41.4094666,2.1299481,3,,,,,POINT (2.1299481 41.4094666)
1225051373,41.4105216,2.1312391,3,,,,,POINT (2.1312391 41.4105216)
1225051377,41.4099187,2.129957,3,,,,,POINT (2.129957 41.4099187)
1225083248,41.4068252,2.1398182,3,,,,,POINT (2.1398182 41.4068252)
1225083250,41.4075814,2.1403431,1,,,,,POINT (2.1403431 41.4075814)
1225083268,41.4068399,2.140369,3,,,,,POINT (2.140369 41.4068399)
1225083271,41.4100344,2.140262,3,,,,,POINT (2.140262 41.4100344)
1225083280,41.4052257,2.1444362,3,,,,,POINT (2.1444362 41.4052257)
1225083291,41.40526,2.1435688,3,,,,,POINT (2.1435688 41.40526)
1230701452,41.4397973,2.1603598,3,motorway_junction,4,,,POINT (2.1603598 41.4397973)
1230701490,41.4396741,2.1602689,3,,,,,POINT (2.1602689 41.4396741)
1233754561,41.4101507,2.1331114,4,,,,,POINT (2.1331114 41.4101507)
1233754562,41.409826,2.1327499,3,,,,,POINT (2.1327499 41.409826)
1233754563,41.4019387,2.1338549,3,,,,,POINT (2.1338549 41.4019387)
1233754567,41.4050517,2.1306553,4,traffic_signals,,,,POINT (2.1306553 41.4050517)
1233754573,41.4130027,2.1342274,4,,,,,POINT (2.1342274 41.4130027)
1233754575,41.4073252,2.1318718,3,,,,,POINT (2.1318718 41.4073252)
1233754576,41.4019543,2.133843,3,,,,,POINT (2.133843 41.4019543)
1233754579,41.4038793,2.1323818,3,,,,,POINT (2.1323818 41.4038793)
1233754582,41.4077719,2.1323553,3,,,,,POINT (2.1323553 41.4077719)
1233754585,41.4107942,2.1337803,3,,,,,POINT (2.1337803 41.4107942)
1233754586,41.4016623,2.1332092,1,,,,,POINT (2.1332092 41.4016623)
1233754587,41.4028878,2.1331003,4,,,,,POINT (2.1331003 41.4028878)
1233754603,41.4062028,2.1327099,3,,,,,POINT (2.1327099 41.4062028)
1233754614,41.4032163,2.1338063,3,,,,,POINT (2.1338063 41.4032163)
1233754618,41.4057412,2.1334433,3,,,,,POINT (2.1334433 41.4057412)
1233754631,41.4086946,2.1313977,3,,,,,POINT (2.1313977 41.4086946)
1233754635,41.4024285,2.1334698,4,,,,,POINT (2.1334698 41.4024285)
1233760230,41.3987067,2.1222547,3,,,,,POINT (2.1222547 41.3987067)
1251330733,41.4409052,2.1550054,3,,,,,POINT (2.1550054 41.4409052)
1251330741,41.44357,2.1551571,3,,,,,POINT (2.1551571 41.44357)
1255304807,41.4394036,2.1596815,3,,,,,POINT (2.1596815 41.4394036)
1258203865,41.3859243,2.124298,3,,,,,POINT (2.124298 41.3859243)
1259351650,41.3618659,2.1817701,1,,,,,POINT (2.1817701 41.3618659)
1261306780,41.433524,2.1521892,3,,,,,POINT (2.1521892 41.433524)
1261315828,41.4261802,2.1504172,3,,,,,POINT (2.1504172 41.4261802)
1279276755,41.4084303,2.1232087,3,,,,,POINT (2.1232087 41.4084303)
1279276759,41.410428,2.1254709,3,,,,,POINT (2.1254709 41.410428)
1282870796,41.3851761,2.1635936,3,,,,,POINT (2.1635936 41.3851761)
1282870801,41.3854069,2.1640511,3,,,,,POINT (2.1640511 41.3854069)
1286855172,41.4021554,2.175917,3,,,,,POINT (2.175917 41.4021554)
1286855176,41.4014514,2.1749701,3,,,,,POINT (2.1749701 41.4014514)
1291715885,41.4368456,2.149592,3,,,,,POINT (2.149592 41.4368456)
1292128461,41.4353534,2.1474061,3,,,,,POINT (2.1474061 41.4353534)
1292134747,41.4271004,2.1353446,3,,,,,POINT (2.1353446 41.4271004)
1292134749,41.4284682,2.1297263,2,,,,,POINT (2.1297263 41.4284682)
1295278485,41.4246036,2.1423199,3,motorway_junction,5,,,POINT (2.1423199 41.4246036)
1295283770,41.4265219,2.1428932,3,,,,,POINT (2.1428932 41.4265219)
1295286769,41.4274056,2.1433104,3,,,,,POINT (2.1433104 41.4274056)
1297470708,41.4115589,2.2186492,3,,,,,POINT (2.2186492 41.4115589)
1297470711,41.4118716,2.2163363,4,,,,,POINT (2.2163363 41.4118716)
1297490058,41.4213257,2.1991781,4,,,,,POINT (2.1991781 41.4213257)
1297521195,41.428,2.1516989,3,,,,,POINT (2.1516989 41.428)
1297521201,41.4269438,2.1513306,3,,,,,POINT (2.1513306 41.4269438)
1297521206,41.4274396,2.1504417,3,,,,,POINT (2.1504417 41.4274396)
1297521219,41.4276163,2.1521395,1,,,,,POINT (2.1521395 41.4276163)
1297521224,41.4262895,2.1513109,3,,,,,POINT (2.1513109 41.4262895)
1297521227,41.4274142,2.1509559,3,,,,,POINT (2.1509559 41.4274142)
1297521235,41.4280549,2.1509045,3,,,,,POINT (2.1509045 41.4280549)
1297521253,41.4274035,2.1513459,3,,,,,POINT (2.1513459 41.4274035)
1297710569,41.4110065,2.1877146,3,,,,,POINT (2.1877146 41.4110065)
1297710575,41.4106133,2.1892833,3,,,,,POINT (2.1892833 41.4106133)
1297744704,41.3903918,2.1444043,3,,,,,POINT (2.1444043 41.3903918)
1297790600,41.4631683,2.1843022,3,,,,,POINT (2.1843022 41.4631683)
1297790607,41.4584039,2.18091,3,,,,,POINT (2.18091 41.4584039)
1297790631,41.462541,2.1823844,3,,,,,POINT (2.1823844 41.462541)
1297790702,41.4612886,2.1829618,3,,,,,POINT (2.1829618 41.4612886)
1297790734,41.4631562,2.1837204,4,,,,,POINT (2.1837204 41.4631562)
1297790742,41.4621005,2.1840207,3,,,,,POINT (2.1840207 41.4621005)
1297790778,41.46226,2.1829849,4,,,,,POINT (2.1829849 41.46226)
1297790802,41.4632332,2.1835089,3,,,,,POINT (2.1835089 41.4632332)
1297809315,41.4167977,2.214229,3,,,,,POINT (2.214229 41.4167977)
1297809323,41.4167217,2.2142044,3,,,,,POINT (2.2142044 41.4167217)
1297818677,41.3998709,2.11394,3,,,,,POINT (2.11394 41.3998709)
1297818714,41.3990124,2.1134229,3,motorway_junction,9,,,POINT (2.1134229 41.3990124)
1297818723,41.3959552,2.1111939,3,,,,,POINT (2.1111939 41.3959552)
1297818732,41.3965869,2.1118276,3,,,,,POINT (2.1118276 41.3965869)
1298458116,41.4387024,2.1899303,4,,,,,POINT (2.1899303 41.4387024)
1298458117,41.438593,2.1910726,3,,,,,POINT (2.1910726 41.438593)
1298461682,41.437641,2.1900385,3,,,,,POINT (2.1900385 41.437641)
1298461690,41.4407829,2.189344,4,,,,,POINT (2.189344 41.4407829)
1298461691,41.4407066,2.1884058,4,,,,,POINT (2.1884058 41.4407066)
1298628783,41.4370111,2.1896385,3,,,,,POINT (2.1896385 41.4370111)
1298628785,41.4365602,2.1912182,3,,,,,POINT (2.1912182 41.4365602)
1298740470,41.4065804,2.1209631,3,,,,,POINT (2.1209631 41.4065804)
1298740481,41.4071042,2.1204553,4,,,,,POINT (2.1204553 41.4071042)
1298740508,41.4078828,2.119585,3,,,,,POINT (2.119585 41.4078828)
1298740523,41.4075834,2.1212454,3,,,,,POINT (2.1212454 41.4075834)
1298742806,41.4065304,2.1162939,1,,,,,POINT (2.1162939 41.4065304)
1298742839,41.4071405,2.119173,1,,,,,POINT (2.119173 41.4071405)
1298742841,41.406351,2.1196406,4,,,,,POINT (2.1196406 41.406351)
1298758085,41.4087805,2.1100403,3,,,,,POINT (2.1100403 41.4087805)
1298769734,41.4021972,2.1100714,3,,,,,POINT (2.1100714 41.4021972)
1298774114,41.4004746,2.1132051,3,,,,,POINT (2.1132051 41.4004746)
1298774118,41.4020408,2.1108929,3,,,,,POINT (2.1108929 41.4020408)
1298783033,41.3970355,2.1238209,4,,,,,POINT (2.1238209 41.3970355)
1299373042,41.4275551,2.1732512,3,,,,,POINT (2.1732512 41.4275551)
1299373044,41.4264233,2.1727007,3,,,yes,,POINT (2.1727007 41.4264233)
1299373045,41.4273214,2.1740484,3,,,,,POINT (2.1740484 41.4273214)
1299373046,41.4261985,2.1735092,3,,,yes,,POINT (2.1735092 41.4261985)
1299373047,41.4271319,2.1746973,3,,,,,POINT (2.1746973 41.4271319)
1299373048,41.426019,2.1741728,3,,,yes,,POINT (2.1741728 41.426019)
1299414755,41.4385361,2.1921374,3,,,,,POINT (2.1921374 41.4385361)
1299414785,41.4360595,2.1923446,3,,,,,POINT (2.1923446 41.4360595)
1299414816,41.4371157,2.1935369,1,,,,,POINT (2.1935369 41.4371157)
1299414817,41.4377521,2.1937163,1,,,,,POINT (2.1937163 41.4377521)
1299427193,41.4420463,2.1892392,3,,,,,POINT (2.1892392 41.4420463)
1299427202,41.4412594,2.1893103,3,,,,,POINT (2.1893103 41.4412594)
1299427207,41.4399057,2.1894224,3,,,,,POINT (2.1894224 41.4399057)
1299427211,41.4412207,2.1883227,3,,,,,POINT (2.1883227 41.4412207)
1299430501,41.4416249,2.1908604,3,,,,,POINT (2.1908604 41.4416249)
1299430518,41.4415475,2.1892843,3,,,,,POINT (2.1892843 41.4415475)
1299430527,41.438323,2.1873985,3,,,,,POINT (2.1873985 41.438323)
1299613770,41.440908,2.1919894,3,,,,,POINT (2.1919894 41.440908)
1299613796,41.4408676,2.1909139,3,,,,,POINT (2.1909139 41.4408676)
1299629083,41.439232,2.1858411,3,,,,,POINT (2.1858411 41.439232)
1303363156,41.4365137,2.1887873,4,,,,,POINT (2.1887873 41.4365137)
1303363157,41.4364884,2.1889809,1,,,,,POINT (2.1889809 41.4364884)
1303363158,41.4365876,2.1883355,3,,,,,POINT (2.1883355 41.4365876)
1303363159,41.4366298,2.1879508,4,,,,,POINT (2.1879508 41.4366298)
1303363164,41.4370213,2.1862915,3,,,,,POINT (2.1862915 41.4370213)
1303363167,41.4372683,2.1849823,3,,,,,POINT (2.1849823 41.4372683)
1303363168,41.4359635,2.1852773,3,,,,,POINT (2.1852773 41.4359635)
1303363169,41.4355677,2.185223,4,,,,,POINT (2.185223 41.4355677)
1303363172,41.4338888,2.190351,2,,,,,POINT (2.190351 41.4338888)
1303363181,41.4350494,2.1918487,3,,,,,POINT (2.1918487 41.4350494)
1303407075,41.4310993,2.1903208,3,,,,,POINT (2.1903208 41.4310993)
1303430020,41.4254982,2.1824154,3,,,,,POINT (2.1824154 41.4254982)
1303430039,41.4247926,2.1781921,3,,,,,POINT (2.1781921 41.4247926)
1303430084,41.4244561,2.1796543,3,,,,,POINT (2.1796543 41.4244561)
1303430131,41.4246517,2.178801,3,,,,,POINT (2.178801 41.4246517)
1303430145,41.4216533,2.1801157,3,,,,,POINT (2.1801157 41.4216533)
1303430180,41.4215612,2.1809983,4,,,,,POINT (2.1809983 41.4215612)
1303430202,41.4214671,2.1818988,4,,,,,POINT (2.1818988 41.4214671)
1303430273,41.419695,2.1833005,3,,,,,POINT (2.1833005 41.419695)
1303430329,41.4188212,2.1912253,3,,,,,POINT (2.1912253 41.4188212)
1303430343,41.4179375,2.1901006,4,,,,,POINT (2.1901006 41.4179375)
1303430364,41.4171008,2.1890014,4,,,,,POINT (2.1890014 41.4171008)
1303430372,41.4162247,2.1879299,3,,,,,POINT (2.1879299 41.4162247)
1303440695,41.4111992,2.1805071,3,,,,,POINT (2.1805071 41.4111992)
1303440697,41.4143312,2.1825655,4,,,,,POINT (2.1825655 41.4143312)
1303440704,41.4134351,2.1794074,3,,,,,POINT (2.1794074 41.4134351)
1303440706,41.4125573,2.1805985,3,,,,,POINT (2.1805985 41.4125573)
1303440709,41.4131966,2.1791199,3,,,,,POINT (2.1791199 41.4131966)
1303440728,41.4107912,2.1783196,3,,,,,POINT (2.1783196 41.4107912)
1303440737,41.4100317,2.1793409,3,,,,,POINT (2.1793409 41.4100317)
1303457162,41.4073154,2.1850961,3,,,,,POINT (2.1850961 41.4073154)
1303457186,41.4064409,2.1861952,3,,,,,POINT (2.1861952 41.4064409)
1303457189,41.4100651,2.1891634,4,,,,,POINT (2.1891634 41.4100651)
1303457199,41.4096457,2.1904047,3,,,,,POINT (2.1904047 41.4096457)
1303457245,41.4096189,2.1889698,3,,,,,POINT (2.1889698 41.4096189)
1303457259,41.4093194,2.1901081,3,,,,,POINT (2.1901081 41.4093194)
1303457269,41.4104052,2.1880496,3,crossing,,,,POINT (2.1880496 41.4104052)
1303457305,41.4031371,2.1817874,3,,,,,POINT (2.1817874 41.4031371)
1303457329,41.4024229,2.1771416,3,,,,,POINT (2.1771416 41.4024229)
1303457341,41.4032508,2.1782551,3,,,,,POINT (2.1782551 41.4032508)
1303457357,41.405641,2.1646812,3,,,,,POINT (2.1646812 41.405641)
1303457386,41.4022583,2.1692472,3,,,,,POINT (2.1692472 41.4022583)
1303465743,41.4030801,2.1691977,3,,,,,POINT (2.1691977 41.4030801)
1303465744,41.4039434,2.1703477,3,,,,,POINT (2.1703477 41.4039434)
1303465750,41.4004973,2.1632976,3,,,,,POINT (2.1632976 41.4004973)
1303465751,41.4015404,2.1644874,3,,,,,POINT (2.1644874 41.4015404)
1303465752,41.4004049,2.1635097,3,,,,,POINT (2.1635097 41.4004049)
1303465757,41.4014177,2.1646472,3,,,,,POINT (2.1646472 41.4014177)
1303465772,41.3994905,2.1624983,3,,,,,POINT (2.1624983 41.3994905)
1303465773,41.3999336,2.1630091,3,,,,,POINT (2.1630091 41.3999336)
1303465774,41.4098184,2.1355777,3,,,,,POINT (2.1355777 41.4098184)
1303465780,41.4083648,2.1372,3,,,,,POINT (2.1372 41.4083648)
1305741255,41.4104743,2.1955809,3,,,,,POINT (2.1955809 41.4104743)
1305741256,41.4095955,2.1944177,4,,,,,POINT (2.1944177 41.4095955)
1305741260,41.4091175,2.1937749,3,,,,,POINT (2.1937749 41.4091175)
1305741263,41.4158453,2.2000349,3,,,,,POINT (2.2000349 41.4158453)
1305741265,41.4155597,2.2023666,3,,,,,POINT (2.2023666 41.4155597)
1305741270,41.4142289,2.197362,3,,,,,POINT (2.197362 41.4142289)
1305741275,41.4151476,2.1990107,3,,,,,POINT (2.1990107 41.4151476)
1306211534,41.4287361,2.1593484,3,,,,,POINT (2.1593484 41.4287361)
1306211551,41.4284922,2.1577635,3,,,,,POINT (2.1577635 41.4284922)
1306211567,41.3979103,2.2055326,3,,,,,POINT (2.2055326 41.3979103)
1306211579,41.4285921,2.1584643,4,,,,,POINT (2.1584643 41.4285921)
1306211583,41.3978161,2.2054417,3,,,,,POINT (2.2054417 41.3978161)
1307271989,41.4023081,2.173838,3,,,,,POINT (2.173838 41.4023081)
1307272001,41.4115619,2.1738482,3,,,,,POINT (2.1738482 41.4115619)
1307272002,41.4143947,2.1768912,3,,,,,POINT (2.1768912 41.4143947)
1307277321,41.4164173,2.1994733,3,,,,,POINT (2.1994733 41.4164173)
1307297616,41.4076787,2.1939203,3,,,,,POINT (2.1939203 41.4076787)
1307297617,41.4088355,2.1954773,3,,,,,POINT (2.1954773 41.4088355)
1307298337,41.4109318,2.2017386,3,,,,,POINT (2.2017386 41.4109318)
1309411132,41.3671711,2.138501,3,,,,,POINT (2.138501 41.3671711)
1309411137,41.3647988,2.1358441,3,,,,,POINT (2.1358441 41.3647988)
1310620176,41.416743,2.1457028,3,,,,,POINT (2.1457028 41.416743)
1310620177,41.4216215,2.1478764,3,,,,,POINT (2.1478764 41.4216215)
1310620180,41.4216336,2.149415,3,,,,,POINT (2.149415 41.4216336)
1310620192,41.4208755,2.1482958,1,,,,,POINT (2.1482958 41.4208755)
1310620195,41.4206558,2.1494948,3,,,,,POINT (2.1494948 41.4206558)
1311619294,41.3833266,2.1076304,3,,,,,POINT (2.1076304 41.3833266)
1311619305,41.3846348,2.1127884,3,traffic_signals,,,,POINT (2.1127884 41.3846348)
1311619340,41.3940367,2.1496249,4,,,,,POINT (2.1496249 41.3940367)
1311619363,41.3966505,2.1596413,4,,,,,POINT (2.1596413 41.3966505)
1311619365,41.397015,2.1614339,4,,,,,POINT (2.1614339 41.397015)
1311619368,41.3954613,2.1557658,3,,,,,POINT (2.1557658 41.3954613)
1311619392,41.3978905,2.1647664,4,,,,,POINT (2.1647664 41.3978905)
1311619407,41.3974667,2.1631273,4,,,,,POINT (2.1631273 41.3974667)
1311619424,41.3983338,2.166515,4,,,,,POINT (2.166515 41.3983338)
1311619445,41.395562,2.1556638,4,,,,,POINT (2.1556638 41.395562)
1311619485,41.3843799,2.1117845,3,,,,,POINT (2.1117845 41.3843799)
1311619488,41.3953225,2.1547106,4,,,,,POINT (2.1547106 41.3953225)
1311619500,41.3936,2.1479156,4,,,,,POINT (2.1479156 41.3936)
1311619514,41.3967678,2.1604298,3,,,,,POINT (2.1604298 41.3967678)
1311619517,41.3964965,2.1597078,4,,,,,POINT (2.1597078 41.3964965)
1311770048,41.3930628,2.1638093,4,traffic_signals,,,,POINT (2.1638093 41.3930628)
1311770050,41.3897414,2.1678987,3,,,,,POINT (2.1678987 41.3897414)
1311770051,41.3957158,2.1605116,4,traffic_signals,,,,POINT (2.1605116 41.3957158)
1311770053,41.3948365,2.1616117,4,traffic_signals,,,,POINT (2.1616117 41.3948365)
1311773884,41.3936141,2.1501856,3,,,,,POINT (2.1501856 41.3936141)
1311773901,41.3927545,2.1490444,3,,,,,POINT (2.1490444 41.3927545)
1311833055,41.3955502,2.1765136,3,,,,,POINT (2.1765136 41.3955502)
1311833057,41.3911006,2.1799183,4,,,,,POINT (2.1799183 41.3911006)
1311935438,41.396429,2.1846752,4,,,,,POINT (2.1846752 41.396429)
1312053305,41.4228787,2.1899763,3,,,,,POINT (2.1899763 41.4228787)
1312053314,41.4171367,2.1911426,4,,,,,POINT (2.1911426 41.4171367)
1312053315,41.4232257,2.1832403,4,,,,,POINT (2.1832403 41.4232257)
1312053334,41.4229887,2.188868,3,,,,,POINT (2.188868 41.4229887)
1312053337,41.4233061,2.1899558,3,,,,,POINT (2.1899558 41.4233061)
1312053341,41.4212112,2.1783534,3,,,,,POINT (2.1783534 41.4212112)
1312053343,41.422226,2.1845594,4,,,,,POINT (2.1845594 41.422226)
1312053345,41.422764,2.1911537,3,,,,,POINT (2.1911537 41.422764)
1312053352,41.4228229,2.1905388,3,,,,,POINT (2.1905388 41.4228229)
1312053359,41.4210907,2.1789682,3,,,,,POINT (2.1789682 41.4210907)
1312053363,41.4233181,2.1888488,3,,,,,POINT (2.1888488 41.4233181)
1312053365,41.4171843,2.1914127,3,,,,,POINT (2.1914127 41.4171843)
1312053372,41.4229756,2.1856599,4,,,,,POINT (2.1856599 41.4229756)
1312053375,41.4231507,2.1839418,4,,,,,POINT (2.1839418 41.4231507)
1312053384,41.4213693,2.1856733,4,,,,,POINT (2.1856733 41.4213693)
1312339722,41.4329973,2.178317,3,,,,,POINT (2.178317 41.4329973)
1312339723,41.4327319,2.1930147,3,,,,,POINT (2.1930147 41.4327319)
1312339726,41.4363893,2.175748,3,,,,,POINT (2.175748 41.4363893)
1312339728,41.4286505,2.1842695,4,,,,,POINT (2.1842695 41.4286505)
1312339729,41.4318871,2.1782285,3,,,,,POINT (2.1782285 41.4318871)
1312339730,41.4345336,2.1765098,3,,,,,POINT (2.1765098 41.4345336)
1312339733,41.4357403,2.1775439,3,,,,,POINT (2.1775439 41.4357403)
1312339740,41.4279654,2.1892203,3,,,,,POINT (2.1892203 41.4279654)
1312339741,41.42922,2.1916463,1,,,,,POINT (2.1916463 41.42922)
1312339742,41.4348516,2.1767914,4,,,,,POINT (2.1767914 41.4348516)
1312339746,41.438357,2.1776293,3,,,,,POINT (2.1776293 41.438357)
1313793453,41.4340615,2.2059725,4,,,,,POINT (2.2059725 41.4340615)
1313793456,41.433833,2.2030473,3,,,,,POINT (2.2030473 41.433833)
1313793458,41.4339291,2.2043576,3,,,,,POINT (2.2043576 41.4339291)
1313997587,41.4391512,2.1996609,3,,,,,POINT (2.1996609 41.4391512)
1313997591,41.4354566,2.1958958,3,,,,,POINT (2.1958958 41.4354566)
1313997596,41.4325218,2.2005316,1,,,,,POINT (2.2005316 41.4325218)
1313997602,41.4355551,2.1958965,4,,,,,POINT (2.1958965 41.4355551)
1313997603,41.4341431,2.2007231,3,,,,,POINT (2.2007231 41.4341431)
1313997605,41.4341485,2.2001373,3,,,,,POINT (2.2001373 41.4341485)
1314438186,41.4609531,2.184466,1,,,,,POINT (2.184466 41.4609531)
1314438188,41.4603906,2.1836362,3,motorway_junction,,,,POINT (2.1836362 41.4603906)
1314467682,41.4460098,2.179752,3,,,,,POINT (2.179752 41.4460098)
1315972380,41.3867363,2.1070417,3,,,,,POINT (2.1070417 41.3867363)
1316077961,41.4431936,2.180048,4,,,,,POINT (2.180048 41.4431936)
1316077963,41.442673,2.1795998,4,,,,,POINT (2.1795998 41.442673)
1316679282,41.4393392,2.1778804,3,,,,,POINT (2.1778804 41.4393392)
1316679286,41.4399419,2.1784018,4,,,,,POINT (2.1784018 41.4399419)
1316679287,41.4420514,2.1810449,3,,,,,POINT (2.1810449 41.4420514)
1316679293,41.4411809,2.1822627,4,,,,,POINT (2.1822627 41.4411809)
1329812662,41.433817,2.1524132,3,,,,,POINT (2.1524132 41.433817)
1337087205,41.4213361,2.140731,3,,,,,POINT (2.140731 41.4213361)
1337087460,41.4184633,2.1409224,3,,,,,POINT (2.1409224 41.4184633)
1341400287,41.421738,2.1584693,3,,,,,POINT (2.1584693 41.421738)
1341400294,41.4215795,2.158488,3,,,,,POINT (2.158488 41.4215795)
1341408841,41.4203633,2.1584933,3,,,,,POINT (2.1584933 41.4203633)
1341408849,41.4213807,2.159953,1,,,,,POINT (2.159953 41.4213807)
1341455855,41.4197569,2.1562128,3,,,,,POINT (2.1562128 41.4197569)
1349242026,41.4225893,2.1381797,3,,,,,POINT (2.1381797 41.4225893)
1349265459,41.4118782,2.1559731,3,,,,,POINT (2.1559731 41.4118782)
1349534577,41.4108963,2.1120953,3,,,,,POINT (2.1120953 41.4108963)
1349534649,41.4104563,2.1141657,1,,,,,POINT (2.1141657 41.4104563)
1349534663,41.4088684,2.1115635,3,,,,,POINT (2.1115635 41.4088684)
1349534767,41.4095451,2.1140717,3,,,,,POINT (2.1140717 41.4095451)
1349534848,41.4105395,2.1124736,3,,,,,POINT (2.1124736 41.4105395)
1350169980,41.4087226,2.1179153,3,,,,,POINT (2.1179153 41.4087226)
1350170025,41.4086057,2.1202098,3,,,,,POINT (2.1202098 41.4086057)
1350170150,41.4081925,2.1183663,1,turning_circle,,,,POINT (2.1183663 41.4081925)
1350170152,41.4061096,2.1193793,3,,,,,POINT (2.1193793 41.4061096)
1350170218,41.4082296,2.1168297,3,,,,,POINT (2.1168297 41.4082296)
1350170297,41.4095739,2.1183298,1,,,,,POINT (2.1183298 41.4095739)
1350170301,41.4056307,2.1188609,3,,,,,POINT (2.1188609 41.4056307)
1350170314,41.4082273,2.1157499,3,,,,,POINT (2.1157499 41.4082273)
1350170403,41.4080867,2.1181363,1,,,,,POINT (2.1181363 41.4080867)
1350170511,41.4085905,2.1201359,3,,,,,POINT (2.1201359 41.4085905)
1350170559,41.4090492,2.1204704,1,,,,,POINT (2.1204704 41.4090492)
1350170772,41.4093268,2.118585,3,,,,,POINT (2.118585 41.4093268)
1350170848,41.4090913,2.1183185,3,,,,,POINT (2.1183185 41.4090913)
1350170854,41.4148352,2.1131562,1,,,,,POINT (2.1131562 41.4148352)
1350170931,41.4083851,2.1177446,3,,,,,POINT (2.1177446 41.4083851)
1350171034,41.4086519,2.1139239,1,,,,,POINT (2.1139239 41.4086519)
1350171044,41.4081843,2.1161269,3,,,,,POINT (2.1161269 41.4081843)
1350171072,41.4118928,2.110374,3,,,,,POINT (2.110374 41.4118928)
1350171075,41.405237,2.1184348,3,,,,,POINT (2.1184348 41.405237)
1350171109,41.409541,2.1188301,1,,,,,POINT (2.1188301 41.409541)
1350171119,41.4064434,2.117942,1,,,,,POINT (2.117942 41.4064434)
1350171172,41.4128882,2.1245602,1,,,,,POINT (2.1245602 41.4128882)
1350171186,41.4070489,2.1183275,3,,,,,POINT (2.1183275 41.4070489)
1350215915,41.4083246,2.1012976,1,turning_circle,,,,POINT (2.1012976 41.4083246)
1350465926,41.4112394,2.1017277,1,,,,,POINT (2.1017277 41.4112394)
1350465931,41.4130922,2.1012415,3,,,,,POINT (2.1012415 41.4130922)
1350465955,41.4116231,2.0996541,1,turning_circle,,,,POINT (2.0996541 41.4116231)
1350465982,41.4120293,2.1014859,3,,,,,POINT (2.1014859 41.4120293)
1350465987,41.4148569,2.1063701,3,,,,,POINT (2.1063701 41.4148569)
1350465990,41.4150181,2.1087795,3,,,,,POINT (2.1087795 41.4150181)
1350466016,41.416661,2.1059228,3,,,,,POINT (2.1059228 41.416661)
1350466082,41.4157189,2.1080111,3,,,,,POINT (2.1080111 41.4157189)
1350466204,41.4147974,2.1062538,1,,,,,POINT (2.1062538 41.4147974)
1350466211,41.4169899,2.1075911,1,,,,,POINT (2.1075911 41.4169899)
1350466290,41.412233,2.1006586,3,,,,,POINT (2.1006586 41.412233)
1350466429,41.411894,2.1015602,3,,,,,POINT (2.1015602 41.411894)
1350466480,41.4170203,2.1097218,4,,,,,POINT (2.1097218 41.4170203)
1350466509,41.4157332,2.1058244,1,,,,,POINT (2.1058244 41.4157332)
1350466674,41.4189235,2.0984083,3,,,,,POINT (2.0984083 41.4189235)
1350466678,41.413467,2.1027589,1,,,,,POINT (2.1027589 41.413467)
1350466688,41.4148419,2.1045794,3,,,,,POINT (2.1045794 41.4148419)
1350466697,41.4131027,2.1027659,3,,,,,POINT (2.1027659 41.4131027)
1350466712,41.4129102,2.1007793,1,,,,,POINT (2.1007793 41.4129102)
1350466742,41.4151589,2.1090268,3,,,,,POINT (2.1090268 41.4151589)
1350466761,41.4133242,2.1031812,1,,,,,POINT (2.1031812 41.4133242)
1350466776,41.411105,2.1013341,3,,,,,POINT (2.1013341 41.411105)
1350466812,41.4118228,2.0990475,1,turning_circle,,,,POINT (2.0990475 41.4118228)
1350466857,41.4113725,2.1004822,3,,,,,POINT (2.1004822 41.4113725)
1350466885,41.4164185,2.1094526,3,,,,,POINT (2.1094526 41.4164185)
1350466978,41.4154126,2.1085638,3,,,,,POINT (2.1085638 41.4154126)
1350467003,41.413478,2.1054903,1,turning_circle,,,,POINT (2.1054903 41.413478)
1350478836,41.4288856,2.1232579,6,,,,,POINT (2.1232579 41.4288856)
1350478849,41.4286741,2.1233889,3,,,,,POINT (2.1233889 41.4286741)
1350478917,41.4292821,2.1237154,3,,,,,POINT (2.1237154 41.4292821)
1350685765,41.4213359,2.0873215,3,,,,,POINT (2.0873215 41.4213359)
1350685988,41.4210609,2.0864768,1,,,,,POINT (2.0864768 41.4210609)
1350686077,41.4234832,2.0816454,1,,,,,POINT (2.0816454 41.4234832)
1350686227,41.4222246,2.0808356,3,,,,,POINT (2.0808356 41.4222246)
1350686296,41.4170205,2.0940844,1,,,,,POINT (2.0940844 41.4170205)
1350812728,41.4043562,2.1811111,4,,,,,POINT (2.1811111 41.4043562)
1351456765,41.4533221,2.1710319,2,,,,,POINT (2.1710319 41.4533221)
1351489479,41.4200109,2.1448224,1,,,,,POINT (2.1448224 41.4200109)
1357271772,41.40632,2.1487951,3,,,,,POINT (2.1487951 41.40632)
1357271773,41.4170886,2.150699,3,,,,,POINT (2.150699 41.4170886)
1357271791,41.4166666,2.148637,3,,,,,POINT (2.148637 41.4166666)
1357271796,41.4075783,2.1498161,3,,,,,POINT (2.1498161 41.4075783)
1357271808,41.4179295,2.1504595,1,,,,,POINT (2.1504595 41.4179295)
1357271811,41.4058668,2.1476525,3,crossing,,,,POINT (2.1476525 41.4058668)
1357271829,41.4169013,2.1506138,1,,,,,POINT (2.1506138 41.4169013)
1357271844,41.4075704,2.1502204,3,,,,,POINT (2.1502204 41.4075704)
1357271853,41.4169107,2.1508507,1,,,,,POINT (2.1508507 41.4169107)
1362642915,41.382586,2.1147799,1,,,,,POINT (2.1147799 41.382586)
1362899971,41.3944543,2.1513026,4,,,,,POINT (2.1513026 41.3944543)
1362899977,41.3880216,2.1702504,4,,,,,POINT (2.1702504 41.3880216)
1362900007,41.3879226,2.1699505,3,,,,,POINT (2.1699505 41.3879226)
1362900013,41.3930171,2.1456004,4,,,,,POINT (2.1456004 41.3930171)
1363598881,41.4368828,2.205071,4,,,,,POINT (2.205071 41.4368828)
1363598891,41.4370189,2.2061866,3,,,,,POINT (2.2061866 41.4370189)
1363598895,41.4375051,2.2049413,3,,,,,POINT (2.2049413 41.4375051)
1363606986,41.4397348,2.2079324,3,,,,,POINT (2.2079324 41.4397348)
1363702653,41.4084745,2.1649393,4,,,,,POINT (2.1649393 41.4084745)
1363702659,41.4087714,2.1654286,4,,,,,POINT (2.1654286 41.4087714)
1363702666,41.4081404,2.1644,3,,,,,POINT (2.1644 41.4081404)
1365367738,41.4192113,2.1479522,1,,,,,POINT (2.1479522 41.4192113)
1365367835,41.4202011,2.1440836,3,,,,,POINT (2.1440836 41.4202011)
1365367844,41.4210131,2.145782,1,,,,,POINT (2.145782 41.4210131)
1365367852,41.4198046,2.1516822,3,,,,,POINT (2.1516822 41.4198046)
1365781111,41.4268073,2.1500282,3,,,,,POINT (2.1500282 41.4268073)
1365781131,41.4290597,2.1548714,3,,,,,POINT (2.1548714 41.4290597)
1365781145,41.4242458,2.1473924,4,,,,,POINT (2.1473924 41.4242458)
1368518996,41.4019091,2.156748,1,,,,,POINT (2.156748 41.4019091)
1368519130,41.4022446,2.1534085,1,,,,,POINT (2.1534085 41.4022446)
1368519137,41.4015636,2.1540299,3,,,,,POINT (2.1540299 41.4015636)
1368967593,41.400381,2.1635662,3,,,,,POINT (2.1635662 41.400381)
1368967598,41.4020009,2.1589001,3,,,,,POINT (2.1589001 41.4020009)
1368967605,41.3986852,2.1603573,4,,,,,POINT (2.1603573 41.3986852)
1369500099,41.4117247,2.140955,5,traffic_signals,,,,POINT (2.140955 41.4117247)
1370543830,41.4094043,2.0979929,1,,,,,POINT (2.0979929 41.4094043)
1371719281,41.4151867,2.1485717,1,,,,,POINT (2.1485717 41.4151867)
1371719326,41.4127427,2.1521113,1,,,,,POINT (2.1521113 41.4127427)
1374308498,41.3893381,2.1203396,1,turning_circle,,,,POINT (2.1203396 41.3893381)
1374317019,41.3927011,2.103551,1,turning_circle,,,,POINT (2.103551 41.3927011)
1374317025,41.394212,2.1017752,1,,,,,POINT (2.1017752 41.394212)
1374317026,41.3948948,2.1041576,3,,,,,POINT (2.1041576 41.3948948)
1374317034,41.3935168,2.1038132,3,,,,,POINT (2.1038132 41.3935168)
1374317043,41.393379,2.1045291,3,,,,,POINT (2.1045291 41.393379)
1374317062,41.3963684,2.1030984,1,,,,,POINT (2.1030984 41.3963684)
1374319492,41.3968705,2.1081825,3,,,,,POINT (2.1081825 41.3968705)
1374319495,41.3954634,2.103582,3,,,,,POINT (2.103582 41.3954634)
1374319498,41.3962952,2.1059372,3,,,,,POINT (2.1059372 41.3962952)
1374319503,41.3936417,2.10317,3,,,,,POINT (2.10317 41.3936417)
1374319507,41.3953161,2.1049593,3,,,,,POINT (2.1049593 41.3953161)
1374328784,41.3924553,2.1244838,1,,,,,POINT (2.1244838 41.3924553)
1374328791,41.391747,2.1233324,1,,,,,POINT (2.1233324 41.391747)
1374369999,41.4298617,2.0979117,3,,,,,POINT (2.0979117 41.4298617)
1374370024,41.4251016,2.0958757,3,,,,,POINT (2.0958757 41.4251016)
1374370026,41.4251418,2.0926087,3,,,,,POINT (2.0926087 41.4251418)
1374370061,41.4273887,2.0993852,3,,,,,POINT (2.0993852 41.4273887)
1374370100,41.4282379,2.0919445,3,,,,,POINT (2.0919445 41.4282379)
1374370121,41.42663,2.0947516,1,,,,,POINT (2.0947516 41.42663)
1374370182,41.4325063,2.0944661,1,,,,,POINT (2.0944661 41.4325063)
1374370255,41.4243531,2.0977243,1,,,,,POINT (2.0977243 41.4243531)
1374370258,41.4265512,2.1013206,3,,,,,POINT (2.1013206 41.4265512)
1374370319,41.4254992,2.0973682,3,,,,,POINT (2.0973682 41.4254992)
1374370348,41.4264097,2.0979063,3,,,,,POINT (2.0979063 41.4264097)
1374370362,41.4253428,2.0932094,3,,,,,POINT (2.0932094 41.4253428)
1374370366,41.4286242,2.1000619,3,,,,,POINT (2.1000619 41.4286242)
1374370379,41.4262113,2.0977821,3,,,,,POINT (2.0977821 41.4262113)
1374370398,41.4290831,2.0979068,3,,,,,POINT (2.0979068 41.4290831)
1374370416,41.4236318,2.0935303,3,,,,,POINT (2.0935303 41.4236318)
1374370448,41.4305652,2.0928118,3,,,,,POINT (2.0928118 41.4305652)
1374370519,41.4241825,2.0972772,1,,,,,POINT (2.0972772 41.4241825)
1374370529,41.4298042,2.096811,1,,,,,POINT (2.096811 41.4298042)
1374370548,41.4281293,2.0997263,1,,,,,POINT (2.0997263 41.4281293)
1374370568,41.4251225,2.1004411,3,,,,,POINT (2.1004411 41.4251225)
1374370574,41.4283148,2.0967114,3,,,,,POINT (2.0967114 41.4283148)
1374370616,41.4294383,2.0982797,3,,,,,POINT (2.0982797 41.4294383)
1374370619,41.4270103,2.0988769,3,,,,,POINT (2.0988769 41.4270103)
1374370789,41.4253915,2.0991383,3,,,,,POINT (2.0991383 41.4253915)
1374370794,41.4299819,2.1005252,3,,,,,POINT (2.1005252 41.4299819)
1374370817,41.4270365,2.0953084,3,,,,,POINT (2.0953084 41.4270365)
1374370827,41.4261629,2.0964774,3,,,,,POINT (2.0964774 41.4261629)
1374370838,41.4259294,2.092978,3,,,,,POINT (2.092978 41.4259294)
1374370839,41.425548,2.0988267,3,,,,,POINT (2.0988267 41.425548)
1374370842,41.4283569,2.0995218,3,,,,,POINT (2.0995218 41.4283569)
1374370845,41.4258921,2.1013119,3,,,,,POINT (2.1013119 41.4258921)
1374370918,41.428932,2.0977109,4,,,,,POINT (2.0977109 41.428932)
1374370975,41.4317026,2.0939593,3,,,,,POINT (2.0939593 41.4317026)
1374371014,41.4294335,2.0939521,3,,,,,POINT (2.0939521 41.4294335)
1374371016,41.4297024,2.0948622,3,,,,,POINT (2.0948622 41.4297024)
1374538810,41.4235341,2.1479707,1,,,,,POINT (2.1479707 41.4235341)
1374619186,41.4227904,2.147597,3,,,,,POINT (2.147597 41.4227904)
1374636407,41.3820403,2.1632253,3,,,,,POINT (2.1632253 41.3820403)
1374636541,41.3823278,2.1636068,3,,,,,POINT (2.1636068 41.3823278)
1374757788,41.3918891,2.1220798,3,,,,,POINT (2.1220798 41.3918891)
1374757842,41.3909568,2.1203927,3,,,,,POINT (2.1203927 41.3909568)
1374800789,41.3884986,2.1034478,3,,,,,POINT (2.1034478 41.3884986)
1374800910,41.38962,2.1041181,1,,,,,POINT (2.1041181 41.38962)
1374800911,41.3887641,2.1056185,3,,,,,POINT (2.1056185 41.3887641)
1374800915,41.3895029,2.1051518,3,,,,,POINT (2.1051518 41.3895029)
1374800938,41.3889579,2.1049234,4,,,,,POINT (2.1049234 41.3889579)
1374800965,41.3896248,2.1036449,3,,,,,POINT (2.1036449 41.3896248)
1374801002,41.3891467,2.1043188,3,,,,,POINT (2.1043188 41.3891467)
1374801041,41.3885388,2.1050317,1,,,,,POINT (2.1050317 41.3885388)
1374801052,41.3894034,2.105325,3,,,,,POINT (2.105325 41.3894034)
1375061033,41.3912808,2.1310193,3,,,,,POINT (2.1310193 41.3912808)
1375061083,41.3910391,2.1300851,3,,,,,POINT (2.1300851 41.3910391)
1375265147,41.384709,2.1272947,3,speed_camera,,,,POINT (2.1272947 41.384709)
1375265160,41.3938773,2.1325586,3,motorway_junction,,,,POINT (2.1325586 41.3938773)
1375265179,41.3935949,2.1341871,3,,,,,POINT (2.1341871 41.3935949)
1375265188,41.3942999,2.1335061,3,,,,,POINT (2.1335061 41.3942999)
1375265206,41.3920977,2.1348643,3,,,,,POINT (2.1348643 41.3920977)
1375265216,41.3903451,2.1279349,3,,,,,POINT (2.1279349 41.3903451)
1375272349,41.3946832,2.1347124,3,,,,,POINT (2.1347124 41.3946832)
1375272355,41.3947055,2.1348032,4,,,,,POINT (2.1348032 41.3947055)
1375272376,41.39533,2.1372901,3,,,,,POINT (2.1372901 41.39533)
1375278386,41.3883855,2.1244884,1,,,,,POINT (2.1244884 41.3883855)
1375278405,41.3892772,2.1241104,1,,,,,POINT (2.1241104 41.3892772)
1375291089,41.4068192,2.1139335,3,,,,,POINT (2.1139335 41.4068192)
1375310919,41.3892418,2.1682932,5,,,,,POINT (2.1682932 41.3892418)
1375317255,41.3959526,2.1252214,3,,,,,POINT (2.1252214 41.3959526)
1375540269,41.4278087,2.1798164,3,,,,,POINT (2.1798164 41.4278087)
1375697892,41.4092232,2.1583411,3,,,,,POINT (2.1583411 41.4092232)
1375697911,41.4058778,2.1626545,3,,,,,POINT (2.1626545 41.4058778)
1375812340,41.3988373,2.1566825,3,,,,,POINT (2.1566825 41.3988373)
1376141830,41.3909095,2.1264006,3,,,,,POINT (2.1264006 41.3909095)
1376141876,41.3901713,2.1267411,3,,,,,POINT (2.1267411 41.3901713)
1376141879,41.3900372,2.1267988,3,,,,,POINT (2.1267988 41.3900372)
1377225849,41.3964044,2.158998,3,crossing,,,,POINT (2.158998 41.3964044)
1377225908,41.4026451,2.1545993,1,,,,,POINT (2.1545993 41.4026451)
1377806812,41.3928011,2.129642,3,,,,,POINT (2.129642 41.3928011)
1377806816,41.3924859,2.1306198,3,crossing,,,,POINT (2.1306198 41.3924859)
1377806827,41.392514,2.1295941,3,,,,,POINT (2.1295941 41.392514)
1377806835,41.3952551,2.1341965,3,speed_camera,,,,POINT (2.1341965 41.3952551)
1377806846,41.39237,2.1293157,3,,,,,POINT (2.1293157 41.39237)
1377806858,41.3945588,2.1332461,4,,,,,POINT (2.1332461 41.3945588)
1377806863,41.3926045,2.1296599,3,,,,,POINT (2.1296599 41.3926045)
1377806900,41.390337,2.1282136,3,motorway_junction,,,,POINT (2.1282136 41.390337)
1377806906,41.3927035,2.1299594,3,,,,,POINT (2.1299594 41.3927035)
1377842696,41.3925768,2.1332795,2,,,,,POINT (2.1332795 41.3925768)
1377842726,41.3931966,2.1344242,3,,,,,POINT (2.1344242 41.3931966)
1377842738,41.3923809,2.1329176,3,,,,,POINT (2.1329176 41.3923809)
1377933376,41.3897643,2.1200662,3,,,,,POINT (2.1200662 41.3897643)
1377933378,41.3897093,2.1195998,3,,,,,POINT (2.1195998 41.3897093)
1377933400,41.387816,2.1219093,3,,,,,POINT (2.1219093 41.387816)
1377933417,41.3896962,2.1195234,4,,,,,POINT (2.1195234 41.3896962)
1377933441,41.389511,2.1197568,5,,,,,POINT (2.1197568 41.389511)
1378060258,41.3962831,2.1350376,3,,,,,POINT (2.1350376 41.3962831)
1378060284,41.395437,2.1344033,3,,,,,POINT (2.1344033 41.395437)
1378060301,41.395862,2.1354429,4,,,,,POINT (2.1354429 41.395862)
1378073780,41.3903841,2.1391355,3,,,,,POINT (2.1391355 41.3903841)
1378073789,41.390103,2.1394246,3,,,,,POINT (2.1394246 41.390103)
1378087178,41.389485,2.1375499,2,,,,,POINT (2.1375499 41.389485)
1378087192,41.3875507,2.1364001,3,,,,,POINT (2.1364001 41.3875507)
1378087232,41.3877226,2.1351536,3,,,,,POINT (2.1351536 41.3877226)
1378894231,41.3929147,2.1457266,3,,,,,POINT (2.1457266 41.3929147)
1378950924,41.3922495,2.1291802,3,,,,,POINT (2.1291802 41.3922495)
1378950933,41.3922256,2.129347,3,motorway_junction,,,,POINT (2.129347 41.3922256)
1378987648,41.3911652,2.1300308,2,,,,,POINT (2.1300308 41.3911652)
1378987659,41.3908207,2.128641,3,,,,,POINT (2.128641 41.3908207)
1379008700,41.3900876,2.1290054,3,,,,,POINT (2.1290054 41.3900876)
1379023475,41.3752377,2.1496463,3,,,,,POINT (2.1496463 41.3752377)
1381852561,41.4127748,2.1676202,5,,,,,POINT (2.1676202 41.4127748)
1381852565,41.4126841,2.1678464,3,,,,,POINT (2.1678464 41.4126841)
1381889356,41.4360118,2.2033651,3,,,,,POINT (2.2033651 41.4360118)
1381889412,41.435353,2.2039968,1,,,,,POINT (2.2039968 41.435353)
1381889414,41.4339357,2.2044386,3,,,,,POINT (2.2044386 41.4339357)
1381889435,41.43612,2.2044566,3,,,,,POINT (2.2044566 41.43612)
1381889445,41.4343875,2.2043608,3,,,,,POINT (2.2043608 41.4343875)
1381912176,41.4351839,2.2071588,3,,,,,POINT (2.2071588 41.4351839)
1381912196,41.4361256,2.1926687,3,,,,,POINT (2.1926687 41.4361256)
1381912272,41.4350816,2.2062457,1,,,,,POINT (2.2062457 41.4350816)
1382873516,41.3870479,2.1430189,3,,,,,POINT (2.1430189 41.3870479)
1382873523,41.3887522,2.1430186,4,,,,,POINT (2.1430186 41.3887522)
1382873535,41.388701,2.1433866,3,,,,,POINT (2.1433866 41.388701)
1382873554,41.3840713,2.1423648,3,,,,,POINT (2.1423648 41.3840713)
1382873567,41.3904785,2.1438377,4,,,,,POINT (2.1438377 41.3904785)
1382873572,41.3892388,2.1431477,3,,,,,POINT (2.1431477 41.3892388)
1382873574,41.3861351,2.142512,3,,,,,POINT (2.142512 41.3861351)
1382873591,41.3840638,2.1427213,4,,,,,POINT (2.1427213 41.3840638)
1382873617,41.3913107,2.1440859,3,,,,,POINT (2.1440859 41.3913107)
1382873656,41.386114,2.1428735,3,,,,,POINT (2.1428735 41.386114)
1382873680,41.3899029,2.1436824,3,,,,,POINT (2.1436824 41.3899029)
1382922538,41.3894808,2.1680307,4,,,,,POINT (2.1680307 41.3894808)
1396408886,41.403927,2.1726255,3,,,,,POINT (2.1726255 41.403927)
1396408887,41.4049096,2.1738981,3,,,,,POINT (2.1738981 41.4049096)
1400442248,41.388554,2.1696172,4,,,,,POINT (2.1696172 41.388554)
1400442249,41.3891408,2.1686482,3,,,,,POINT (2.1686482 41.3891408)
1400448338,41.3882883,2.1667365,3,crossing,,,,POINT (2.1667365 41.3882883)
1400448339,41.3883565,2.1670115,4,,,,,POINT (2.1670115 41.3883565)
1400465774,41.3879722,2.1701078,4,,,,,POINT (2.1701078 41.3879722)
1400530691,41.3846704,2.171794,1,,,,,POINT (2.171794 41.3846704)
1400544019,41.3795415,2.1670876,3,,,,,POINT (2.1670876 41.3795415)
1400544022,41.3805234,2.166689,3,crossing,,,,POINT (2.166689 41.3805234)
1400693886,41.3779905,2.1793565,3,,,,,POINT (2.1793565 41.3779905)
1400693909,41.3782817,2.1785285,3,,,,,POINT (2.1785285 41.3782817)
1400723037,41.3813067,2.1733006,4,,,,,POINT (2.1733006 41.3813067)
1400723038,41.3813333,2.1733545,2,,,,,POINT (2.1733545 41.3813333)
1400723068,41.3830559,2.1717935,4,,,,,POINT (2.1717935 41.3830559)
1400723069,41.3830628,2.1718096,1,,,,,POINT (2.1718096 41.3830628)
1400723087,41.3846558,2.1708053,3,,,,,POINT (2.1708053 41.3846558)
1400747727,41.3782637,2.1758994,3,,,,,POINT (2.1758994 41.3782637)
1400747751,41.379615,2.1754608,1,,,,,POINT (2.1754608 41.379615)
1400747755,41.3799449,2.1758921,1,,,,,POINT (2.1758921 41.3799449)
1401568849,41.3706645,2.1744713,3,,,,,POINT (2.1744713 41.3706645)
1401592166,41.3731221,2.1772089,3,,,,,POINT (2.1772089 41.3731221)
1401592250,41.3735332,2.1775017,3,,,,,POINT (2.1775017 41.3735332)
1401840772,41.3836531,2.1895261,3,motorway_junction,22,,,POINT (2.1895261 41.3836531)
1401840803,41.3857217,2.1934864,3,,,,,POINT (2.1934864 41.3857217)
1401840805,41.3867284,2.1942285,3,,,,,POINT (2.1942285 41.3867284)
1401841446,41.382805,2.1911294,3,,,,,POINT (2.1911294 41.382805)
1401857361,41.3845358,2.1911475,3,,,,,POINT (2.1911475 41.3845358)
1401857363,41.3847681,2.1911796,3,,,,,POINT (2.1911796 41.3847681)
1401857392,41.3868484,2.194794,3,motorway_junction,22,,,POINT (2.194794 41.3868484)
1402845495,41.3827712,2.1869777,3,,,,,POINT (2.1869777 41.3827712)
1402987469,41.3862768,2.1866373,2,,,,,POINT (2.1866373 41.3862768)
1403028665,41.3817905,2.1866326,3,,,,,POINT (2.1866326 41.3817905)
1403050970,41.3800066,2.1878426,3,,,,,POINT (2.1878426 41.3800066)
1403050972,41.3800863,2.1881841,3,,,,,POINT (2.1881841 41.3800863)
1403075656,41.3787078,2.1911798,3,,,,,POINT (2.1911798 41.3787078)
1403082237,41.3782482,2.1891103,4,,,,,POINT (2.1891103 41.3782482)
1404124266,41.3787851,2.1915421,3,,,,,POINT (2.1915421 41.3787851)
1404133894,41.380615,2.191988,2,,,,,POINT (2.191988 41.380615)
1404317225,41.3708623,2.173813,3,,,,,POINT (2.173813 41.3708623)
1404850802,41.3704002,2.15527,3,,,,,POINT (2.15527 41.3704002)
1418737335,41.3841828,2.1423703,3,,,,,POINT (2.1423703 41.3841828)
1420002195,41.4157982,2.2020549,3,,,,,POINT (2.2020549 41.4157982)
1420002196,41.4166549,2.2032073,3,,,,,POINT (2.2032073 41.4166549)
1421429965,41.4098907,2.1760165,3,,,,,POINT (2.1760165 41.4098907)
1421429967,41.4102409,2.1764929,1,,,,,POINT (2.1764929 41.4102409)
1425252273,41.3792131,2.1078668,3,,,,,POINT (2.1078668 41.3792131)
1425252279,41.3794804,2.1078902,3,crossing,,,,POINT (2.1078902 41.3794804)
1425252289,41.3794957,2.108314,3,,,,,POINT (2.108314 41.3794957)
1431153130,41.4396519,2.1496497,1,,,,,POINT (2.1496497 41.4396519)
1431153131,41.4397299,2.1475468,3,,,,,POINT (2.1475468 41.4397299)
1431153170,41.4402961,2.1487089,3,,,,,POINT (2.1487089 41.4402961)
1431153195,41.4407493,2.1479511,1,,,,,POINT (2.1479511 41.4407493)
1431153198,41.4408664,2.1483789,3,,,,,POINT (2.1483789 41.4408664)
1431153202,41.4410893,2.1485892,3,,,,,POINT (2.1485892 41.4410893)
1437748515,41.4383451,2.1798402,3,,,,,POINT (2.1798402 41.4383451)
1437748517,41.4386189,2.1793335,1,,,,,POINT (2.1793335 41.4386189)
1437748518,41.4423189,2.1757327,3,,,,,POINT (2.1757327 41.4423189)
1437748520,41.4430062,2.1767396,3,,,,,POINT (2.1767396 41.4430062)
1437748521,41.442744,2.1721862,3,,,,,POINT (2.1721862 41.442744)
1437748523,41.4438745,2.1745639,3,,,,,POINT (2.1745639 41.4438745)
1437748528,41.4418528,2.1638045,3,,,,,POINT (2.1638045 41.4418528)
1437748533,41.4409915,2.1643786,3,,,,,POINT (2.1643786 41.4409915)
1445340178,41.4008128,2.1613715,2,crossing,,,,POINT (2.1613715 41.4008128)
1445340182,41.4006979,2.1613748,2,,,,,POINT (2.1613748 41.4006979)
1445340186,41.4008017,2.1615288,2,crossing,,,,POINT (2.1615288 41.4008017)
1450713617,41.3971082,2.1552691,3,,,,,POINT (2.1552691 41.3971082)
1454439246,41.4115642,2.1432936,3,,,,,POINT (2.1432936 41.4115642)
1454439253,41.4118376,2.1447482,3,,,,,POINT (2.1447482 41.4118376)
1457780021,41.4011969,2.1488768,3,,,,,POINT (2.1488768 41.4011969)
1457780043,41.4010614,2.1512261,3,,,,,POINT (2.1512261 41.4010614)
1457780109,41.4005731,2.1510939,5,,,,,POINT (2.1510939 41.4005731)
1457780180,41.400781,2.1511588,3,,,,,POINT (2.1511588 41.400781)
1457780310,41.4004422,2.1512907,3,,,,,POINT (2.1512907 41.4004422)
1457931649,41.3979058,2.1577875,3,,,,,POINT (2.1577875 41.3979058)
1458200694,41.4103607,2.1368329,3,,,,,POINT (2.1368329 41.4103607)
1465896597,41.4309912,2.0954888,3,,,,,POINT (2.0954888 41.4309912)
1469158191,41.3925002,2.1437709,3,crossing,,,,POINT (2.1437709 41.3925002)
1474941218,41.4152615,2.1757494,3,,,,,POINT (2.1757494 41.4152615)
1474941219,41.4158423,2.1765303,3,,,,,POINT (2.1765303 41.4158423)
1475044288,41.3863534,2.1375667,3,traffic_signals,,,,POINT (2.1375667 41.3863534)
1475044289,41.3865423,2.1415503,3,,,,,POINT (2.1415503 41.3865423)
1475044290,41.3857441,2.1403314,3,,,,,POINT (2.1403314 41.3857441)
1477718847,41.3820768,2.1362824,4,,,,,POINT (2.1362824 41.3820768)
1478096130,41.3890729,2.1184427,1,,,,,POINT (2.1184427 41.3890729)
1479161502,41.3886086,2.1831008,3,,,,,POINT (2.1831008 41.3886086)
1479161523,41.3886724,2.1830153,4,,,,,POINT (2.1830153 41.3886724)
1479161820,41.3892513,2.183792,4,,,,,POINT (2.183792 41.3892513)
1479334626,41.3852037,2.1545067,3,,,,,POINT (2.1545067 41.3852037)
1479334690,41.3845815,2.1530596,4,,,,,POINT (2.1530596 41.3845815)
1479334726,41.3841716,2.1513381,4,,,,,POINT (2.1513381 41.3841716)
1479334732,41.381675,2.1456129,4,,,,,POINT (2.1456129 41.381675)
1479334771,41.38393,2.1516694,5,traffic_signals,,,,POINT (2.1516694 41.38393)
1479334811,41.3811757,2.1446585,3,,,,,POINT (2.1446585 41.3811757)
1479334819,41.3827043,2.1487689,4,,,,,POINT (2.1487689 41.3827043)
1479334850,41.3827491,2.148031,3,,,,,POINT (2.148031 41.3827491)
1479334853,41.3829403,2.1484786,4,,,,,POINT (2.1484786 41.3829403)
1479334855,41.3840927,2.1518927,3,crossing,,,,POINT (2.1518927 41.3840927)
1479334879,41.3814906,2.1458628,4,,,,,POINT (2.1458628 41.3814906)
1479334886,41.3820801,2.1473506,4,,,,,POINT (2.1473506 41.3820801)
1479334897,41.3835529,2.1499229,4,,,,,POINT (2.1499229 41.3835529)
1479334915,41.3833406,2.1502143,4,,,,,POINT (2.1502143 41.3833406)
1479334935,41.3815859,2.1457331,4,,,,,POINT (2.1457331 41.3815859)
1479334951,41.3823041,2.1470534,4,,,,,POINT (2.1470534 41.3823041)
1479390211,41.3917263,2.1392247,4,,,,,POINT (2.1392247 41.3917263)
1479390232,41.3924095,2.1419253,3,,,,,POINT (2.1419253 41.3924095)
1479390512,41.3922735,2.141399,3,,,,,POINT (2.141399 41.3922735)
1479422496,41.4118676,2.1650598,3,crossing,,,,POINT (2.1650598 41.4118676)
1479422538,41.4122153,2.1672671,3,,,,,POINT (2.1672671 41.4122153)
1479422555,41.4118388,2.1646528,5,,,,,POINT (2.1646528 41.4118388)
1479422584,41.4390256,2.1570782,3,,,,,POINT (2.1570782 41.4390256)
1480306510,41.4300986,2.1445685,3,,,,,POINT (2.1445685 41.4300986)
1482182626,41.4025648,2.1151807,3,,,,,POINT (2.1151807 41.4025648)
1482182667,41.3989668,2.1132507,3,,,,,POINT (2.1132507 41.3989668)
1482414572,41.4103189,2.1754681,4,,,,,POINT (2.1754681 41.4103189)
1482469049,41.369419,2.1306834,3,,,,,POINT (2.1306834 41.369419)
1483794627,41.414161,2.1341404,4,,,,,POINT (2.1341404 41.414161)
1483794695,41.4141,2.1328421,1,,,,,POINT (2.1328421 41.4141)
1483860745,41.3943589,2.112431,3,traffic_signals,,,,POINT (2.112431 41.3943589)
1483860784,41.3946652,2.1131831,4,traffic_signals,,,,POINT (2.1131831 41.3946652)
1483860797,41.3948336,2.1132668,3,,,,,POINT (2.1132668 41.3948336)
1483861011,41.3945192,2.1130233,4,,,,,POINT (2.1130233 41.3945192)
1483861162,41.3952689,2.1134907,3,crossing,,,,POINT (2.1134907 41.3952689)
1483861180,41.39435,2.1127012,3,,,,,POINT (2.1127012 41.39435)
1484164576,41.3868082,2.1881204,3,,,,,POINT (2.1881204 41.3868082)
1484829140,41.4030203,2.1099333,3,,,,,POINT (2.1099333 41.4030203)
1484829160,41.4021516,2.109101,3,,,,,POINT (2.109101 41.4021516)
1484829178,41.4026932,2.1095022,4,,,,,POINT (2.1095022 41.4026932)
1484829187,41.4028553,2.1089457,1,,,,,POINT (2.1089457 41.4028553)
1484829198,41.4020557,2.1109751,3,,,,,POINT (2.1109751 41.4020557)
1485622254,41.3973111,2.1544967,3,,,,,POINT (2.1544967 41.3973111)
1485622290,41.3972381,2.15437,3,,,,,POINT (2.15437 41.3972381)
1487126963,41.4022572,2.1669902,3,,,,,POINT (2.1669902 41.4022572)
1487126966,41.4039543,2.1647243,3,,,,,POINT (2.1647243 41.4039543)
1487379449,41.4083101,2.1468438,3,,,,,POINT (2.1468438 41.4083101)
1495940226,41.3749154,2.1668054,3,,,,,POINT (2.1668054 41.3749154)
1496385006,41.3985932,2.140296,3,,,,,POINT (2.140296 41.3985932)
1496385009,41.3982423,2.1405925,1,,,,,POINT (2.1405925 41.3982423)
1496385013,41.3984979,2.1404269,3,,,,,POINT (2.1404269 41.3984979)
1496396360,41.4010364,2.1359303,4,,,,,POINT (2.1359303 41.4010364)
1496412815,41.3969485,2.1405573,3,,,,,POINT (2.1405573 41.3969485)
1500032695,41.3775436,2.1449548,4,,,,,POINT (2.1449548 41.3775436)
1500032696,41.3779553,2.1460663,3,,,,,POINT (2.1460663 41.3779553)
1503027492,41.4133123,2.1626919,1,,,,,POINT (2.1626919 41.4133123)
1503027493,41.414014,2.1621002,3,,,,,POINT (2.1621002 41.414014)
1506154303,41.4166556,2.1611013,3,,,,,POINT (2.1611013 41.4166556)
1506156402,41.4150689,2.1597382,3,,,,,POINT (2.1597382 41.4150689)
1506156403,41.415493,2.1604325,3,,,,,POINT (2.1604325 41.415493)
1514106958,41.3716067,2.1628335,4,,,,,POINT (2.1628335 41.3716067)
1514106960,41.3719837,2.1610494,4,,,,,POINT (2.1610494 41.3719837)
1514106961,41.372127,2.1603748,4,,,,,POINT (2.1603748 41.372127)
1520175201,41.32279,2.1328085,3,,,,,POINT (2.1328085 41.32279)
1520865918,41.4172708,2.1650776,1,,,,,POINT (2.1650776 41.4172708)
1526422833,41.4096786,2.1372992,3,,,,,POINT (2.1372992 41.4096786)
1526422858,41.4100785,2.1362402,3,,,,,POINT (2.1362402 41.4100785)
1526422877,41.4102755,2.1366547,3,,,,,POINT (2.1366547 41.4102755)
1526542622,41.41498,2.1359623,3,,,,,POINT (2.1359623 41.41498)
1526542623,41.4150261,2.136071,3,,,,,POINT (2.136071 41.4150261)
1526596963,41.4052418,2.1246176,4,,,,,POINT (2.1246176 41.4052418)
1526596969,41.4058315,2.1257215,3,,,,,POINT (2.1257215 41.4058315)
1528717122,41.3759308,2.123183,3,,,,,POINT (2.123183 41.3759308)
1528727077,41.375308,2.1222406,3,,,,,POINT (2.1222406 41.375308)
1528727078,41.3752883,2.123264,3,,,,,POINT (2.123264 41.3752883)
1528732109,41.3872267,2.106055,3,traffic_signals,,,,POINT (2.106055 41.3872267)
1528760851,41.3837224,2.1310717,3,,,,,POINT (2.1310717 41.3837224)
1531776760,41.3763886,2.1299475,3,,,,,POINT (2.1299475 41.3763886)
1532752077,41.3796744,2.1482621,4,,,,,POINT (2.1482621 41.3796744)
1532752078,41.380524,2.1494024,4,,,,,POINT (2.1494024 41.380524)
1532752080,41.3822345,2.1516973,4,,,,,POINT (2.1516973 41.3822345)
1532752081,41.3830884,2.1528151,4,,,,,POINT (2.1528151 41.3830884)
1532752084,41.3847914,2.1550811,4,,,,,POINT (2.1550811 41.3847914)
1532752086,41.3856358,2.1561914,4,,,,,POINT (2.1561914 41.3856358)
1532947097,41.4185013,2.1319728,2,,,,,POINT (2.1319728 41.4185013)
1532984315,41.4216101,2.1494658,3,,,,,POINT (2.1494658 41.4216101)
1532984342,41.4216258,2.1512083,4,,,,,POINT (2.1512083 41.4216258)
1532984351,41.421797,2.1525158,3,,,,,POINT (2.1525158 41.421797)
1532984392,41.4226455,2.1542302,3,,,,,POINT (2.1542302 41.4226455)
1533311123,41.4244423,2.1414657,3,,,,,POINT (2.1414657 41.4244423)
1534112202,41.4215691,2.1532051,1,,,,,POINT (2.1532051 41.4215691)
1534112204,41.4279902,2.1715892,3,,,,,POINT (2.1715892 41.4279902)
1534156659,41.4020149,2.1666312,3,,,,,POINT (2.1666312 41.4020149)
1542408939,41.4133244,2.1559339,1,,,,,POINT (2.1559339 41.4133244)
1551112026,41.3947074,2.1271543,3,,,,,POINT (2.1271543 41.3947074)
1551112035,41.3940655,2.1279897,4,traffic_signals,,,,POINT (2.1279897 41.3940655)
1551112040,41.3970795,2.1270908,3,,,,,POINT (2.1270908 41.3970795)
1551112054,41.3950893,2.1256658,3,,,,,POINT (2.1256658 41.3950893)
1555628857,41.3787278,2.117549,3,,,,,POINT (2.117549 41.3787278)
1567090304,41.3883629,2.1051527,1,,,,,POINT (2.1051527 41.3883629)
1567435229,41.3880203,2.1070542,3,,,,,POINT (2.1070542 41.3880203)
1575396667,41.3721805,2.1588548,3,,,,,POINT (2.1588548 41.3721805)
1584415322,41.3968832,2.1267961,3,,,,,POINT (2.1267961 41.3968832)
1584415327,41.3984333,2.1249268,3,,,,,POINT (2.1249268 41.3984333)
1588281289,41.4283049,2.1597738,3,,,,,POINT (2.1597738 41.4283049)
1588281317,41.4277447,2.1601578,3,,,,,POINT (2.1601578 41.4277447)
1588281327,41.4278774,2.1644491,3,,,,,POINT (2.1644491 41.4278774)
1588285136,41.4292515,2.1623881,3,,,,,POINT (2.1623881 41.4292515)
1589583429,41.3864995,2.1528206,4,,,,,POINT (2.1528206 41.3864995)
1589583464,41.3897698,2.1484546,3,crossing,,,,POINT (2.1484546 41.3897698)
1592978370,41.41734,2.1751815,4,,,,,POINT (2.1751815 41.41734)
1595126752,41.3756783,2.1217654,4,,,,,POINT (2.1217654 41.3756783)
1595240068,41.3820335,2.1902381,4,,,,,POINT (2.1902381 41.3820335)
1595524645,41.397797,2.1273869,3,,,,,POINT (2.1273869 41.397797)
1599255986,41.4654265,2.183998,3,,,,,POINT (2.183998 41.4654265)
1599256199,41.4657425,2.1804739,3,,,,,POINT (2.1804739 41.4657425)
1599256238,41.4673694,2.1826511,3,,,,,POINT (2.1826511 41.4673694)
1599256242,41.4631712,2.1828386,3,,,,,POINT (2.1828386 41.4631712)
1599256331,41.4660494,2.1855164,3,,,,,POINT (2.1855164 41.4660494)
1599256602,41.4672626,2.1804068,3,,,,,POINT (2.1804068 41.4672626)
1599256614,41.4670804,2.1863041,1,turning_circle,,,,POINT (2.1863041 41.4670804)
1601776162,41.4085224,2.2072039,3,,,,,POINT (2.2072039 41.4085224)
1601776177,41.4097201,2.1901701,3,,,,,POINT (2.1901701 41.4097201)
1601776191,41.4102339,2.1872484,1,crossing,,,,POINT (2.1872484 41.4102339)
1601776198,41.4113722,2.1906992,3,,,,,POINT (2.1906992 41.4113722)
1603753674,41.4088946,2.1870111,4,,,,,POINT (2.1870111 41.4088946)
1610134825,41.3773758,2.111095,3,,,,,POINT (2.111095 41.3773758)
1610134946,41.3771104,2.1115438,3,,,,,POINT (2.1115438 41.3771104)
1613639964,41.3366727,2.1102505,4,,,,,POINT (2.1102505 41.3366727)
1613639987,41.336409,2.1103042,3,,,,,POINT (2.1103042 41.336409)
1613639990,41.3371927,2.109435,3,,,,,POINT (2.109435 41.3371927)
1613639993,41.3369408,2.1092851,3,,,,,POINT (2.1092851 41.3369408)
1613639995,41.3380416,2.1139321,1,,,,,POINT (2.1139321 41.3380416)
1613654079,41.3360564,2.1108501,3,,,,,POINT (2.1108501 41.3360564)
1613654102,41.3368992,2.109721,3,,,,,POINT (2.109721 41.3368992)
1613654137,41.3355655,2.111953,6,,,,,POINT (2.111953 41.3355655)
1613677358,41.3375048,2.1150526,3,,,,,POINT (2.1150526 41.3375048)
1613677369,41.3394361,2.115613,3,motorway_junction,,,,POINT (2.115613 41.3394361)
1613682412,41.3393286,2.1199529,3,,,,,POINT (2.1199529 41.3393286)
1613682425,41.3401982,2.1207391,3,,,,,POINT (2.1207391 41.3401982)
1613682427,41.3381661,2.1237309,3,,,,,POINT (2.1237309 41.3381661)
1613682460,41.3388624,2.1190415,3,,,,,POINT (2.1190415 41.3388624)
1613682462,41.3390897,2.1166669,3,,,,,POINT (2.1166669 41.3390897)
1614010928,41.4010739,2.1470673,3,,,,,POINT (2.1470673 41.4010739)
1614010934,41.4011464,2.1475989,4,,,,,POINT (2.1475989 41.4011464)
1621899798,41.395596,2.1971806,4,,,,,POINT (2.1971806 41.395596)
1621899817,41.3913682,2.1915306,4,,,,,POINT (2.1915306 41.3913682)
1621899818,41.398148,2.2006048,4,,,,,POINT (2.2006048 41.398148)
1621899820,41.3977301,2.2000318,3,,,,,POINT (2.2000318 41.3977301)
1621899821,41.3939711,2.1950198,4,,,,,POINT (2.1950198 41.3939711)
1621899823,41.3921787,2.1926017,4,,,,,POINT (2.1926017 41.3921787)
1621899825,41.3948201,2.196133,4,,,,,POINT (2.196133 41.3948201)
1621899827,41.3905113,2.1903794,3,,,,,POINT (2.1903794 41.3905113)
1621899831,41.3964415,2.1983256,4,,,,,POINT (2.1983256 41.3964415)
1621899834,41.3930257,2.1937486,4,,,,,POINT (2.1937486 41.3930257)
1621899836,41.3972918,2.1994562,4,,,,,POINT (2.1994562 41.3972918)
1621904452,41.3989939,2.2017362,4,,,,,POINT (2.2017362 41.3989939)
1621904464,41.3976685,2.2034846,3,,,,,POINT (2.2034846 41.3976685)
1622002024,41.3904382,2.1925558,4,,,,,POINT (2.1925558 41.3904382)
1622002042,41.3912913,2.191427,4,,,,,POINT (2.191427 41.3912913)
1622002046,41.3879402,2.1958664,3,,,,,POINT (2.1958664 41.3879402)
1622039313,41.4205326,2.1981195,2,,,,,POINT (2.1981195 41.4205326)
1622039316,41.422918,2.2020708,3,,,,,POINT (2.2020708 41.422918)
1622039317,41.4209244,2.205472,4,,,,,POINT (2.205472 41.4209244)
1622039330,41.4208792,2.2044118,3,,,,,POINT (2.2044118 41.4208792)
1622039331,41.425166,2.2001314,3,,,,,POINT (2.2001314 41.425166)
1622039335,41.4230277,2.2026027,3,,,,,POINT (2.2026027 41.4230277)
1622039347,41.4211763,2.2033324,3,,,,,POINT (2.2033324 41.4211763)
1622039362,41.4225657,2.1983503,3,,,,,POINT (2.1983503 41.4225657)
1622039363,41.423668,2.1987494,4,,,,,POINT (2.1987494 41.423668)
1622039365,41.4200634,2.2065981,3,,,,,POINT (2.2065981 41.4200634)
1622477098,41.3326749,2.110873,3,,,,,POINT (2.110873 41.3326749)
1622477296,41.3325979,2.1108042,3,,,,,POINT (2.1108042 41.3325979)
1622482873,41.3330749,2.111414,3,,,,,POINT (2.111414 41.3330749)
1623558813,41.4128278,2.1878939,3,,,,,POINT (2.1878939 41.4128278)
1623835960,41.4239275,2.191116,4,,,,,POINT (2.191116 41.4239275)
1623835961,41.4239648,2.187555,3,crossing,,,,POINT (2.187555 41.4239648)
1623835963,41.4240358,2.1904683,4,,,,,POINT (2.1904683 41.4240358)
1623835965,41.4240192,2.1899212,4,,,,,POINT (2.1899212 41.4240192)
1623835968,41.4239934,2.188815,4,,,,,POINT (2.188815 41.4239934)
1623838327,41.4228646,2.1875214,3,,,,,POINT (2.1875214 41.4228646)
1624143902,41.4289832,2.1913429,3,,,,,POINT (2.1913429 41.4289832)
1624364336,41.3727561,2.1268415,4,crossing,,,,POINT (2.1268415 41.3727561)
1624948207,41.3885581,2.1442447,3,,,,,POINT (2.1442447 41.3885581)
1624948210,41.3876975,2.1453756,3,,,,,POINT (2.1453756 41.3876975)
1635327538,41.4367382,2.1731658,3,,,,,POINT (2.1731658 41.4367382)
1636238502,41.3774214,2.1899929,4,,,,,POINT (2.1899929 41.3774214)
1636238503,41.3781687,2.1887523,4,,,,,POINT (2.1887523 41.3781687)
1636238504,41.3783619,2.1896221,4,,,,,POINT (2.1896221 41.3783619)
1636238506,41.3791469,2.1893127,4,,,,,POINT (2.1893127 41.3791469)
1636238518,41.3800456,2.1880165,3,,,,,POINT (2.1880165 41.3800456)
1636238520,41.380328,2.1907252,4,,,,,POINT (2.1907252 41.380328)
1636238522,41.3807348,2.1886866,3,,,,,POINT (2.1886866 41.3807348)
1636238523,41.3811713,2.1905874,3,,,,,POINT (2.1905874 41.3811713)
1636238524,41.3819751,2.1874452,4,,,,,POINT (2.1874452 41.3819751)
1636238525,41.3821242,2.1881226,4,,,,,POINT (2.1881226 41.3821242)
1636238526,41.3822814,2.1888257,4,,,,,POINT (2.1888257 41.3822814)
1645362844,41.3888386,2.1371588,4,,,,,POINT (2.1371588 41.3888386)
1652620972,41.4183683,2.1952512,3,,,,,POINT (2.1952512 41.4183683)
1652627158,41.4167186,2.1953178,4,,,,,POINT (2.1953178 41.4167186)
1652627160,41.4166589,2.1952377,4,,,,,POINT (2.1952377 41.4166589)
1654368576,41.3949531,2.1870767,3,,,,,POINT (2.1870767 41.3949531)
1666958583,41.3752951,2.124575,1,,,,,POINT (2.124575 41.3752951)
1666958604,41.3747679,2.1250261,3,,,,,POINT (2.1250261 41.3747679)
1684889804,41.3685772,2.1453168,3,,,,,POINT (2.1453168 41.3685772)
1684889811,41.3705949,2.1467403,3,,,,,POINT (2.1467403 41.3705949)
1684889825,41.3690986,2.1447107,3,,,,,POINT (2.1447107 41.3690986)
1684908534,41.3703698,2.1452468,3,,,,,POINT (2.1452468 41.3703698)
1695056491,41.4107908,2.1662063,3,,,,,POINT (2.1662063 41.4107908)
1695059619,41.4113311,2.1683168,3,,,,,POINT (2.1683168 41.4113311)
1695062667,41.4120979,2.1688069,3,,,,,POINT (2.1688069 41.4120979)
1695219620,41.4251371,2.1524123,3,,,,,POINT (2.1524123 41.4251371)
1695219624,41.4251373,2.1522441,3,,,,,POINT (2.1522441 41.4251373)
1695228276,41.4236451,2.1433974,3,,,,,POINT (2.1433974 41.4236451)
1695239287,41.4111424,2.1467965,2,,,,,POINT (2.1467965 41.4111424)
1695282547,41.4268369,2.1757711,3,,,,,POINT (2.1757711 41.4268369)
1695282549,41.4271145,2.1702478,3,,,yes,,POINT (2.1702478 41.4271145)
1695282555,41.4273634,2.1688379,3,,,yes,,POINT (2.1688379 41.4273634)
1695282559,41.4275014,2.1688705,3,,,,,POINT (2.1688705 41.4275014)
1695282562,41.4277151,2.1728129,3,,,,,POINT (2.1728129 41.4277151)
1695282564,41.427693,2.1735338,3,,,,,POINT (2.1735338 41.427693)
1695282572,41.4278056,2.1697953,4,,,,,POINT (2.1697953 41.4278056)
1695282574,41.4278175,2.1648958,3,,,yes,,POINT (2.1648958 41.4278175)
1695282575,41.4279427,2.1749136,4,,,,,POINT (2.1749136 41.4279427)
1695282579,41.4281794,2.1665541,3,,,,,POINT (2.1665541 41.4281794)
1695282581,41.428142,2.1684287,4,,,,,POINT (2.1684287 41.428142)
1695282583,41.4281497,2.1710637,3,,,,,POINT (2.1710637 41.4281497)
1695282584,41.4282036,2.1708579,3,,,,,POINT (2.1708579 41.4282036)
1695282592,41.4284567,2.1673186,3,,,,,POINT (2.1673186 41.4284567)
1695282594,41.4286214,2.1660907,3,,,,,POINT (2.1660907 41.4286214)
1695282596,41.4287252,2.1709596,4,,,,,POINT (2.1709596 41.4287252)
1695282598,41.4287218,2.1680541,3,,,,,POINT (2.1680541 41.4287218)
1695282600,41.4287489,2.1716708,3,crossing,,,,POINT (2.1716708 41.4287489)
1695282603,41.4288329,2.1681195,4,,,,,POINT (2.1681195 41.4288329)
1695282604,41.4288078,2.1727062,4,,,,,POINT (2.1727062 41.4288078)
1695282606,41.4288365,2.1732359,4,,,,,POINT (2.1732359 41.4288365)
1695282614,41.4290464,2.1667449,3,,,,,POINT (2.1667449 41.4290464)
1695282616,41.4291772,2.1683052,3,,,,,POINT (2.1683052 41.4291772)
1695282624,41.4292227,2.167014,4,,,,,POINT (2.167014 41.4292227)
1695282625,41.4294318,2.1708073,3,,,,,POINT (2.1708073 41.4294318)
1695282627,41.429431,2.1684556,3,,,,,POINT (2.1684556 41.429431)
1695282631,41.4296199,2.1679128,4,,,,,POINT (2.1679128 41.4296199)
1695282633,41.4296438,2.1696228,3,,,,,POINT (2.1696228 41.4296438)
1695282636,41.4296847,2.1726113,3,,,,,POINT (2.1726113 41.4296847)
1695282655,41.4297548,2.1732499,3,,,,,POINT (2.1732499 41.4297548)
1695282662,41.4297417,2.1701183,3,,,,,POINT (2.1701183 41.4297417)
1695282664,41.4297067,2.1743665,3,,,,,POINT (2.1743665 41.4297067)
1695282667,41.4298084,2.1674352,3,,,,,POINT (2.1674352 41.4298084)
1695282671,41.4298734,2.1706849,3,,,,,POINT (2.1706849 41.4298734)
1695282673,41.4300273,2.1669176,4,,,,,POINT (2.1669176 41.4300273)
1695282709,41.4304276,2.1683414,3,,,,,POINT (2.1683414 41.4304276)
1695343442,41.4286349,2.1860024,3,,,,,POINT (2.1860024 41.4286349)
1697946619,41.409702,2.1658668,1,,,,,POINT (2.1658668 41.409702)
1697946622,41.4099075,2.1656651,3,,,,,POINT (2.1656651 41.4099075)
1699441361,41.3708499,2.1675074,3,,,,,POINT (2.1675074 41.3708499)
1699441362,41.3708048,2.1676228,3,,,,,POINT (2.1676228 41.3708048)
1699441365,41.3707103,2.1673943,3,,,,,POINT (2.1673943 41.3707103)
1700930631,41.4339946,2.1793283,3,,,,,POINT (2.1793283 41.4339946)
1704555314,41.3702411,2.1354289,3,,,,,POINT (2.1354289 41.3702411)
1708943349,41.3284432,2.1357333,3,,,,,POINT (2.1357333 41.3284432)
1708943363,41.3333003,2.1385102,3,,,,,POINT (2.1385102 41.3333003)
1708943375,41.3326031,2.13831,3,,,,,POINT (2.13831 41.3326031)
1708943419,41.3416158,2.1443086,3,,,,,POINT (2.1443086 41.3416158)
1708943451,41.328772,2.1359287,3,,,,,POINT (2.1359287 41.328772)
1708943494,41.3331295,2.1392631,3,,,,,POINT (2.1392631 41.3331295)
1708943537,41.3285363,2.1363916,3,,,,,POINT (2.1363916 41.3285363)
1708943540,41.3333325,2.1386745,3,,,,,POINT (2.1386745 41.3333325)
1710709043,41.3993146,2.2083362,4,,,,,POINT (2.2083362 41.3993146)
1710709046,41.4002818,2.2070332,3,,,,,POINT (2.2070332 41.4002818)
1710746464,41.3964719,2.2053188,3,,,,,POINT (2.2053188 41.3964719)
1710758986,41.3961185,2.1933281,3,,,,,POINT (2.1933281 41.3961185)
1710758987,41.3952856,2.1944229,3,,,,,POINT (2.1944229 41.3952856)
1711781434,41.3763161,2.1096742,3,,,,,POINT (2.1096742 41.3763161)
1714171423,41.4289925,2.1882878,3,,,,,POINT (2.1882878 41.4289925)
1716102034,41.4014222,2.1737027,3,,,,,POINT (2.1737027 41.4014222)
1716102039,41.4005536,2.1725558,3,,,,,POINT (2.1725558 41.4005536)
1716858611,41.4007326,2.1214569,3,,,,,POINT (2.1214569 41.4007326)
1716858613,41.4012083,2.1207848,4,,,,,POINT (2.1207848 41.4012083)
1716858620,41.4004014,2.1209932,3,,,,,POINT (2.1209932 41.4004014)
1716858625,41.4002493,2.1221529,3,,,,,POINT (2.1221529 41.4002493)
1723184949,41.3945571,2.1286784,3,,,,,POINT (2.1286784 41.3945571)
1727171543,41.4270382,2.178227,3,,,,,POINT (2.178227 41.4270382)
1736568830,41.366629,2.174669,3,,,,,POINT (2.174669 41.366629)
1736580398,41.360757,2.1688889,1,,,,,POINT (2.1688889 41.360757)
1736660240,41.4239885,2.2036687,3,,,,,POINT (2.2036687 41.4239885)
1736660242,41.4239102,2.2048946,4,,,,,POINT (2.2048946 41.4239102)
1736660251,41.4234829,2.2043374,3,,,,,POINT (2.2043374 41.4234829)
1736660271,41.4238358,2.2038707,3,,,,,POINT (2.2038707 41.4238358)
1736660279,41.4244178,2.2042237,3,,,,,POINT (2.2042237 41.4244178)
1736660281,41.424347,2.2031945,4,,,,,POINT (2.2031945 41.424347)
1736660283,41.4235082,2.2054259,3,,,,,POINT (2.2054259 41.4235082)
1736660285,41.4242587,2.204434,3,,,,,POINT (2.204434 41.4242587)
1744038716,41.4180907,2.1167681,3,,,,,POINT (2.1167681 41.4180907)
1748098646,41.4408493,2.1794483,4,,,,,POINT (2.1794483 41.4408493)
1748098698,41.4412308,2.1788168,4,,,,,POINT (2.1788168 41.4412308)
1748629933,41.420618,2.2073419,4,,,,,POINT (2.2073419 41.420618)
1751118757,41.3652959,2.1458104,3,,,,,POINT (2.1458104 41.3652959)
1751118763,41.3653022,2.1461139,3,,,,,POINT (2.1461139 41.3653022)
1751118823,41.3655916,2.1458363,3,,,,,POINT (2.1458363 41.3655916)
1751118891,41.3661822,2.1559797,3,crossing,,,,POINT (2.1559797 41.3661822)
1751329341,41.3632408,2.145928,3,,,,,POINT (2.145928 41.3632408)
1751329345,41.3632493,2.1462069,3,crossing,,,,POINT (2.1462069 41.3632493)
1751329357,41.3633848,2.1462386,3,,,,,POINT (2.1462386 41.3633848)
1751329358,41.3633667,2.1458927,3,,,,,POINT (2.1458927 41.3633667)
1751329398,41.3641181,2.1440631,3,crossing,,,,POINT (2.1440631 41.3641181)
1753694399,41.4304925,2.1458825,3,,,,,POINT (2.1458825 41.4304925)
1759662344,41.4162609,2.1855912,3,,,,,POINT (2.1855912 41.4162609)
1765565679,41.4047873,2.1415398,4,,,,,POINT (2.1415398 41.4047873)
1768555378,41.4152901,2.1992037,3,,,,,POINT (2.1992037 41.4152901)
1768886795,41.4222675,2.1961224,3,,,,,POINT (2.1961224 41.4222675)
1768889587,41.4220151,2.1987118,3,,,,,POINT (2.1987118 41.4220151)
1768889590,41.4214141,2.1993115,4,,,,,POINT (2.1993115 41.4214141)
1770738301,41.3387284,2.1172935,3,,,,,POINT (2.1172935 41.3387284)
1770738311,41.3383662,2.1173741,3,,,,,POINT (2.1173741 41.3383662)
1770738328,41.3384003,2.1166408,3,,,,,POINT (2.1166408 41.3384003)
1770738330,41.3382103,2.1170928,3,,,,,POINT (2.1170928 41.3382103)
1770738331,41.3387891,2.1171662,3,,,,,POINT (2.1171662 41.3387891)
1770738333,41.338805,2.1170932,3,,,,,POINT (2.1170932 41.338805)
1770738357,41.3385716,2.1166237,3,,,,,POINT (2.1166237 41.3385716)
1770738360,41.3387311,2.1167457,3,,,,,POINT (2.1167457 41.3387311)
1770760017,41.3324449,2.1387718,3,,,,,POINT (2.1387718 41.3324449)
1770760054,41.3324566,2.1388467,3,,,,,POINT (2.1388467 41.3324566)
1770773502,41.3283234,2.1357583,4,,,,,POINT (2.1357583 41.3283234)
1771982095,41.404144,2.1172878,4,,,,,POINT (2.1172878 41.404144)
1771982098,41.3994262,2.1243163,3,,,,,POINT (2.1243163 41.3994262)
1771985477,41.3925333,2.1095314,3,,,,,POINT (2.1095314 41.3925333)
1771985486,41.3936863,2.1098075,3,,,,,POINT (2.1098075 41.3936863)
1771985487,41.3940943,2.1097411,3,crossing,,,,POINT (2.1097411 41.3940943)
1772026981,41.4514529,2.1890653,3,,,,,POINT (2.1890653 41.4514529)
1772825227,41.4265763,2.0876273,1,,,,,POINT (2.0876273 41.4265763)
1774503368,41.3707408,2.1605701,3,,,,,POINT (2.1605701 41.3707408)
1774503378,41.3709084,2.1617709,3,,,,,POINT (2.1617709 41.3709084)
1774503380,41.3711045,2.1612837,1,,,,,POINT (2.1612837 41.3711045)
1774503381,41.3703696,2.1614526,3,,,,,POINT (2.1614526 41.3703696)
1774503384,41.3699831,2.1595474,1,,,,,POINT (2.1595474 41.3699831)
1774503396,41.3701431,2.1603549,1,,,,,POINT (2.1603549 41.3701431)
1784743530,41.3702781,2.1567639,4,,,,,POINT (2.1567639 41.3702781)
1787518046,41.3951591,2.1099578,3,,,,,POINT (2.1099578 41.3951591)
1789415226,41.4253607,2.0889832,3,,,,,POINT (2.0889832 41.4253607)
1789415228,41.4254576,2.0874088,1,turning_circle,,,,POINT (2.0874088 41.4254576)
1794642773,41.4036561,2.1333557,3,,,,,POINT (2.1333557 41.4036561)
1795369240,41.4231109,2.0878739,3,,,,,POINT (2.0878739 41.4231109)
1795369269,41.4233226,2.0898933,3,,,,,POINT (2.0898933 41.4233226)
1795369274,41.4223835,2.0886483,1,turning_circle,,,,POINT (2.0886483 41.4223835)
1795369283,41.4224398,2.0892152,1,,,,,POINT (2.0892152 41.4224398)
1795369343,41.4225851,2.0873009,3,,,,,POINT (2.0873009 41.4225851)
1795369361,41.4245499,2.0904303,3,,,,,POINT (2.0904303 41.4245499)
1798593894,41.4233375,2.09182,1,,,,,POINT (2.09182 41.4233375)
1798593916,41.4238899,2.090535,3,,,,,POINT (2.090535 41.4238899)
1806041195,41.3704848,2.1450735,1,,,,,POINT (2.1450735 41.3704848)
1809063155,41.4263143,2.0976134,3,,,,,POINT (2.0976134 41.4263143)
1812187366,41.4066757,2.2096382,4,,,,,POINT (2.2096382 41.4066757)
1816394964,41.425218,2.0896447,3,,,,,POINT (2.0896447 41.425218)
1817382293,41.427708,2.0895433,3,,,,,POINT (2.0895433 41.427708)
1817382347,41.428551,2.0894396,3,,,,,POINT (2.0894396 41.428551)
1817703603,41.4204313,2.0851422,3,,,,,POINT (2.0851422 41.4204313)
1818028655,41.427554,2.0921674,3,,,,,POINT (2.0921674 41.427554)
1820633297,41.3762526,2.1136323,3,,,,,POINT (2.1136323 41.3762526)
1840720973,41.3895676,2.1307316,3,,,,,POINT (2.1307316 41.3895676)
1840720978,41.3907239,2.1315224,3,traffic_signals,,,,POINT (2.1315224 41.3907239)
1840720982,41.3924948,2.1441103,3,,,,,POINT (2.1441103 41.3924948)
1840720984,41.3915432,2.1325557,3,,,,,POINT (2.1325557 41.3915432)
1840720990,41.3930905,2.1443812,3,,,,,POINT (2.1443812 41.3930905)
1840720993,41.3936968,2.1413396,3,,,,,POINT (2.1413396 41.3936968)
1840720995,41.3926755,2.1449771,3,,,,,POINT (2.1449771 41.3926755)
1840720998,41.392306,2.1318466,3,,,,,POINT (2.1318466 41.392306)
1840721005,41.3909329,2.1313309,3,,,,,POINT (2.1313309 41.3909329)
1840721007,41.3899369,2.132223,4,,,,,POINT (2.132223 41.3899369)
1840721009,41.3944844,2.1384372,3,,,,,POINT (2.1384372 41.3944844)
1840721011,41.3899408,2.1282118,3,,,,,POINT (2.1282118 41.3899408)
1840721017,41.3913036,2.1328023,3,,,,,POINT (2.1328023 41.3913036)
1840721018,41.3904293,2.1303515,4,,,,,POINT (2.1303515 41.3904293)
1840721019,41.3929221,2.1449218,3,,,,,POINT (2.1449218 41.3929221)
1845692293,41.4065685,2.1760543,3,,,,,POINT (2.1760543 41.4065685)
1845692295,41.4070734,2.1767304,1,,,,,POINT (2.1767304 41.4070734)
1849761078,41.4515716,2.1893884,4,,,,,POINT (2.1893884 41.4515716)
1849769612,41.4517259,2.1879471,3,,,,,POINT (2.1879471 41.4517259)
1852044988,41.4491602,2.1828673,3,,,,,POINT (2.1828673 41.4491602)
1852044990,41.4499937,2.1840386,3,,,,,POINT (2.1840386 41.4499937)
1852045009,41.4498613,2.1833837,3,,,,,POINT (2.1833837 41.4498613)
1852768603,41.4501229,2.1902938,3,,,,,POINT (2.1902938 41.4501229)
1852768607,41.451614,2.1900685,4,,,,,POINT (2.1900685 41.451614)
1852768611,41.4514323,2.1908918,4,,,,,POINT (2.1908918 41.4514323)
1852768616,41.4529519,2.190628,4,,,,,POINT (2.190628 41.4529519)
1852768622,41.452913,2.1900553,3,,,,,POINT (2.1900553 41.452913)
1852768623,41.4507245,2.1897214,3,,,,,POINT (2.1897214 41.4507245)
1852768629,41.4506846,2.1896172,3,,,,,POINT (2.1896172 41.4506846)
1852768630,41.4527923,2.1893101,3,crossing,,,,POINT (2.1893101 41.4527923)
1852768637,41.4523908,2.1919762,4,,,,,POINT (2.1919762 41.4523908)
1852768638,41.4527585,2.1914002,4,,,,,POINT (2.1914002 41.4527585)
1853174677,41.4482159,2.1904299,3,,,,,POINT (2.1904299 41.4482159)
1853174684,41.4548377,2.1920352,3,,,,,POINT (2.1920352 41.4548377)
1853174712,41.446598,2.1822281,3,,,,,POINT (2.1822281 41.446598)
1853174725,41.4499242,2.1836258,3,,,,,POINT (2.1836258 41.4499242)
1853174727,41.447791,2.1809407,3,,,,,POINT (2.1809407 41.447791)
1853174728,41.4503703,2.1922351,3,,,,,POINT (2.1922351 41.4503703)
1853174747,41.4473136,2.1814522,3,,,,,POINT (2.1814522 41.4473136)
1853174754,41.4498807,2.1818076,3,,,,,POINT (2.1818076 41.4498807)
1853174755,41.4480587,2.1825721,1,,,,,POINT (2.1825721 41.4480587)
1853174787,41.4500913,2.1833076,3,,,,,POINT (2.1833076 41.4500913)
1855128396,41.3848271,2.1275558,3,,,,,POINT (2.1275558 41.3848271)
1856466395,41.3877711,2.1270735,3,,,,,POINT (2.1270735 41.3877711)
1856466545,41.3881412,2.1282308,3,,,,,POINT (2.1282308 41.3881412)
1856466576,41.3885322,2.12814,4,,,,,POINT (2.12814 41.3885322)
1856466592,41.3888707,2.1279846,4,,,,,POINT (2.1279846 41.3888707)
1856466645,41.3888497,2.1273273,3,,,,,POINT (2.1273273 41.3888497)
1856466753,41.3890936,2.1279109,3,,,,,POINT (2.1279109 41.3890936)
1856466769,41.3891961,2.1274964,3,,,,,POINT (2.1274964 41.3891961)
1856466849,41.3910208,2.1316899,4,traffic_signals,,,,POINT (2.1316899 41.3910208)
1856466862,41.3911763,2.131518,4,,,,,POINT (2.131518 41.3911763)
1856468570,41.3883923,2.1355999,4,,,,,POINT (2.1355999 41.3883923)
1857472160,41.4481992,2.1917003,3,,,,,POINT (2.1917003 41.4481992)
1857472171,41.4513606,2.1920851,3,,,,,POINT (2.1920851 41.4513606)
1857472173,41.4497865,2.19017,3,,,,,POINT (2.19017 41.4497865)
1857472174,41.4496947,2.1908501,4,,,,,POINT (2.1908501 41.4496947)
1857472181,41.4527122,2.1923621,3,,,,,POINT (2.1923621 41.4527122)
1857472182,41.4485764,2.1933112,3,,,,,POINT (2.1933112 41.4485764)
1857472184,41.4529772,2.1939569,3,,,,,POINT (2.1939569 41.4529772)
1857472190,41.4545323,2.1919604,3,,,,,POINT (2.1919604 41.4545323)
1857472191,41.4538893,2.1938935,4,,,,,POINT (2.1938935 41.4538893)
1857472192,41.4529294,2.1930409,3,,,,,POINT (2.1930409 41.4529294)
1857472197,41.4535657,2.1895926,3,,,,,POINT (2.1895926 41.4535657)
1857472200,41.4526355,2.1922618,3,,,,,POINT (2.1922618 41.4526355)
1857472201,41.4494511,2.1929662,3,,,,,POINT (2.1929662 41.4494511)
1857472204,41.4534539,2.1930793,3,,,,,POINT (2.1930793 41.4534539)
1857472207,41.4506399,2.191386,3,,,,,POINT (2.191386 41.4506399)
1857472210,41.4531654,2.1916447,3,,,,,POINT (2.1916447 41.4531654)
1857472213,41.4512894,2.1910303,1,,,,,POINT (2.1910303 41.4512894)
1857472218,41.4535048,2.1911194,3,,,,,POINT (2.1911194 41.4535048)
1857695693,41.3851958,2.1224879,3,,,,,POINT (2.1224879 41.3851958)
1859058465,41.4048482,2.1772437,3,,,,,POINT (2.1772437 41.4048482)
1860476035,41.4030137,2.1747863,3,,,,,POINT (2.1747863 41.4030137)
1860569742,41.4121752,2.1730192,3,,,,,POINT (2.1730192 41.4121752)
1860569743,41.4126312,2.1724277,3,,,,,POINT (2.1724277 41.4126312)
1860569744,41.4130601,2.1718576,3,,,,,POINT (2.1718576 41.4130601)
1860569745,41.4135186,2.17126,3,,,,,POINT (2.17126 41.4135186)
1860575762,41.4073312,2.1839877,4,,,,,POINT (2.1839877 41.4073312)
1860575763,41.4081761,2.1828788,3,,,,,POINT (2.1828788 41.4081761)
1860575765,41.410599,2.1796897,4,,,,,POINT (2.1796897 41.410599)
1860575766,41.41164,2.1783341,3,,,,,POINT (2.1783341 41.41164)
1860575767,41.4124687,2.1771936,3,,,,,POINT (2.1771936 41.4124687)
1861908431,41.4075176,2.1777976,1,,,,,POINT (2.1777976 41.4075176)
1861908434,41.4076426,2.1778294,3,,,,,POINT (2.1778294 41.4076426)
1861908437,41.407783,2.1774671,1,,,,,POINT (2.1774671 41.407783)
1861908440,41.4078485,2.1775575,3,,,,,POINT (2.1775575 41.4078485)
1861908446,41.4080825,2.177868,3,,,,,POINT (2.177868 41.4080825)
1861908448,41.408284,2.1781366,3,,,,,POINT (2.1781366 41.408284)
1863725886,41.4160006,2.1646905,3,,,,,POINT (2.1646905 41.4160006)
1863725900,41.4164255,2.1654754,1,,,,,POINT (2.1654754 41.4164255)
1867637223,41.3765537,2.1139129,3,,,,,POINT (2.1139129 41.3765537)
1869120887,41.466765,2.1789796,3,,,,,POINT (2.1789796 41.466765)
1873048551,41.4218927,2.1908054,3,,,,,POINT (2.1908054 41.4218927)
1873048563,41.4205049,2.1890368,3,,,,,POINT (2.1890368 41.4205049)
1873048566,41.4200117,2.1896481,3,,,,,POINT (2.1896481 41.4200117)
1876385307,41.4203172,2.1898045,3,,,,,POINT (2.1898045 41.4203172)
1876385320,41.4200739,2.1907268,3,,,,,POINT (2.1907268 41.4200739)
1884132167,41.3776308,2.1392459,1,,,,,POINT (2.1392459 41.3776308)
1889742612,41.4318655,2.173137,3,,,,,POINT (2.173137 41.4318655)
1889742614,41.431281,2.1727069,1,,,,,POINT (2.1727069 41.431281)
1889743252,41.4322069,2.172759,3,,,,,POINT (2.172759 41.4322069)
1889882325,41.3969861,2.137426,4,,,,,POINT (2.137426 41.3969861)
1889882331,41.3963442,2.1374178,4,,,,,POINT (2.1374178 41.3963442)
1889932481,41.3980305,2.1410127,3,,,,,POINT (2.1410127 41.3980305)
1900246887,41.3696378,2.1422067,3,,,,,POINT (2.1422067 41.3696378)
1900246889,41.3718507,2.1451471,3,crossing,,,,POINT (2.1451471 41.3718507)
1902553889,41.4324589,2.1934654,3,,,,,POINT (2.1934654 41.4324589)
1904455769,41.3817813,2.1354973,4,,,,,POINT (2.1354973 41.3817813)
1908547737,41.4300758,2.1870892,3,,,,,POINT (2.1870892 41.4300758)
1908547749,41.4233132,2.2003965,3,,,,,POINT (2.2003965 41.4233132)
1912198602,41.3628237,2.1568799,3,,,,,POINT (2.1568799 41.3628237)
1912198605,41.362863,2.1570438,3,,,,,POINT (2.1570438 41.362863)
1912198609,41.3629892,2.1566781,3,,,,,POINT (2.1566781 41.3629892)
1912198613,41.3630447,2.1575145,3,crossing,,,,POINT (2.1575145 41.3630447)
1912198614,41.3631261,2.1571669,3,,,,,POINT (2.1571669 41.3631261)
1912198615,41.3631846,2.1571298,3,,,,,POINT (2.1571298 41.3631846)
1912198617,41.3632268,2.1569446,3,,,,,POINT (2.1569446 41.3632268)
1912198618,41.3634397,2.1571152,3,,,,,POINT (2.1571152 41.3634397)
1912561741,41.3664284,2.159026,2,,,,,POINT (2.159026 41.3664284)
1912571839,41.3706521,2.1675667,3,,,,,POINT (2.1675667 41.3706521)
1912584089,41.3596911,2.1493183,3,,,,,POINT (2.1493183 41.3596911)
1912584090,41.3597294,2.1496813,3,,,,,POINT (2.1496813 41.3597294)
1912584098,41.3599745,2.1497326,3,,,,,POINT (2.1497326 41.3599745)
1912611027,41.3487939,2.1376136,3,,,,,POINT (2.1376136 41.3487939)
1912611029,41.3488859,2.1377052,3,,,,,POINT (2.1377052 41.3488859)
1912611031,41.3489925,2.1376014,3,,,,,POINT (2.1376014 41.3489925)
1912611092,41.3580162,2.1392658,3,,,,,POINT (2.1392658 41.3580162)
1912611111,41.3584757,2.1385025,3,,,,,POINT (2.1385025 41.3584757)
1912611119,41.3585992,2.1384981,3,,,,,POINT (2.1384981 41.3585992)
1912611122,41.3586153,2.1383002,3,,,,,POINT (2.1383002 41.3586153)
1912611151,41.3589935,2.1377027,3,,,,,POINT (2.1377027 41.3589935)
1912611158,41.3602604,2.1461181,3,,,,,POINT (2.1461181 41.3602604)
1912611163,41.3607085,2.1346818,3,,,,,POINT (2.1346818 41.3607085)
1912611164,41.3607953,2.1475198,3,,,,,POINT (2.1475198 41.3607953)
1912611172,41.361221,2.1359601,3,,,,,POINT (2.1359601 41.361221)
1912611181,41.361308,2.1479293,3,,,,,POINT (2.1479293 41.361308)
1912611186,41.3623981,2.1476775,3,,,,,POINT (2.1476775 41.3623981)
1926250821,41.3287117,2.1363605,4,,,,,POINT (2.1363605 41.3287117)
1926251010,41.3288339,2.1360794,4,,,,,POINT (2.1360794 41.3288339)
1926251141,41.3282291,2.1360704,4,,,,,POINT (2.1360704 41.3282291)
1930253996,41.3826722,2.1193606,4,,,,,POINT (2.1193606 41.3826722)
1930254000,41.3812893,2.1199645,3,,,,,POINT (2.1199645 41.3812893)
1933546246,41.429146,2.1417225,3,,,,,POINT (2.1417225 41.429146)
1933546250,41.429465,2.1405018,3,,,,,POINT (2.1405018 41.429465)
1933546251,41.4295075,2.1403389,3,,,,,POINT (2.1403389 41.4295075)
1933546252,41.429574,2.1400845,3,,,,,POINT (2.1400845 41.429574)
1933546261,41.4306546,2.1404868,1,turning_circle,,,,POINT (2.1404868 41.4306546)
1933546264,41.4308561,2.1409474,3,,,,,POINT (2.1409474 41.4308561)
1933546269,41.4314423,2.140658,3,,,,,POINT (2.140658 41.4314423)
1933546276,41.4317286,2.1416986,3,,,,,POINT (2.1416986 41.4317286)
1933546287,41.4318044,2.1449014,3,,,,,POINT (2.1449014 41.4318044)
1933546289,41.4318083,2.1413862,3,,,,,POINT (2.1413862 41.4318083)
1933546294,41.4322533,2.143159,3,,,,,POINT (2.143159 41.4322533)
1933546297,41.4324241,2.1425072,3,,,,,POINT (2.1425072 41.4324241)
1933546298,41.4325134,2.1411655,3,,,,,POINT (2.1411655 41.4325134)
1933546299,41.4325381,2.1420725,3,,,,,POINT (2.1420725 41.4325381)
1933546302,41.4330663,2.1402787,1,turning_circle,,,,POINT (2.1402787 41.4330663)
1933546304,41.4342976,2.1443131,3,,,,,POINT (2.1443131 41.4342976)
1933546307,41.4346467,2.1407042,3,,,,,POINT (2.1407042 41.4346467)
1933578154,41.4327962,2.1433659,3,,,,,POINT (2.1433659 41.4327962)
1933578155,41.4329252,2.1428737,3,,,,,POINT (2.1428737 41.4329252)
1933578156,41.4330577,2.1423679,3,,,,,POINT (2.1423679 41.4330577)
1933578158,41.4331532,2.1435311,1,,,,,POINT (2.1435311 41.4331532)
1933578159,41.4332846,2.1430397,1,,,,,POINT (2.1430397 41.4332846)
1933578161,41.4334145,2.1425343,1,,,,,POINT (2.1425343 41.4334145)
1933578166,41.4339544,2.1431352,1,,,,,POINT (2.1431352 41.4339544)
1933578167,41.4341169,2.142621,3,,,,,POINT (2.142621 41.4341169)
1933591531,41.4326964,2.1437469,3,,,,,POINT (2.1437469 41.4326964)
1933591537,41.4331341,2.1439394,1,,,,,POINT (2.1439394 41.4331341)
1933710580,41.4296818,2.1425812,1,,,,,POINT (2.1425812 41.4296818)
1933710581,41.4298276,2.1420371,3,,,,,POINT (2.1420371 41.4298276)
1934457500,41.404616,2.2055584,3,,,,,POINT (2.2055584 41.404616)
1935072434,41.415069,2.0967585,1,,,,,POINT (2.0967585 41.415069)
1935795263,41.4146733,2.0961137,1,,,,,POINT (2.0961137 41.4146733)
1935827759,41.4296125,2.14355,3,,,,,POINT (2.14355 41.4296125)
1935827763,41.429761,2.143303,3,,,,,POINT (2.143303 41.429761)
1935827804,41.4313331,2.140613,3,,,,,POINT (2.140613 41.4313331)
1935827811,41.4317278,2.1430742,1,,,,,POINT (2.1430742 41.4317278)
1935827826,41.4319616,2.1435997,3,,,,,POINT (2.1435997 41.4319616)
1935827830,41.4320251,2.143356,1,,,,,POINT (2.143356 41.4320251)
1935827833,41.4321187,2.1436725,3,,,,,POINT (2.1436725 41.4321187)
1935827868,41.4330654,2.1442733,1,,,,,POINT (2.1442733 41.4330654)
1935831401,41.4246037,2.1390706,3,,,,,POINT (2.1390706 41.4246037)
1938218690,41.4221229,2.2002595,3,,,,,POINT (2.2002595 41.4221229)
1938230338,41.4227641,2.19998,3,,,,,POINT (2.19998 41.4227641)
1938243778,41.4227066,2.201045,4,,,,,POINT (2.201045 41.4227066)
1940555303,41.4045894,2.2045034,3,,,,,POINT (2.2045034 41.4045894)
1940555310,41.4051449,2.2037452,1,,,,,POINT (2.2037452 41.4051449)
1940573413,41.4038072,2.2022355,3,,,,,POINT (2.2022355 41.4038072)
1940579828,41.4026059,2.2010897,2,,,,,POINT (2.2010897 41.4026059)
1940583260,41.4026916,2.2020306,3,,,,,POINT (2.2020306 41.4026916)
1940583264,41.4030026,2.2015565,3,,,,,POINT (2.2015565 41.4030026)
1940624161,41.4054756,2.2043951,3,,,,,POINT (2.2043951 41.4054756)
1940624170,41.4059324,2.2049703,3,,,,,POINT (2.2049703 41.4059324)
1940624171,41.4063564,2.205551,3,,,,,POINT (2.205551 41.4063564)
1940844916,41.4019499,2.2021057,1,,,,,POINT (2.2021057 41.4019499)
1940864524,41.403712,2.2023601,3,,,,,POINT (2.2023601 41.403712)
1940880049,41.4046255,2.2032966,3,,,,,POINT (2.2032966 41.4046255)
1940890836,41.4054193,2.2056424,3,,,,,POINT (2.2056424 41.4054193)
1940899121,41.4037066,2.204516,3,,,,,POINT (2.204516 41.4037066)
1940899123,41.4028866,2.2034647,3,,,,,POINT (2.2034647 41.4028866)
1940899124,41.4030156,2.2032862,3,,,,,POINT (2.2032862 41.4030156)
1940905182,41.4036222,2.2055998,3,,,,,POINT (2.2055998 41.4036222)
1940905183,41.4027786,2.2067114,3,,,,,POINT (2.2067114 41.4027786)
1940905185,41.402856,2.2068203,3,,,,,POINT (2.2068203 41.402856)
1940908212,41.4014108,2.2075905,3,,,,,POINT (2.2075905 41.4014108)
1940908213,41.4018723,2.20552,3,,,,,POINT (2.20552 41.4018723)
1940910619,41.3991652,2.20533,3,,,,,POINT (2.20533 41.3991652)
1947681324,41.3714966,2.1467495,3,,,,,POINT (2.1467495 41.3714966)
1947682000,41.3710528,2.1459915,4,,,,,POINT (2.1459915 41.3710528)
1948047755,41.4209261,2.1908299,1,,,,,POINT (2.1908299 41.4209261)
1969416850,41.3731738,2.1360169,3,,,,,POINT (2.1360169 41.3731738)
1969416851,41.3737326,2.136429,3,,,,,POINT (2.136429 41.3737326)
1982155704,41.3724465,2.1419483,3,,,,,POINT (2.1419483 41.3724465)
1982155709,41.3730081,2.1424751,4,,,,,POINT (2.1424751 41.3730081)
1984002392,41.3975201,2.1161419,3,,,,,POINT (2.1161419 41.3975201)
2013654029,41.3655374,2.132896,6,,,,,POINT (2.132896 41.3655374)
2013654034,41.3706099,2.1293396,4,,,,,POINT (2.1293396 41.3706099)
2013654035,41.3710566,2.128537,4,,,,,POINT (2.128537 41.3710566)
2013654036,41.371238,2.1280109,3,,,,,POINT (2.1280109 41.371238)
2013654037,41.3724212,2.12615,3,,,,,POINT (2.12615 41.3724212)
2013654038,41.3725425,2.125965,3,,,,,POINT (2.125965 41.3725425)
2017294208,41.4334076,2.152965,3,,,,,POINT (2.152965 41.4334076)
2019690679,41.4347694,2.1880572,3,,,,,POINT (2.1880572 41.4347694)
2020374102,41.4340771,2.1840656,3,,,,,POINT (2.1840656 41.4340771)
2020374107,41.4321618,2.1880865,1,,,,,POINT (2.1880865 41.4321618)
2020374114,41.4320784,2.1875383,4,,,,,POINT (2.1875383 41.4320784)
2020384026,41.4294468,2.1907907,1,,,,,POINT (2.1907907 41.4294468)
2020384028,41.4302751,2.1903661,1,,,,,POINT (2.1903661 41.4302751)
2020393224,41.4265627,2.1916617,3,,,,,POINT (2.1916617 41.4265627)
2020393225,41.4341837,2.1742936,3,,,,,POINT (2.1742936 41.4341837)
2020393229,41.4336601,2.1738727,3,,,,,POINT (2.1738727 41.4336601)
2022888132,41.3745237,2.1676504,3,,,,,POINT (2.1676504 41.3745237)
2059751742,41.4294144,2.1825681,4,,,,,POINT (2.1825681 41.4294144)
2059755031,41.4263093,2.1813038,3,,,,,POINT (2.1813038 41.4263093)
2059755036,41.4260224,2.1816761,3,,,,,POINT (2.1816761 41.4260224)
2059755039,41.4255089,2.180221,4,,,,,POINT (2.180221 41.4255089)
2059776287,41.431991,2.1829217,3,crossing,,,,POINT (2.1829217 41.431991)
2063950768,41.4259675,2.1909926,4,,,,,POINT (2.1909926 41.4259675)
2063950788,41.4261253,2.1903716,3,,,,,POINT (2.1903716 41.4261253)
2063950829,41.4257847,2.1916881,3,,,,,POINT (2.1916881 41.4257847)
2075448033,41.4007023,2.1971866,4,,,,,POINT (2.1971866 41.4007023)
2077445070,41.4349936,2.1506968,1,,,,,POINT (2.1506968 41.4349936)
2077484253,41.4337145,2.1468038,3,,,,,POINT (2.1468038 41.4337145)
2077949582,41.3786995,2.1204562,4,,,,,POINT (2.1204562 41.3786995)
2077949595,41.3792611,2.1194293,4,,,,,POINT (2.1194293 41.3792611)
2081027411,41.4236844,2.1455931,3,,,,,POINT (2.1455931 41.4236844)
2087204994,41.3881201,2.1358577,4,,,,,POINT (2.1358577 41.3881201)
2087204995,41.3883082,2.1282297,4,,,,,POINT (2.1282297 41.3883082)
2087204997,41.39506,2.1362068,4,,,,,POINT (2.1362068 41.39506)
2087205003,41.398337,2.1349435,3,traffic_signals,,,,POINT (2.1349435 41.398337)
2087205004,41.3985868,2.1347531,3,traffic_signals,,,,POINT (2.1347531 41.3985868)
2087205005,41.3993037,2.1342038,5,,,,,POINT (2.1342038 41.3993037)
2087205007,41.3994054,2.1341252,4,,,,,POINT (2.1341252 41.3994054)
2087205008,41.3999198,2.1337185,3,,,,,POINT (2.1337185 41.3999198)
2087205009,41.4001006,2.1516902,3,,,,,POINT (2.1516902 41.4001006)
2087205012,41.4005006,2.1349797,3,,,,,POINT (2.1349797 41.4005006)
2087205014,41.4018677,2.1322235,3,traffic_signals,,,,POINT (2.1322235 41.4018677)
2087205017,41.4033473,2.1310778,3,traffic_signals,,,,POINT (2.1310778 41.4033473)
2087205021,41.4036595,2.1301218,3,,,,,POINT (2.1301218 41.4036595)
2087900206,41.4561739,2.1882029,3,,,,,POINT (2.1882029 41.4561739)
2101902977,41.3937968,2.1132743,3,,,,,POINT (2.1132743 41.3937968)
2101902986,41.39392,2.1139988,3,,,,,POINT (2.1139988 41.39392)
2111225718,41.4623545,2.1739797,3,,,,,POINT (2.1739797 41.4623545)
2111237734,41.4626327,2.1772533,3,,,,,POINT (2.1772533 41.4626327)
2111240489,41.4610205,2.1775999,3,,,,,POINT (2.1775999 41.4610205)
2111252106,41.4618869,2.179158,3,,,,,POINT (2.179158 41.4618869)
2111268450,41.46181,2.1747164,1,,,,,POINT (2.1747164 41.46181)
2111268461,41.4624608,2.1756014,3,,,,,POINT (2.1756014 41.4624608)
2111268464,41.4624644,2.1755212,3,,,,,POINT (2.1755212 41.4624644)
2111268473,41.4617502,2.1750275,1,,,,,POINT (2.1750275 41.4617502)
2111273194,41.460761,2.1809454,3,,,,,POINT (2.1809454 41.460761)
2111273198,41.4606659,2.1808149,3,,,,,POINT (2.1808149 41.4606659)
2111273203,41.4605802,2.1809045,3,,,,,POINT (2.1809045 41.4605802)
2111273205,41.4605845,2.180987,3,,,,,POINT (2.180987 41.4605845)
2111273207,41.4607288,2.1808443,3,,,,,POINT (2.1808443 41.4607288)
2111498626,41.4602117,2.1726502,1,,,,,POINT (2.1726502 41.4602117)
2111498636,41.453461,2.1747353,3,,,,,POINT (2.1747353 41.453461)
2111498670,41.4602585,2.1724901,1,,,,,POINT (2.1724901 41.4602585)
2111498693,41.4601642,2.1719343,3,,,,,POINT (2.1719343 41.4601642)
2111498722,41.45869,2.1780938,3,,,,,POINT (2.1780938 41.45869)
2111498724,41.4588236,2.1780778,3,,,,,POINT (2.1780778 41.4588236)
2111498899,41.4580971,2.1768879,3,,,,,POINT (2.1768879 41.4580971)
2111498904,41.454976,2.1746304,3,,,,,POINT (2.1746304 41.454976)
2111504957,41.4545009,2.1735539,1,,,,,POINT (2.1735539 41.4545009)
2111504965,41.4564821,2.1751721,3,,,,,POINT (2.1751721 41.4564821)
2111504966,41.4574425,2.1752527,1,turning_circle,,,,POINT (2.1752527 41.4574425)
2115356972,41.4203167,2.1500134,3,,,,,POINT (2.1500134 41.4203167)
2119602754,41.4551385,2.1738598,3,,,,,POINT (2.1738598 41.4551385)
2119602785,41.455748,2.1757664,3,,,,,POINT (2.1757664 41.455748)
2119602792,41.45624,2.1746985,3,,,,,POINT (2.1746985 41.45624)
2119602869,41.4557743,2.1747542,3,,,,,POINT (2.1747542 41.4557743)
2119602902,41.4544171,2.1761412,3,,,,,POINT (2.1761412 41.4544171)
2119991183,41.4525633,2.1948563,3,,,,,POINT (2.1948563 41.4525633)
2119991192,41.4540186,2.1941277,2,,,,,POINT (2.1941277 41.4540186)
2120743618,41.4532561,2.1725763,1,,,,,POINT (2.1725763 41.4532561)
2123195985,41.45383,2.1716555,3,,,,,POINT (2.1716555 41.45383)
2123195996,41.4537166,2.1713546,3,crossing,,,,POINT (2.1713546 41.4537166)
2123195997,41.4538415,2.1716,3,,,,,POINT (2.1716 41.4538415)
2123196012,41.4540043,2.1734254,3,,,,,POINT (2.1734254 41.4540043)
2126571874,41.3880315,2.1271071,5,,,,,POINT (2.1271071 41.3880315)
2126597892,41.4327287,2.1507417,4,,,,,POINT (2.1507417 41.4327287)
2126597899,41.4336083,2.1511429,1,,,,,POINT (2.1511429 41.4336083)
2128036087,41.4520721,2.1748275,2,,,,,POINT (2.1748275 41.4520721)
2128036115,41.4580561,2.1806898,3,,,,,POINT (2.1806898 41.4580561)
2128036141,41.4576918,2.1802872,3,,,,,POINT (2.1802872 41.4576918)
2128039881,41.4582728,2.1809717,3,,,,,POINT (2.1809717 41.4582728)
2128039883,41.4582918,2.1808207,3,,,,,POINT (2.1808207 41.4582918)
2128039885,41.4583197,2.1808089,3,,,,,POINT (2.1808089 41.4583197)
2128039887,41.4583766,2.1808298,3,,,,,POINT (2.1808298 41.4583766)
2128039898,41.4582584,2.1809378,3,,,,,POINT (2.1809378 41.4582584)
2128039905,41.4583918,2.1808523,3,,,,,POINT (2.1808523 41.4583918)
2128041192,41.4576138,2.1789087,3,,,,,POINT (2.1789087 41.4576138)
2128042600,41.4589706,2.1808433,3,,,,,POINT (2.1808433 41.4589706)
2128042603,41.4585174,2.1808387,3,,,,,POINT (2.1808387 41.4585174)
2128042605,41.4590298,2.180877,3,,,,,POINT (2.180877 41.4590298)
2128049597,41.4590491,2.1810625,3,,,,,POINT (2.1810625 41.4590491)
2128049622,41.4562831,2.1820978,3,,,,,POINT (2.1820978 41.4562831)
2128049628,41.4569801,2.1812743,3,,,,,POINT (2.1812743 41.4569801)
2128049636,41.4560338,2.1797563,3,,,,,POINT (2.1797563 41.4560338)
2128049646,41.458339,2.1817222,3,,,,,POINT (2.1817222 41.458339)
2128051855,41.4544517,2.1819879,3,,,,,POINT (2.1819879 41.4544517)
2129531619,41.4567377,2.1803277,3,,,,,POINT (2.1803277 41.4567377)
2129555167,41.4545575,2.1795495,1,,,,,POINT (2.1795495 41.4545575)
2129555292,41.4532429,2.1779989,1,,,,,POINT (2.1779989 41.4532429)
2129571039,41.4553244,2.1801366,1,,,,,POINT (2.1801366 41.4553244)
2129591059,41.4565292,2.1831868,3,,,,,POINT (2.1831868 41.4565292)
2129591070,41.4582254,2.1811428,3,,,,,POINT (2.1811428 41.4582254)
2129591115,41.4572169,2.178623,1,,,,,POINT (2.178623 41.4572169)
2129591178,41.4559707,2.1858446,3,,,,,POINT (2.1858446 41.4559707)
2129591204,41.4590784,2.1814751,3,,,,,POINT (2.1814751 41.4590784)
2129591259,41.45574,2.1832301,3,,,,,POINT (2.1832301 41.45574)
2129591317,41.4563276,2.1817474,1,,,,,POINT (2.1817474 41.4563276)
2129606034,41.457529,2.1847343,1,,,,,POINT (2.1847343 41.457529)
2129606046,41.4571096,2.1848435,3,,,,,POINT (2.1848435 41.4571096)
2129627791,41.460617,2.1788705,1,,,,,POINT (2.1788705 41.460617)
2146914032,41.4105173,2.137773,3,,,,,POINT (2.137773 41.4105173)
2148896035,41.423179,2.2064028,3,,,,,POINT (2.2064028 41.423179)
2153062749,41.4169192,2.1763677,4,,,,,POINT (2.1763677 41.4169192)
2153062756,41.4174261,2.1767296,4,,,,,POINT (2.1767296 41.4174261)
2189785059,41.3780393,2.1457523,2,,,,,POINT (2.1457523 41.3780393)
2189800381,41.4147323,2.1562786,1,,,,,POINT (2.1562786 41.4147323)
2191189340,41.366203,2.1639039,3,,,,,POINT (2.1639039 41.366203)
2191189341,41.366449,2.1637868,4,,,,,POINT (2.1637868 41.366449)
2191189346,41.3671984,2.1636723,3,,,,,POINT (2.1636723 41.3671984)
2192116959,41.4132337,2.1818876,4,,,,,POINT (2.1818876 41.4132337)
2197824480,41.4011065,2.2022963,3,,,,,POINT (2.2022963 41.4011065)
2197824495,41.4020048,2.2011266,3,,,,,POINT (2.2011266 41.4020048)
2204931600,41.4102579,2.1287399,1,,,,,POINT (2.1287399 41.4102579)
2235259412,41.384503,2.1223674,3,,,,,POINT (2.1223674 41.384503)
2235259424,41.3845883,2.1225762,3,,,,,POINT (2.1225762 41.3845883)
2235259437,41.3844806,2.122434,3,,,,,POINT (2.122434 41.3844806)
2235259451,41.3844875,2.1223973,3,,,,,POINT (2.1223973 41.3844875)
2238485645,41.3972994,2.2017239,4,,,,,POINT (2.2017239 41.3972994)
2238485654,41.401294,2.1964841,4,,,,,POINT (2.1964841 41.401294)
2239778467,41.3605061,2.1514693,3,,,,,POINT (2.1514693 41.3605061)
2239778475,41.360505,2.1521333,3,,,,,POINT (2.1521333 41.360505)
2239782909,41.3674539,2.1751005,3,,,,,POINT (2.1751005 41.3674539)
2239783361,41.3686894,2.1874934,3,,,,,POINT (2.1874934 41.3686894)
2239783567,41.368756,2.1877783,3,,,,,POINT (2.1877783 41.368756)
2249980329,41.4436003,2.1620599,3,,,,,POINT (2.1620599 41.4436003)
2250836595,41.4406151,2.1741636,3,,,,,POINT (2.1741636 41.4406151)
2250836674,41.4411572,2.1734496,3,,,,,POINT (2.1734496 41.4411572)
2252583126,41.421843,2.1409688,4,,,,,POINT (2.1409688 41.421843)
2262659438,41.3959803,2.1989235,3,,,,,POINT (2.1989235 41.3959803)
2262659967,41.396828,2.2000652,4,,,,,POINT (2.2000652 41.396828)
2262660123,41.3976864,2.2012225,3,,,,,POINT (2.2012225 41.3976864)
2262660125,41.398567,2.2011722,3,,,,,POINT (2.2011722 41.398567)
2264150798,41.3762647,2.1754188,4,,,,,POINT (2.1754188 41.3762647)
2264150807,41.3768709,2.1721218,3,,,,,POINT (2.1721218 41.3768709)
2264150813,41.3769094,2.1721601,3,,,,,POINT (2.1721601 41.3769094)
2264151290,41.3812889,2.1671353,4,,,,,POINT (2.1671353 41.3812889)
2264456427,41.3712812,2.159708,4,,,,,POINT (2.159708 41.3712812)
2264456428,41.3714283,2.1601936,3,,,,,POINT (2.1601936 41.3714283)
2264456429,41.3714099,2.1627847,4,,,,,POINT (2.1627847 41.3714099)
2264456431,41.3715091,2.1608916,3,,,,,POINT (2.1608916 41.3715091)
2264456433,41.3717099,2.1540354,3,,,,,POINT (2.1540354 41.3717099)
2264456435,41.3720188,2.1669888,3,,,,,POINT (2.1669888 41.3720188)
2264456436,41.3720751,2.1704526,3,,,,,POINT (2.1704526 41.3720751)
2264456440,41.3722515,2.1555453,3,,,,,POINT (2.1555453 41.3722515)
2264456443,41.3723498,2.1719867,4,,,,,POINT (2.1719867 41.3723498)
2264456445,41.3724501,2.1535349,3,,,,,POINT (2.1535349 41.3724501)
2264456446,41.3730238,2.1551296,3,,,,,POINT (2.1551296 41.3730238)
2264456451,41.3749149,2.1651897,4,,,,,POINT (2.1651897 41.3749149)
2264456452,41.3749429,2.1540314,4,,,,,POINT (2.1540314 41.3749429)
2264591780,41.396306,2.1759306,3,,,,,POINT (2.1759306 41.396306)
2264591782,41.3963778,2.1736654,3,,,,,POINT (2.1736654 41.3963778)
2264591826,41.3970999,2.1771404,3,,,,,POINT (2.1771404 41.3970999)
2264591838,41.3971746,2.177041,3,,,,,POINT (2.177041 41.3971746)
2264591839,41.3971981,2.1747523,3,,,,,POINT (2.1747523 41.3971981)
2264591895,41.397977,2.1782661,3,,,,,POINT (2.1782661 41.397977)
2267446258,41.3636968,2.1410493,3,,,,,POINT (2.1410493 41.3636968)
2267446342,41.364766,2.1409872,3,,,,,POINT (2.1409872 41.364766)
2267504221,41.3620268,2.1366747,1,,,,,POINT (2.1366747 41.3620268)
2268659706,41.3962711,2.2051793,3,,,,,POINT (2.2051793 41.3962711)
2268684776,41.3963863,2.2049871,3,,,,,POINT (2.2049871 41.3963863)
2269130838,41.3953631,2.1757333,4,,,,,POINT (2.1757333 41.3953631)
2283215312,41.4368165,2.1533023,4,,,,,POINT (2.1533023 41.4368165)
2283221811,41.4355956,2.1532741,2,,,,,POINT (2.1532741 41.4355956)
2291722043,41.4002322,2.1956172,4,,,,,POINT (2.1956172 41.4002322)
2292514432,41.4184919,2.1523583,1,,,,,POINT (2.1523583 41.4184919)
2292514680,41.4210392,2.1527046,3,,,,,POINT (2.1527046 41.4210392)
2292708174,41.3994017,2.1989518,3,,,,,POINT (2.1989518 41.3994017)
2292708327,41.4002515,2.2000634,3,,,,,POINT (2.2000634 41.4002515)
2292981003,41.4041298,2.1814195,3,,,,,POINT (2.1814195 41.4041298)
2292981087,41.4051937,2.1822277,4,,,,,POINT (2.1822277 41.4051937)
2293703110,41.4110612,2.1821503,1,,,,,POINT (2.1821503 41.4110612)
2293703215,41.4118653,2.1829925,3,,,,,POINT (2.1829925 41.4118653)
2293731592,41.4118692,2.1869953,3,,,,,POINT (2.1869953 41.4118692)
2293731594,41.4120011,2.1867903,4,,,,,POINT (2.1867903 41.4120011)
2293731604,41.4133713,2.1870025,3,,,,,POINT (2.1870025 41.4133713)
2293731612,41.4142328,2.1860015,3,,,,,POINT (2.1860015 41.4142328)
2293731616,41.4153554,2.1867971,4,,,,,POINT (2.1867971 41.4153554)
2293731618,41.4157394,2.1870149,3,,,,,POINT (2.1870149 41.4157394)
2293731643,41.4169917,2.1867951,3,,,,,POINT (2.1867951 41.4169917)
2293731650,41.4185677,2.1870389,4,,,,,POINT (2.1870389 41.4185677)
2293731652,41.4187474,2.1868117,4,,,,,POINT (2.1868117 41.4187474)
2293731658,41.4203127,2.187027,4,,,,,POINT (2.187027 41.4203127)
2293731665,41.4207928,2.1870136,3,,,,,POINT (2.1870136 41.4207928)
2293731677,41.4228995,2.1870141,4,,,,,POINT (2.1870141 41.4228995)
2293731679,41.4228926,2.1868415,4,,,,,POINT (2.1868415 41.4228926)
2293731697,41.4250138,2.1866583,3,,,,,POINT (2.1866583 41.4250138)
2293731701,41.4255716,2.1860528,4,,,,,POINT (2.1860528 41.4255716)
2293731702,41.425681,2.1862848,4,,,,,POINT (2.1862848 41.425681)
2293736615,41.4121621,2.1869962,4,,,,,POINT (2.1869962 41.4121621)
2294043882,41.3761848,2.1287725,3,,,,,POINT (2.1287725 41.3761848)
2294043982,41.3768678,2.1281001,1,,,,,POINT (2.1281001 41.3768678)
2294044041,41.377109,2.1275899,4,,,,,POINT (2.1275899 41.377109)
2294050457,41.3821342,2.1288155,3,,,,,POINT (2.1288155 41.3821342)
2296453569,41.4289597,2.1695362,3,,,,,POINT (2.1695362 41.4289597)
2319508640,41.3442921,2.1354654,3,,,,,POINT (2.1354654 41.3442921)
2319508646,41.3441592,2.1351387,3,,,,,POINT (2.1351387 41.3441592)
2326000392,41.3811977,2.159832,4,,,,,POINT (2.159832 41.3811977)
2327729212,41.3786495,2.1631907,4,,,,,POINT (2.1631907 41.3786495)
2327729219,41.3794891,2.1620904,4,,,,,POINT (2.1620904 41.3794891)
2331122650,41.4185071,2.1766357,5,,,,,POINT (2.1766357 41.4185071)
2331122653,41.4187598,2.1763471,4,,,,,POINT (2.1763471 41.4187598)
2331122654,41.4177228,2.175761,3,,,,,POINT (2.175761 41.4177228)
2334441924,41.3764546,2.1447316,3,,,,,POINT (2.1447316 41.3764546)
2334441925,41.3767881,2.1457334,3,,,,,POINT (2.1457334 41.3767881)
2344314663,41.3356969,2.111532,3,,,,,POINT (2.111532 41.3356969)
2344314667,41.3358448,2.1112153,3,,,,,POINT (2.1112153 41.3358448)
2344314668,41.3361317,2.1102487,3,,,,,POINT (2.1102487 41.3361317)
2344314669,41.3357893,2.111132,3,,,,,POINT (2.111132 41.3357893)
2344314670,41.3355959,2.1114183,3,,,,,POINT (2.1114183 41.3355959)
2344314672,41.3362024,2.1105513,3,,,,,POINT (2.1105513 41.3362024)
2344314674,41.3359903,2.1122379,3,,,,,POINT (2.1122379 41.3359903)
2344645253,41.3846378,2.1223535,3,,,,,POINT (2.1223535 41.3846378)
2400214757,41.4340652,2.1690197,3,,,,,POINT (2.1690197 41.4340652)
2407326945,41.3714776,2.1620588,4,,,,,POINT (2.1620588 41.3714776)
2407328772,41.3729578,2.1559312,4,,,,,POINT (2.1559312 41.3729578)
2407371630,41.3982079,2.1870198,6,,,,,POINT (2.1870198 41.3982079)
2408251358,41.4088229,2.1042353,1,,,,,POINT (2.1042353 41.4088229)
2408251360,41.4082631,2.1067276,3,,,,,POINT (2.1067276 41.4082631)
2408544346,41.4376009,2.1661336,3,,,,,POINT (2.1661336 41.4376009)
2412830244,41.4002773,2.1637726,3,,,,,POINT (2.1637726 41.4002773)
2432714390,41.4375964,2.1871832,3,,,,,POINT (2.1871832 41.4375964)
2434351638,41.414396,2.1028886,1,,,,,POINT (2.1028886 41.414396)
2445068401,41.3689319,2.1642049,3,,,,,POINT (2.1642049 41.3689319)
2448287055,41.4010419,2.1091051,1,,,,,POINT (2.1091051 41.4010419)
2449580477,41.4019483,2.1095078,4,,,,,POINT (2.1095078 41.4019483)
2449582964,41.4029943,2.1082937,3,,,,,POINT (2.1082937 41.4029943)
2449582969,41.4023077,2.1075176,3,,,,,POINT (2.1075176 41.4023077)
2450895952,41.4314995,2.1455476,3,,,,,POINT (2.1455476 41.4314995)
2450895997,41.4277441,2.1439919,3,,,,,POINT (2.1439919 41.4277441)
2454108931,41.3998569,2.1960778,4,,,,,POINT (2.1960778 41.3998569)
2455217846,41.3520659,2.1572073,4,,,,,POINT (2.1572073 41.3520659)
2455470579,41.3523562,2.1572916,3,crossing,,,,POINT (2.1572916 41.3523562)
2456870302,41.4427227,2.1695399,3,motorway_junction,3,,,POINT (2.1695399 41.4427227)
2456870303,41.4426467,2.1696466,3,,,,,POINT (2.1696466 41.4426467)
2456870326,41.4414376,2.1668472,3,crossing,,,,POINT (2.1668472 41.4414376)
2456874969,41.4455371,2.1766271,3,crossing,,,,POINT (2.1766271 41.4455371)
2456874971,41.4452044,2.176837,3,crossing,,,,POINT (2.176837 41.4452044)
2456874973,41.4445129,2.1745328,3,motorway_junction,2,,,POINT (2.1745328 41.4445129)
2456927924,41.4405255,2.1635743,3,,,,,POINT (2.1635743 41.4405255)
2456928106,41.4081771,2.1245741,3,,,,,POINT (2.1245741 41.4081771)
2456928107,41.4088027,2.1256712,4,,,,,POINT (2.1256712 41.4088027)
2458217791,41.4111737,2.1574251,3,traffic_signals,,,,POINT (2.1574251 41.4111737)
2458217808,41.4127268,2.155474,1,,,,,POINT (2.155474 41.4127268)
2458217828,41.4119465,2.1560464,3,,,,,POINT (2.1560464 41.4119465)
2458217848,41.4112786,2.1575164,4,,,,,POINT (2.1575164 41.4112786)
2458217857,41.4120625,2.1568445,3,,,,,POINT (2.1568445 41.4120625)
2463014352,41.4095191,2.1551046,3,,,,,POINT (2.1551046 41.4095191)
2466611002,41.4030836,2.1154223,3,,,,,POINT (2.1154223 41.4030836)
2466611019,41.4057102,2.1144229,3,,,,,POINT (2.1144229 41.4057102)
2466611020,41.4059983,2.1148655,3,,,,,POINT (2.1148655 41.4059983)
2468906537,41.4254654,2.1764096,3,crossing,,,,POINT (2.1764096 41.4254654)
2468906560,41.4255957,2.1762358,3,crossing,,,,POINT (2.1762358 41.4255957)
2468906564,41.425509,2.1762403,3,,,,,POINT (2.1762403 41.425509)
2472128383,41.4148502,2.1463325,1,,,,,POINT (2.1463325 41.4148502)
2473393577,41.3972956,2.2061481,3,crossing,,,,POINT (2.2061481 41.3972956)
2473393628,41.3985132,2.204517,4,,,,,POINT (2.204517 41.3985132)
2473393632,41.398596,2.2046342,4,,,,,POINT (2.2046342 41.398596)
2473393641,41.3988556,2.2040399,3,,,,,POINT (2.2040399 41.3988556)
2473393657,41.3988958,2.2038595,3,,,,,POINT (2.2038595 41.3988958)
2473393679,41.3990376,2.2038179,3,,,,,POINT (2.2038179 41.3990376)
2473393700,41.3991287,2.2039472,3,,,,,POINT (2.2039472 41.3991287)
2473393709,41.3996894,2.2029791,3,,,,,POINT (2.2029791 41.3996894)
2473393741,41.3997728,2.2030825,3,,,,,POINT (2.2030825 41.3997728)
2473393744,41.3997522,2.2027143,3,,,,,POINT (2.2027143 41.3997522)
2473393756,41.3998862,2.2027002,3,,,,,POINT (2.2027002 41.3998862)
2473393779,41.3999419,2.2030317,3,,,,,POINT (2.2030317 41.3999419)
2473393781,41.3999834,2.2028916,3,,,,,POINT (2.2028916 41.3999834)
2473393788,41.4005658,2.2017091,3,,,,,POINT (2.2017091 41.4005658)
2473393790,41.4005484,2.2015807,3,,,,,POINT (2.2015807 41.4005484)
2473393793,41.4005765,2.2018099,3,,,,,POINT (2.2018099 41.4005765)
2473393823,41.400725,2.2016007,3,,,,,POINT (2.2016007 41.400725)
2473393838,41.4008157,2.2017194,3,,,,,POINT (2.2017194 41.4008157)
2473393839,41.4007954,2.2019075,3,,,,,POINT (2.2019075 41.4007954)
2473393849,41.4014458,2.2006534,3,,,,,POINT (2.2006534 41.4014458)
2473393853,41.4014908,2.2004504,3,,,,,POINT (2.2004504 41.4014908)
2473393875,41.4016127,2.2004112,3,,,,,POINT (2.2004112 41.4016127)
2473393884,41.40169,2.2007238,3,,,,,POINT (2.2007238 41.40169)
2473393894,41.401716,2.2005332,3,,,,,POINT (2.2005332 41.401716)
2473393899,41.4019235,2.2002568,3,,,,,POINT (2.2002568 41.4019235)
2473393905,41.4023016,2.199502,3,,,,,POINT (2.199502 41.4023016)
2473393908,41.4023155,2.199329,3,,,,,POINT (2.199329 41.4023155)
2473393922,41.4024007,2.1996477,3,,,,,POINT (2.1996477 41.4024007)
2473393932,41.4024479,2.1993089,3,,,,,POINT (2.1993089 41.4024479)
2473393938,41.4025379,2.1996456,3,,,,,POINT (2.1996456 41.4025379)
2473393954,41.4025545,2.1994401,3,,,,,POINT (2.1994401 41.4025545)
2473393967,41.4033167,2.1981649,3,,,,,POINT (2.1981649 41.4033167)
2473393976,41.4040694,2.197176,3,,,,,POINT (2.197176 41.4040694)
2473394000,41.4049281,2.1960521,3,,,,,POINT (2.1960521 41.4049281)
2473421338,41.4058122,2.1949399,3,,,,,POINT (2.1949399 41.4058122)
2473421343,41.4059148,2.1950644,3,,,,,POINT (2.1950644 41.4059148)
2473421347,41.4066794,2.193773,4,,,,,POINT (2.193773 41.4066794)
2480495525,41.4117464,2.1646861,4,,,,,POINT (2.1646861 41.4117464)
2480520707,41.4156297,2.1566479,3,,,,,POINT (2.1566479 41.4156297)
2481508957,41.4407349,2.1732051,3,,,,,POINT (2.1732051 41.4407349)
2482651061,41.4416123,2.1738279,3,,,,,POINT (2.1738279 41.4416123)
2482663903,41.4417389,2.1664185,3,,,,,POINT (2.1664185 41.4417389)
2482703292,41.3891531,2.1795205,3,,,,,POINT (2.1795205 41.3891531)
2482703305,41.3892755,2.1791554,3,,,,,POINT (2.1791554 41.3892755)
2486143412,41.4189539,2.132434,1,,,,,POINT (2.132434 41.4189539)
2494513766,41.3709983,2.1648026,1,,,,,POINT (2.1648026 41.3709983)
2494518756,41.3721787,2.158767,3,,,,,POINT (2.158767 41.3721787)
2495394055,41.371105,2.1584202,1,,,,,POINT (2.1584202 41.371105)
2495575748,41.3852581,2.1639821,3,,,,,POINT (2.1639821 41.3852581)
2495598155,41.3894252,2.1680684,4,,,,,POINT (2.1680684 41.3894252)
2496748819,41.3280481,2.1135804,1,,,,,POINT (2.1135804 41.3280481)
2497218265,41.3846427,2.1272135,4,,,,,POINT (2.1272135 41.3846427)
2497223449,41.3730954,2.1307149,4,,,,,POINT (2.1307149 41.3730954)
2498390691,41.3398732,2.1229604,3,,,,,POINT (2.1229604 41.3398732)
2501123851,41.3815524,2.1689517,3,,,,,POINT (2.1689517 41.3815524)
2501701062,41.3843961,2.1612511,3,,,,,POINT (2.1612511 41.3843961)
2501701155,41.3852213,2.1601412,4,,,,,POINT (2.1601412 41.3852213)
2501773162,41.3860552,2.1590196,3,,,,,POINT (2.1590196 41.3860552)
2505262700,41.4393221,2.156438,3,,,,,POINT (2.156438 41.4393221)
2505262717,41.4401781,2.1558858,4,,,,,POINT (2.1558858 41.4401781)
2505262735,41.4400841,2.1557653,3,,,,,POINT (2.1557653 41.4400841)
2505262744,41.4404447,2.1553403,3,,,,,POINT (2.1553403 41.4404447)
2505262805,41.4403277,2.1564317,1,,,,,POINT (2.1564317 41.4403277)
2505271482,41.4436676,2.1504309,1,,,,,POINT (2.1504309 41.4436676)
2505271505,41.4430294,2.1499881,3,,,,,POINT (2.1499881 41.4430294)
2505271509,41.4411058,2.1480224,3,,,,,POINT (2.1480224 41.4411058)
2505271514,41.4399199,2.151844,3,,,,,POINT (2.151844 41.4399199)
2505271562,41.4405964,2.14964,3,,,,,POINT (2.14964 41.4405964)
2505284838,41.4379684,2.1608242,3,,,,,POINT (2.1608242 41.4379684)
2505284839,41.4385514,2.1613785,1,,,,,POINT (2.1613785 41.4385514)
2507405102,41.382514,2.1422527,4,,,,,POINT (2.1422527 41.382514)
2507734017,41.3724518,2.1276371,3,,,,,POINT (2.1276371 41.3724518)
2508776477,41.4093988,2.2225373,3,,,,,POINT (2.2225373 41.4093988)
2509167399,41.4079449,2.1506771,4,,,,,POINT (2.1506771 41.4079449)
2509871324,41.3882478,2.1270199,4,,,,,POINT (2.1270199 41.3882478)
2510477873,41.377269,2.1469894,3,,,,,POINT (2.1469894 41.377269)
2510589068,41.3787307,2.1540544,4,,,,,POINT (2.1540544 41.3787307)
2510614158,41.3853771,2.1420972,3,,,,,POINT (2.1420972 41.3853771)
2510614164,41.3855042,2.1428173,5,,,,,POINT (2.1428173 41.3855042)
2510614172,41.3853454,2.1424506,3,,,,,POINT (2.1424506 41.3853454)
2510678721,41.387908,2.13032,3,,,,,POINT (2.13032 41.387908)
2511679138,41.3703152,2.143083,4,,,,,POINT (2.143083 41.3703152)
2511679139,41.3709758,2.1439597,4,,,,,POINT (2.1439597 41.3709758)
2513316044,41.3856409,2.1273842,3,,,,,POINT (2.1273842 41.3856409)
2521199755,41.3886513,2.1669348,3,,,,,POINT (2.1669348 41.3886513)
2524489382,41.3817524,2.1804827,1,,,,,POINT (2.1804827 41.3817524)
2525386221,41.3717454,2.162174,3,,,,,POINT (2.162174 41.3717454)
2529520245,41.3821508,2.1764674,3,,,,,POINT (2.1764674 41.3821508)
2533347689,41.4294487,2.1442642,3,,,,,POINT (2.1442642 41.4294487)
2535159267,41.4131111,2.1027063,1,,,,,POINT (2.1027063 41.4131111)
2540121387,41.4019593,2.1159852,3,,,,,POINT (2.1159852 41.4019593)
2540121396,41.402255,2.1154925,3,,,,,POINT (2.1154925 41.402255)
2540121493,41.4035354,2.118277,3,,,,,POINT (2.118277 41.4035354)
2540121494,41.4037361,2.1184865,3,,,,,POINT (2.1184865 41.4037361)
2540121495,41.4038119,2.1178265,3,,,,,POINT (2.1178265 41.4038119)
2540149361,41.4016464,2.1201865,3,,,,,POINT (2.1201865 41.4016464)
2540149363,41.4025209,2.1198318,3,,,,,POINT (2.1198318 41.4025209)
2544110805,41.4382382,2.2029595,3,,,,,POINT (2.2029595 41.4382382)
2544110806,41.4373057,2.2031294,3,,,,,POINT (2.2031294 41.4373057)
2547523141,41.3632866,2.140396,1,,,,,POINT (2.140396 41.3632866)
2548985998,41.3633686,2.1409778,1,,,,,POINT (2.1409778 41.3633686)
2548986000,41.3623968,2.1414836,3,,,,,POINT (2.1414836 41.3623968)
2558969940,41.3795585,2.1912174,4,,,,,POINT (2.1912174 41.3795585)
2560076882,41.3794452,2.1659191,3,,,,,POINT (2.1659191 41.3794452)
2560087403,41.3844395,2.1337005,4,,,,,POINT (2.1337005 41.3844395)
2565812032,41.4337946,2.1633457,3,,,,,POINT (2.1633457 41.4337946)
2574540159,41.4247035,2.1832063,3,,,,,POINT (2.1832063 41.4247035)
2574540162,41.4247247,2.1829788,3,,,,,POINT (2.1829788 41.4247247)
2574632147,41.4341898,2.1880637,3,,,,,POINT (2.1880637 41.4341898)
2578612972,41.4004112,2.2068543,4,,,,,POINT (2.2068543 41.4004112)
2578612975,41.4029746,2.2100244,4,,,,,POINT (2.2100244 41.4029746)
2578612978,41.4118035,2.2119132,4,,,,,POINT (2.2119132 41.4118035)
2578612979,41.4100917,2.2142011,4,,,,,POINT (2.2142011 41.4100917)
2579362580,41.4048134,2.1681091,3,,,,,POINT (2.1681091 41.4048134)
2579362585,41.4056588,2.1669819,3,,,,,POINT (2.1669819 41.4056588)
2582773742,41.3561278,2.1451227,3,,,,,POINT (2.1451227 41.3561278)
2582773743,41.3565689,2.1456518,3,,,,,POINT (2.1456518 41.3565689)
2582773744,41.3569656,2.1450129,1,,,,,POINT (2.1450129 41.3569656)
2588057862,41.3824261,2.1399498,3,,,,,POINT (2.1399498 41.3824261)
2589060116,41.4050202,2.1870323,3,,,,,POINT (2.1870323 41.4050202)
2590731984,41.4016928,2.1218262,5,,,,,POINT (2.1218262 41.4016928)
2593809553,41.4007288,2.1994247,4,,,,,POINT (2.1994247 41.4007288)
2593809554,41.399887,2.198314,4,,,,,POINT (2.198314 41.399887)
2593809556,41.4010957,2.1854138,3,,,,,POINT (2.1854138 41.4010957)
2606686453,41.4419653,2.1727252,3,,,,,POINT (2.1727252 41.4419653)
2606686471,41.4398327,2.1742958,3,,,,,POINT (2.1742958 41.4398327)
2606686492,41.4397307,2.1725734,3,,,,,POINT (2.1725734 41.4397307)
2606686529,41.4378123,2.1692277,1,,,,,POINT (2.1692277 41.4378123)
2606686537,41.4382302,2.1662462,1,,,,,POINT (2.1662462 41.4382302)
2606686550,41.4350614,2.1666431,3,,,,,POINT (2.1666431 41.4350614)
2606686554,41.4349829,2.1669021,3,,,,,POINT (2.1669021 41.4349829)
2606686558,41.4378668,2.1636624,1,,,,,POINT (2.1636624 41.4378668)
2606686560,41.4383328,2.1628388,3,,,,,POINT (2.1628388 41.4383328)
2606686562,41.4392321,2.1617907,1,,,,,POINT (2.1617907 41.4392321)
2606686566,41.4395381,2.1627725,3,,,,,POINT (2.1627725 41.4395381)
2606686567,41.439523,2.1631683,3,,,,,POINT (2.1631683 41.439523)
2610196546,41.3593114,2.1357056,3,,,,,POINT (2.1357056 41.3593114)
2620772655,41.3999872,2.1199639,3,,,,,POINT (2.1199639 41.3999872)
2625927687,41.3980048,2.1360683,1,,,,,POINT (2.1360683 41.3980048)
2627845567,41.4164547,2.188212,3,,,,,POINT (2.188212 41.4164547)
2628897485,41.4236004,2.153096,4,,,,,POINT (2.153096 41.4236004)
2628901268,41.4222604,2.1565954,3,,,,,POINT (2.1565954 41.4222604)
2630574142,41.421351,2.1501671,3,,,,,POINT (2.1501671 41.421351)
2630581373,41.4223049,2.1499264,1,,,,,POINT (2.1499264 41.4223049)
2650585622,41.4342266,2.1648268,3,,,,,POINT (2.1648268 41.4342266)
2650585624,41.4346216,2.1649812,3,,,,,POINT (2.1649812 41.4346216)
2650585625,41.4340201,2.1657311,1,,,,,POINT (2.1657311 41.4340201)
2650585626,41.4339178,2.1679788,1,,,,,POINT (2.1679788 41.4339178)
2650585628,41.4340319,2.1674926,3,,,,,POINT (2.1674926 41.4340319)
2650585629,41.4337743,2.1673815,3,,,,,POINT (2.1673815 41.4337743)
2650585630,41.4340978,2.1672188,3,,,,,POINT (2.1672188 41.4340978)
2650585631,41.4338398,2.1671135,3,,,,,POINT (2.1671135 41.4338398)
2650585632,41.4341568,2.1669609,3,,,,,POINT (2.1669609 41.4341568)
2650585633,41.433899,2.1668591,3,,,,,POINT (2.1668591 41.433899)
2650585634,41.4342181,2.1666999,3,,,,,POINT (2.1666999 41.4342181)
2650585635,41.4339615,2.1665973,3,,,,,POINT (2.1665973 41.4339615)
2650585636,41.4342795,2.1664383,3,,,,,POINT (2.1664383 41.4342795)
2650585637,41.4340244,2.1663336,3,,,,,POINT (2.1663336 41.4340244)
2650778307,41.4290202,2.1567069,3,,,,,POINT (2.1567069 41.4290202)
2650778313,41.4289621,2.1564966,3,traffic_signals,,,,POINT (2.1564966 41.4289621)
2650778327,41.4289651,2.1568686,3,traffic_signals,,,,POINT (2.1568686 41.4289651)
2650778329,41.4288908,2.1566549,4,,,,,POINT (2.1566549 41.4288908)
2655293351,41.3976998,2.2022859,3,,,,,POINT (2.2022859 41.3976998)
2655765586,41.424105,2.1634372,3,,,,,POINT (2.1634372 41.424105)
2655765587,41.4234977,2.1635986,3,,,,,POINT (2.1635986 41.4234977)
2657778372,41.4306749,2.1644119,3,,,,,POINT (2.1644119 41.4306749)
2665086493,41.4265904,2.163673,3,,,,,POINT (2.163673 41.4265904)
2665086494,41.4265769,2.1648169,3,,,,,POINT (2.1648169 41.4265769)
2665243611,41.4276518,2.1571929,3,,,,,POINT (2.1571929 41.4276518)
2665264307,41.4300285,2.1567192,3,,,,,POINT (2.1567192 41.4300285)
2665264314,41.4298331,2.159036,3,,,,,POINT (2.159036 41.4298331)
2665264315,41.4296634,2.159101,4,crossing,,,,POINT (2.159101 41.4296634)
2670313178,41.3700135,2.1339778,3,,,,,POINT (2.1339778 41.3700135)
2670313223,41.3710701,2.1345314,4,,,,,POINT (2.1345314 41.3710701)
2671070787,41.3699722,2.1340706,3,,,,,POINT (2.1340706 41.3699722)
2671247018,41.3701433,2.1327022,3,,,,,POINT (2.1327022 41.3701433)
2676998917,41.4257999,2.1749811,3,,,,,POINT (2.1749811 41.4257999)
2676998918,41.426897,2.1755204,4,,,,,POINT (2.1755204 41.426897)
2677000058,41.4274366,2.1736669,3,,,,,POINT (2.1736669 41.4274366)
2677447194,41.3956652,2.1880872,4,,,,,POINT (2.1880872 41.3956652)
2677447201,41.3965148,2.1870047,5,,,,,POINT (2.1870047 41.3965148)
2681806809,41.3944897,2.1091921,3,,,,,POINT (2.1091921 41.3944897)
2681810540,41.3933639,2.1070449,3,,,,,POINT (2.1070449 41.3933639)
2681810541,41.3937074,2.1064427,2,,,,,POINT (2.1064427 41.3937074)
2681810542,41.3943745,2.1071659,3,,,,,POINT (2.1071659 41.3943745)
2681810911,41.3938677,2.1066157,2,,,,,POINT (2.1066157 41.3938677)
2681819413,41.4056367,2.1382862,3,,,,,POINT (2.1382862 41.4056367)
2682207964,41.4059578,2.1137793,1,,,,,POINT (2.1137793 41.4059578)
2682341324,41.4046076,2.1228043,1,,,,,POINT (2.1228043 41.4046076)
2683383072,41.4091091,2.116323,1,,,,,POINT (2.116323 41.4091091)
2684144699,41.4417173,2.1815606,3,,,,,POINT (2.1815606 41.4417173)
2686522116,41.3751364,2.1498811,4,,,,,POINT (2.1498811 41.3751364)
2686563655,41.4411246,2.1744107,3,,,,,POINT (2.1744107 41.4411246)
2686563657,41.4421561,2.1759203,3,,,,,POINT (2.1759203 41.4421561)
2686563658,41.4438051,2.1769995,3,,,,,POINT (2.1769995 41.4438051)
2687171803,41.4375803,2.1859925,1,,,,,POINT (2.1859925 41.4375803)
2687171805,41.4380149,2.1882873,3,,,,,POINT (2.1882873 41.4380149)
2687171807,41.4393546,2.1886577,3,,,,,POINT (2.1886577 41.4393546)
2687171808,41.4396417,2.1886066,3,,,,,POINT (2.1886066 41.4396417)
2687171809,41.4352655,2.1917691,3,,,,,POINT (2.1917691 41.4352655)
2687171810,41.4348165,2.1921847,3,,,,,POINT (2.1921847 41.4348165)
2687171811,41.4347472,2.1919666,3,,,,,POINT (2.1919666 41.4347472)
2689486042,41.4387196,2.1954738,3,,,,,POINT (2.1954738 41.4387196)
2689486049,41.4391159,2.1954395,3,,,,,POINT (2.1954395 41.4391159)
2689685268,41.4269021,2.1710165,3,,,yes,,POINT (2.1710165 41.4269021)
2689685273,41.424029,2.1563273,2,,,,,POINT (2.1563273 41.424029)
2689711017,41.4254312,2.1544352,3,,,,,POINT (2.1544352 41.4254312)
2690159866,41.4107719,2.1727021,4,,,,,POINT (2.1727021 41.4107719)
2691045785,41.3736553,2.136442,3,,,,,POINT (2.136442 41.3736553)
2691045787,41.373735,2.1366564,3,,,,,POINT (2.1366564 41.373735)
2691105735,41.3740479,2.1475185,3,crossing,,,,POINT (2.1475185 41.3740479)
2691107011,41.3753554,2.1379521,3,,,,,POINT (2.1379521 41.3753554)
2692588225,41.3754041,2.1354993,4,,,,,POINT (2.1354993 41.3754041)
2697516077,41.4249127,2.1420524,3,,,,,POINT (2.1420524 41.4249127)
2704433481,41.3974257,2.1558101,1,,,,,POINT (2.1558101 41.3974257)
2704791825,41.4160587,2.148337,3,,,,,POINT (2.148337 41.4160587)
2706190119,41.4317285,2.1620276,1,,,,,POINT (2.1620276 41.4317285)
2706190120,41.4318079,2.1628405,3,,,,,POINT (2.1628405 41.4318079)
2706190138,41.4323334,2.1630964,3,,,,,POINT (2.1630964 41.4323334)
2706190156,41.432709,2.1600685,1,,,,,POINT (2.1600685 41.432709)
2706190189,41.4333322,2.1590279,4,,,,,POINT (2.1590279 41.4333322)
2706190190,41.4326991,2.1583768,4,,,,,POINT (2.1583768 41.4326991)
2706190196,41.4301649,2.1605024,3,,,,,POINT (2.1605024 41.4301649)
2706253140,41.4282265,2.1578188,3,,,,,POINT (2.1578188 41.4282265)
2706253150,41.4289389,2.1571286,3,,,,,POINT (2.1571286 41.4289389)
2706292285,41.440711,2.1631242,3,,,,,POINT (2.1631242 41.440711)
2706292286,41.4414141,2.1626517,3,,,,,POINT (2.1626517 41.4414141)
2706292292,41.4413111,2.1665098,3,traffic_signals,,,,POINT (2.1665098 41.4413111)
2706885261,41.4375902,2.1709868,3,,,,,POINT (2.1709868 41.4375902)
2706990655,41.4341807,2.1645539,3,,,,,POINT (2.1645539 41.4341807)
2706990669,41.4350399,2.1666879,3,,,,,POINT (2.1666879 41.4350399)
2706990672,41.4348665,2.167184,3,,,,,POINT (2.167184 41.4348665)
2706990676,41.4346427,2.1677628,4,,,,,POINT (2.1677628 41.4346427)
2707017763,41.4305464,2.1633517,3,,,,,POINT (2.1633517 41.4305464)
2707017764,41.4304556,2.1630178,3,,,,,POINT (2.1630178 41.4304556)
2707017770,41.4275574,2.1629044,3,,,,,POINT (2.1629044 41.4275574)
2707139547,41.4252109,2.15777,5,,,,,POINT (2.15777 41.4252109)
2707390543,41.4382037,2.1744872,3,,,,,POINT (2.1744872 41.4382037)
2708786158,41.4303605,2.1719639,4,,,,,POINT (2.1719639 41.4303605)
2708786214,41.4296144,2.1619632,4,,,,,POINT (2.1619632 41.4296144)
2708786228,41.4310382,2.1670448,3,,,,,POINT (2.1670448 41.4310382)
2709095307,41.4299882,2.1956414,3,,,,,POINT (2.1956414 41.4299882)
2709095334,41.4350749,2.1945063,3,,,,,POINT (2.1945063 41.4350749)
2709095335,41.4349498,2.19439,3,,,,,POINT (2.19439 41.4349498)
2709095336,41.435147,2.1945748,3,,,,,POINT (2.1945748 41.435147)
2709095344,41.4298485,2.1953569,3,,,,,POINT (2.1953569 41.4298485)
2713983941,41.4277649,2.1772585,4,,,,,POINT (2.1772585 41.4277649)
2742735015,41.4008952,2.1074294,1,,,,,POINT (2.1074294 41.4008952)
2742735113,41.4020186,2.1064878,3,,,,,POINT (2.1064878 41.4020186)
2742735137,41.4023119,2.108734,1,,,,,POINT (2.108734 41.4023119)
2742735175,41.4029922,2.1068565,1,turning_circle,,,,POINT (2.1068565 41.4029922)
2746283675,41.3978884,2.1300288,4,crossing,,,,POINT (2.1300288 41.3978884)
2749832743,41.4441057,2.1871974,4,,,,,POINT (2.1871974 41.4441057)
2749938625,41.4094379,2.1812185,4,crossing,,,,POINT (2.1812185 41.4094379)
2757833228,41.4345454,2.1840026,3,,,,,POINT (2.1840026 41.4345454)
2757833232,41.431487,2.1844331,3,,,,,POINT (2.1844331 41.431487)
2757843069,41.4304251,2.1855163,3,,,,,POINT (2.1855163 41.4304251)
2757843070,41.4310274,2.1853781,3,,,,,POINT (2.1853781 41.4310274)
2760236003,41.4148413,2.1857266,3,,,,,POINT (2.1857266 41.4148413)
2760236004,41.4144042,2.186789,3,,,,,POINT (2.186789 41.4144042)
2760236007,41.4087621,2.1836653,4,,,,,POINT (2.1836653 41.4087621)
2760236008,41.4092807,2.1843446,1,,,,,POINT (2.1843446 41.4092807)
2767286491,41.4015355,2.2007761,3,,,,,POINT (2.2007761 41.4015355)
2767286533,41.4054726,2.2067338,3,,,,,POINT (2.2067338 41.4054726)
2767355572,41.4232405,2.183093,4,crossing,,,,POINT (2.183093 41.4232405)
2781080535,41.3911712,2.1706121,3,,,,,POINT (2.1706121 41.3911712)
2781080542,41.3919334,2.1716265,3,,,,,POINT (2.1716265 41.3919334)
2810558860,41.4301572,2.1907441,3,,,,,POINT (2.1907441 41.4301572)
2810558864,41.4310335,2.1901069,3,,,,,POINT (2.1901069 41.4310335)
2810558865,41.431334,2.1916318,3,,,,,POINT (2.1916318 41.431334)
2810558866,41.4297001,2.1916711,3,,,,,POINT (2.1916711 41.4297001)
2810558868,41.4274809,2.1948,2,,,,,POINT (2.1948 41.4274809)
2815387253,41.4341547,2.165785,1,,,,,POINT (2.165785 41.4341547)
2815387254,41.4344246,2.1649033,3,,,,,POINT (2.1649033 41.4344246)
2815387255,41.4343404,2.1652735,4,,,,,POINT (2.1652735 41.4343404)
2815387256,41.4342169,2.1658085,1,,,,,POINT (2.1658085 41.4342169)
2815411492,41.43448,2.1667006,3,,,,,POINT (2.1667006 41.43448)
2815411493,41.4345457,2.1664191,3,,,,,POINT (2.1664191 41.4345457)
2815411494,41.4344135,2.1669856,3,,,,,POINT (2.1669856 41.4344135)
2819073400,41.3957331,2.1696043,3,,,,,POINT (2.1696043 41.3957331)
2828177967,41.3753524,2.1543224,3,,,,,POINT (2.1543224 41.3753524)
2844600654,41.4641516,2.1854987,3,,,,,POINT (2.1854987 41.4641516)
2845227568,41.3550711,2.1387288,4,traffic_signals,,,,POINT (2.1387288 41.3550711)
2850693122,41.3787576,2.1755509,3,,,,,POINT (2.1755509 41.3787576)
2852358816,41.4194541,2.1553294,2,,,,,POINT (2.1553294 41.4194541)
2868282080,41.4187908,2.1777056,3,,,,,POINT (2.1777056 41.4187908)
2869959974,41.4184871,2.1741536,3,,,,,POINT (2.1741536 41.4184871)
2869959975,41.4183277,2.1741743,3,,,,,POINT (2.1741743 41.4183277)
2869959976,41.4180038,2.1750582,3,,,,,POINT (2.1750582 41.4180038)
2869959981,41.4173157,2.175253,4,,,,,POINT (2.175253 41.4173157)
2869959982,41.4167709,2.1746077,4,,,,,POINT (2.1746077 41.4167709)
2869959983,41.4168001,2.1762819,3,,,,,POINT (2.1762819 41.4168001)
2869959984,41.4179189,2.1770817,4,,,,,POINT (2.1770817 41.4179189)
2869959985,41.4163147,2.1759157,4,,,,,POINT (2.1759157 41.4163147)
2869959988,41.4159032,2.1793539,3,,,,,POINT (2.1793539 41.4159032)
2869959989,41.4155209,2.1789721,3,,,,,POINT (2.1789721 41.4155209)
2869959990,41.4157824,2.1796818,3,,,,,POINT (2.1796818 41.4157824)
2869959995,41.4153332,2.1792144,3,,,,,POINT (2.1792144 41.4153332)
2869959997,41.4142863,2.1711913,3,,,,,POINT (2.1711913 41.4142863)
2869959998,41.4140844,2.1713989,4,,,,,POINT (2.1713989 41.4140844)
2869959999,41.4138728,2.1717312,3,,,,,POINT (2.1717312 41.4138728)
2880318074,41.3523666,2.140916,1,,,,,POINT (2.140916 41.3523666)
2880318085,41.3503193,2.1382374,2,,,,,POINT (2.1382374 41.3503193)
2881600611,41.4117475,2.1648782,4,,,,,POINT (2.1648782 41.4117475)
2888259002,41.3684117,2.1405567,4,,,,,POINT (2.1405567 41.3684117)
2888571936,41.3699111,2.1425518,3,,,,,POINT (2.1425518 41.3699111)
2888571939,41.3701045,2.1423577,4,,,,,POINT (2.1423577 41.3701045)
2888571940,41.3711616,2.1437758,4,,,,,POINT (2.1437758 41.3711616)
2888571942,41.3718487,2.1446871,3,,,,,POINT (2.1446871 41.3718487)
2888571943,41.3729272,2.1461368,4,,,,,POINT (2.1461368 41.3729272)
2888610566,41.368813,2.1410948,3,,,,,POINT (2.1410948 41.368813)
2891400538,41.3684919,2.1404531,4,,,,,POINT (2.1404531 41.3684919)
2914411511,41.3983177,2.1333029,4,,,,,POINT (2.1333029 41.3983177)
2914602299,41.435301,2.1917491,3,,,,,POINT (2.1917491 41.435301)
2914607801,41.4352732,2.1908755,3,,,,,POINT (2.1908755 41.4352732)
2914607831,41.4381199,2.191108,3,,,,,POINT (2.191108 41.4381199)
2914607832,41.4381451,2.1921659,3,,,,,POINT (2.1921659 41.4381451)
2915525921,41.3666445,2.1369761,3,,,,,POINT (2.1369761 41.3666445)
2917908492,41.387761,2.1431572,4,,,,,POINT (2.1431572 41.387761)
2920082947,41.4467974,2.201415,3,,,,,POINT (2.201415 41.4467974)
2935116246,41.4006444,2.1567891,1,,,,,POINT (2.1567891 41.4006444)
2935126835,41.3984169,2.158384,1,,,,,POINT (2.158384 41.3984169)
2935501558,41.3975725,2.1560452,1,,,,,POINT (2.1560452 41.3975725)
2936643034,41.4431292,2.1863569,3,,001240,,,POINT (2.1863569 41.4431292)
2936643036,41.442474,2.1856354,3,,,,,POINT (2.1856354 41.442474)
2936643037,41.442401,2.186122,3,,,,,POINT (2.186122 41.442401)
2936643038,41.4425414,2.1857154,4,,,,,POINT (2.1857154 41.4425414)
2936643039,41.4426527,2.1856193,3,,,,,POINT (2.1856193 41.4426527)
2936643049,41.449493,2.1876622,3,,,,,POINT (2.1876622 41.449493)
2943754880,41.4135076,2.1059076,1,turning_circle,,,,POINT (2.1059076 41.4135076)
2943846077,41.408983,2.1019757,3,,,,,POINT (2.1019757 41.408983)
2943846078,41.4088736,2.1019191,3,crossing,,,,POINT (2.1019191 41.4088736)
2952200687,41.3811838,2.1868885,3,,,,,POINT (2.1868885 41.3811838)
2954961669,41.4527626,2.1891905,3,,,,,POINT (2.1891905 41.4527626)
2955004628,41.4529442,2.1890887,3,,,,,POINT (2.1890887 41.4529442)
2956932678,41.4362013,2.205216,3,,,,,POINT (2.205216 41.4362013)
2956932682,41.4366602,2.203247,3,,,,,POINT (2.203247 41.4366602)
2956932683,41.4369514,2.2056333,3,,,,,POINT (2.2056333 41.4369514)
2965670786,41.4341458,2.2044017,3,,,,,POINT (2.2044017 41.4341458)
2965670790,41.4342,2.2058415,3,,,,,POINT (2.2058415 41.4342)
2965670793,41.4343533,2.2073466,3,,,,,POINT (2.2073466 41.4343533)
2965670796,41.434435,2.2073285,3,,,,,POINT (2.2073285 41.434435)
2968123724,41.4047273,2.1237475,1,,,,,POINT (2.1237475 41.4047273)
2968494628,41.4394374,2.1870937,3,,,,,POINT (2.1870937 41.4394374)
2976987341,41.4404602,2.1832413,3,,,,,POINT (2.1832413 41.4404602)
2983305215,41.440083,2.1632816,3,,,,,POINT (2.1632816 41.440083)
2983305741,41.4417078,2.1663358,3,crossing,,,,POINT (2.1663358 41.4417078)
2983305742,41.4417674,2.1664943,3,,,,,POINT (2.1664943 41.4417674)
2983345304,41.446173,2.1794456,3,,,,,POINT (2.1794456 41.446173)
2983345305,41.4463901,2.1802572,3,,,,,POINT (2.1802572 41.4463901)
2983345317,41.4465711,2.1800485,3,,,,,POINT (2.1800485 41.4465711)
2984928288,41.3741917,2.1768073,3,,,,,POINT (2.1768073 41.3741917)
2984928319,41.3744217,2.176325,3,,,,,POINT (2.176325 41.3744217)
2984928320,41.3744315,2.1760784,3,,,,,POINT (2.1760784 41.3744315)
2984948749,41.3747067,2.1732011,4,,,,,POINT (2.1732011 41.3747067)
2986603865,41.4319749,2.1939247,4,,,,,POINT (2.1939247 41.4319749)
2993804551,41.3528354,2.1564441,3,,,,,POINT (2.1564441 41.3528354)
3005325687,41.4158799,2.1962708,3,,,,,POINT (2.1962708 41.4158799)
3005325693,41.415939,2.1963498,3,,,,,POINT (2.1963498 41.415939)
3005325699,41.4175608,2.1941921,3,,,,,POINT (2.1941921 41.4175608)
3005325705,41.4174987,2.1941107,3,,,,,POINT (2.1941107 41.4174987)
3005325715,41.4184211,2.1953203,3,,,,,POINT (2.1953203 41.4184211)
3005325716,41.4167263,2.1974017,3,,,,,POINT (2.1974017 41.4167263)
3005325720,41.4167901,2.1974865,3,,,,,POINT (2.1974865 41.4167901)
3005325724,41.4175617,2.1964502,4,,,,,POINT (2.1964502 41.4175617)
3005856816,41.4148287,2.1600561,1,,,,,POINT (2.1600561 41.4148287)
3007591790,41.4132242,2.1586893,3,,,,,POINT (2.1586893 41.4132242)
3007591791,41.4139301,2.1599473,3,,,,,POINT (2.1599473 41.4139301)
3007755767,41.4083003,2.1538323,1,crossing,,,,POINT (2.1538323 41.4083003)
3010592029,41.3701764,2.1752507,3,,,,,POINT (2.1752507 41.3701764)
3040074834,41.4211751,2.1985099,3,,,,,POINT (2.1985099 41.4211751)
3040074835,41.4210749,2.1988493,3,,,,,POINT (2.1988493 41.4210749)
3040075734,41.4209722,2.1982496,3,,,,,POINT (2.1982496 41.4209722)
3040075933,41.4207973,2.1984757,3,,,,,POINT (2.1984757 41.4207973)
3044253138,41.409957,2.20531,3,,,,,POINT (2.20531 41.409957)
3045198147,41.4141476,2.1987665,3,,,,,POINT (2.1987665 41.4141476)
3045198148,41.4142514,2.1986199,1,,,,,POINT (2.1986199 41.4142514)
3047640925,41.3929133,2.1681238,3,,,,,POINT (2.1681238 41.3929133)
3047640927,41.3929786,2.1680368,1,,,,,POINT (2.1680368 41.3929786)
3047640929,41.393681,2.1646319,3,,,,,POINT (2.1646319 41.393681)
3047640930,41.3945358,2.1634922,3,,,,,POINT (2.1634922 41.3945358)
3048036439,41.3994144,2.2069534,1,,,,,POINT (2.2069534 41.3994144)
3048036440,41.400159,2.2065658,3,,,,,POINT (2.2065658 41.400159)
3048045041,41.3992551,2.2071879,3,,,,,POINT (2.2071879 41.3992551)
3048076440,41.399555,2.2067407,1,,,,,POINT (2.2067407 41.399555)
3048076639,41.3997217,2.2064977,3,,,,,POINT (2.2064977 41.3997217)
3048076640,41.4005044,2.2060416,3,,,,,POINT (2.2060416 41.4005044)
3048077340,41.3998967,2.2062454,3,,,,,POINT (2.2062454 41.3998967)
3048083034,41.3999132,2.206722,3,,,,,POINT (2.206722 41.3999132)
3049188159,41.3648481,2.1356558,3,,,,,POINT (2.1356558 41.3648481)
3049188160,41.3649011,2.1355878,3,,,,,POINT (2.1355878 41.3649011)
3049188188,41.3674087,2.139007,5,,,,,POINT (2.139007 41.3674087)
3049188195,41.3703944,2.1429796,4,,,,,POINT (2.1429796 41.3703944)
3049188196,41.3704785,2.1428543,3,,,,,POINT (2.1428543 41.3704785)
3049188200,41.3728266,2.1464363,3,,,,,POINT (2.1464363 41.3728266)
3049188203,41.3732624,2.1468921,3,,,,,POINT (2.1468921 41.3732624)
3049188205,41.3733347,2.1471381,3,,,,,POINT (2.1471381 41.3733347)
3049188208,41.3735495,2.1474355,3,,,,,POINT (2.1474355 41.3735495)
3053342333,41.3968404,2.1593622,3,,,,,POINT (2.1593622 41.3968404)
3053899378,41.4139963,2.1706352,3,crossing,,,,POINT (2.1706352 41.4139963)
3053899379,41.4250495,2.1799213,3,,,,,POINT (2.1799213 41.4250495)
3053899381,41.4248914,2.1801287,3,,,,,POINT (2.1801287 41.4248914)
3053899384,41.4251747,2.1797566,3,,,,,POINT (2.1797566 41.4251747)
3055101083,41.4012855,2.1279815,1,,,,,POINT (2.1279815 41.4012855)
3055101084,41.4038617,2.1240855,1,,,,,POINT (2.1240855 41.4038617)
3055101088,41.4051114,2.1236541,1,,,,,POINT (2.1236541 41.4051114)
3055101089,41.4055183,2.1221283,1,,,,,POINT (2.1221283 41.4055183)
3055187866,41.4057893,2.1334944,3,,,,,POINT (2.1334944 41.4057893)
3055187867,41.4056114,2.1338143,1,,,,,POINT (2.1338143 41.4056114)
3055187868,41.4128938,2.1298978,3,,,,,POINT (2.1298978 41.4128938)
3055187869,41.4010839,2.1390353,3,,,,,POINT (2.1390353 41.4010839)
3055187870,41.4015288,2.1396322,3,,,,,POINT (2.1396322 41.4015288)
3055187871,41.4016283,2.1394969,3,,,,,POINT (2.1394969 41.4016283)
3055187872,41.4040508,2.138933,3,,,,,POINT (2.138933 41.4040508)
3055187873,41.4043366,2.13922,3,,,,,POINT (2.13922 41.4043366)
3055187874,41.4036758,2.1395967,1,,,,,POINT (2.1395967 41.4036758)
3055187877,41.4015034,2.1420441,3,,,,,POINT (2.1420441 41.4015034)
3055187878,41.4017369,2.141898,1,,,,,POINT (2.141898 41.4017369)
3059542903,41.4408072,2.1879208,4,,,,,POINT (2.1879208 41.4408072)
3059542904,41.4410526,2.187115,3,,,,,POINT (2.187115 41.4410526)
3067636560,41.4106688,2.1113615,1,,,,,POINT (2.1113615 41.4106688)
3072940587,41.4319073,2.1989112,1,,,,,POINT (2.1989112 41.4319073)
3075809787,41.3975024,2.2033098,3,,,,,POINT (2.2033098 41.3975024)
3085906940,41.3711807,2.1580379,1,,,,,POINT (2.1580379 41.3711807)
3088674065,41.3664334,2.1664929,3,,,,,POINT (2.1664929 41.3664334)
3091102867,41.4125447,2.142897,3,,,,,POINT (2.142897 41.4125447)
3096906055,41.3793415,2.1654441,3,,,,,POINT (2.1654441 41.3793415)
3109205926,41.4078166,2.187015,3,,,,,POINT (2.187015 41.4078166)
3109205928,41.4078012,2.1876759,1,,,,,POINT (2.1876759 41.4078012)
3109574422,41.3850333,2.1332872,3,,,,,POINT (2.1332872 41.3850333)
3109574423,41.3848257,2.1327345,1,,,,,POINT (2.1327345 41.3848257)
3109574424,41.3871522,2.1366531,3,,,,,POINT (2.1366531 41.3871522)
3109574426,41.3866919,2.1359997,1,,,,,POINT (2.1359997 41.3866919)
3120231147,41.4121209,2.1457192,3,,,,,POINT (2.1457192 41.4121209)
3120231148,41.4121103,2.1463131,3,,,,,POINT (2.1463131 41.4121103)
3129196076,41.4169552,2.181593,3,,,,,POINT (2.181593 41.4169552)
3129196082,41.4164083,2.1812611,3,,,,,POINT (2.1812611 41.4164083)
3129196084,41.4181266,2.1808523,3,,,,,POINT (2.1808523 41.4181266)
3129196088,41.4190371,2.1812137,1,,,,,POINT (2.1812137 41.4190371)
3134509198,41.3964896,2.1847567,4,,,,,POINT (2.1847567 41.3964896)
3134765933,41.3810956,2.1421596,3,,,,,POINT (2.1421596 41.3810956)
3134765936,41.381116,2.1425156,3,,,,,POINT (2.1425156 41.381116)
3136662657,41.4014031,2.1359643,3,,,,,POINT (2.1359643 41.4014031)
3136662659,41.4013264,2.1358137,3,,,,,POINT (2.1358137 41.4013264)
3141525071,41.3973483,2.1627089,5,,,,,POINT (2.1627089 41.3973483)
3145262115,41.3532007,2.1339658,2,,,,,POINT (2.1339658 41.3532007)
3145723390,41.3700726,2.1300027,3,,,,,POINT (2.1300027 41.3700726)
3154064258,41.4330566,2.1685684,1,,,,,POINT (2.1685684 41.4330566)
3181254555,41.3846801,2.1526816,3,,,,,POINT (2.1526816 41.3846801)
3182649498,41.3697666,2.1328335,4,,,,,POINT (2.1328335 41.3697666)
3182649502,41.3756693,2.130624,3,,,,,POINT (2.130624 41.3756693)
3182649504,41.3767092,2.1301216,3,,,,,POINT (2.1301216 41.3767092)
3184350832,41.3881912,2.1824195,5,,,,,POINT (2.1824195 41.3881912)
3184350843,41.3886127,2.1814226,3,crossing,,,,POINT (2.1814226 41.3886127)
3191418776,41.3906063,2.1373084,4,,,,,POINT (2.1373084 41.3906063)
3191418779,41.3999475,2.134846,4,,,,,POINT (2.134846 41.3999475)
3191418780,41.3999534,2.1346778,3,,,,,POINT (2.1346778 41.3999534)
3191418787,41.4112465,2.1575542,4,,,,,POINT (2.1575542 41.4112465)
3191418795,41.4002878,2.1345277,2,,,,,POINT (2.1345277 41.4002878)
3193312157,41.400943,2.1765478,5,,,,,POINT (2.1765478 41.400943)
3193317991,41.400962,2.1788592,4,,,,,POINT (2.1788592 41.400962)
3196072505,41.412009,2.1314292,3,,,,,POINT (2.1314292 41.412009)
3196795880,41.39524,2.1176992,3,,,,,POINT (2.1176992 41.39524)
3196847751,41.4074753,2.1748564,3,,,,,POINT (2.1748564 41.4074753)
3196847752,41.4082957,2.1759561,3,,,,,POINT (2.1759561 41.4082957)
3196848556,41.404561,2.1743628,3,crossing,,,,POINT (2.1743628 41.404561)
3199153776,41.4628358,2.1799467,3,motorway_junction,,,,POINT (2.1799467 41.4628358)
3200354845,41.4070788,2.1870171,3,,,,,POINT (2.1870171 41.4070788)
3207273319,41.3991631,2.1696082,4,,,,,POINT (2.1696082 41.3991631)
3207831035,41.390097,2.1646434,3,,,,,POINT (2.1646434 41.390097)
3208632836,41.4132989,2.1347596,4,,,,,POINT (2.1347596 41.4132989)
3209362420,41.4382292,2.2053605,3,,,,,POINT (2.2053605 41.4382292)
3209362421,41.4382921,2.2058972,3,,,,,POINT (2.2058972 41.4382921)
3213093362,41.3949679,2.1506089,3,,,,,POINT (2.1506089 41.3949679)
3214268717,41.3799544,2.1614725,3,,,,,POINT (2.1614725 41.3799544)
3214268719,41.3790852,2.160312,3,,,,,POINT (2.160312 41.3790852)
3218700096,41.3859404,2.1646966,4,,,,,POINT (2.1646966 41.3859404)
3229689808,41.389637,2.1685474,3,crossing,,,,POINT (2.1685474 41.389637)
3230125668,41.3704265,2.1388155,3,,,,,POINT (2.1388155 41.3704265)
3244020217,41.408211,2.2240543,1,,,,,POINT (2.2240543 41.408211)
3251137562,41.4243009,2.1636087,1,,,,,POINT (2.1636087 41.4243009)
3275080331,41.3839106,2.1167192,3,,,,,POINT (2.1167192 41.3839106)
3275080339,41.3835299,2.1169043,3,,,,,POINT (2.1169043 41.3835299)
3275080341,41.3834987,2.1168145,3,,,,,POINT (2.1168145 41.3834987)
3275080767,41.3831676,2.1170977,3,,,,,POINT (2.1170977 41.3831676)
3285483283,41.3972621,2.1131293,3,,,,,POINT (2.1131293 41.3972621)
3285490029,41.4018175,2.1068552,3,,,,,POINT (2.1068552 41.4018175)
3289914607,41.4221086,2.1984546,4,,,,,POINT (2.1984546 41.4221086)
3299255720,41.3664782,2.1375616,3,,,,,POINT (2.1375616 41.3664782)
3299255723,41.3667153,2.1368516,5,,,,,POINT (2.1368516 41.3667153)
3299255724,41.3666086,2.1366477,3,,,,,POINT (2.1366477 41.3666086)
3299255725,41.3666227,2.1368301,3,,,,,POINT (2.1368301 41.3666227)
3299255727,41.3662984,2.1377156,4,,,,,POINT (2.1377156 41.3662984)
3302278209,41.4172754,2.1797557,3,,,,,POINT (2.1797557 41.4172754)
3302278211,41.4184491,2.1795096,3,,,,,POINT (2.1795096 41.4184491)
3306168411,41.4228244,2.2098483,3,,,,,POINT (2.2098483 41.4228244)
3306168412,41.4229449,2.2105618,3,,,,,POINT (2.2105618 41.4229449)
3306168419,41.4246452,2.2079585,4,,,,,POINT (2.2079585 41.4246452)
3306168424,41.4260625,2.20205,3,,,,,POINT (2.20205 41.4260625)
3306168425,41.4285972,2.2012066,3,,,,,POINT (2.2012066 41.4285972)
3306168426,41.430094,2.2011062,3,,,,,POINT (2.2011062 41.430094)
3306168427,41.4286336,2.2020165,3,,,,,POINT (2.2020165 41.4286336)
3306168428,41.4298561,2.2019418,3,,,,,POINT (2.2019418 41.4298561)
3308698041,41.4332419,2.1525828,3,,,,,POINT (2.1525828 41.4332419)
3314271774,41.3855399,2.1631006,4,,,,,POINT (2.1631006 41.3855399)
3314294600,41.3891656,2.1628464,3,,,,,POINT (2.1628464 41.3891656)
3324784405,41.3742764,2.1464423,3,,,,,POINT (2.1464423 41.3742764)
3333594462,41.3360597,2.1302313,3,,,,,POINT (2.1302313 41.3360597)
3343734111,41.4256622,2.0997517,3,,,,,POINT (2.0997517 41.4256622)
3348300732,41.4042852,2.1902902,1,,,,,POINT (2.1902902 41.4042852)
3358594835,41.4214309,2.2036754,3,,,,,POINT (2.2036754 41.4214309)
3358603033,41.4189114,2.2073684,3,,,,,POINT (2.2073684 41.4189114)
3361983595,41.4097156,2.186033,3,,,,,POINT (2.186033 41.4097156)
3361983993,41.4099491,2.1855791,1,,,,,POINT (2.1855791 41.4099491)
3369034782,41.4208415,2.2022483,3,,,,,POINT (2.2022483 41.4208415)
3369034783,41.4214191,2.2030357,3,,,,,POINT (2.2030357 41.4214191)
3369034784,41.4231,2.2030229,3,,,,,POINT (2.2030229 41.4231)
3369034791,41.4218438,2.2025522,4,,,,,POINT (2.2025522 41.4218438)
3372612594,41.3989008,2.1482681,4,,,,,POINT (2.1482681 41.3989008)
3372612694,41.3981281,2.146988,3,,,,,POINT (2.146988 41.3981281)
3372612793,41.399223,2.1487861,3,,,,,POINT (2.1487861 41.399223)
3376229198,41.4043708,2.1878865,3,,,,,POINT (2.1878865 41.4043708)
3385754231,41.41933,2.0969484,3,,,,,POINT (2.0969484 41.41933)
3386536280,41.3752154,2.1654714,3,,,,,POINT (2.1654714 41.3752154)
3402623393,41.3981805,2.1462892,3,,,,,POINT (2.1462892 41.3981805)
3407038839,41.4097217,2.2078836,3,,,,,POINT (2.2078836 41.4097217)
3407038841,41.4105728,2.2090132,3,,,,,POINT (2.2090132 41.4105728)
3417299048,41.3867185,2.1782921,2,,,,,POINT (2.1782921 41.3867185)
3434285993,41.3955403,2.1486813,3,,,,,POINT (2.1486813 41.3955403)
3439160184,41.3871621,2.1789239,4,,,,,POINT (2.1789239 41.3871621)
3439181959,41.381971,2.1767998,3,,,,,POINT (2.1767998 41.381971)
3472804093,41.4131075,2.1046502,4,,,,,POINT (2.1046502 41.4131075)
3497460957,41.3861078,2.1724067,1,,,,,POINT (2.1724067 41.3861078)
3497472682,41.3813799,2.1734644,3,,,,,POINT (2.1734644 41.3813799)
3517445007,41.4181478,2.1751959,1,,,,,POINT (2.1751959 41.4181478)
3521917423,41.408142,2.1272985,3,,,,,POINT (2.1272985 41.408142)
3521917425,41.4076428,2.1277904,3,,,,,POINT (2.1277904 41.4076428)
3521929671,41.4076569,2.1263296,3,,,,,POINT (2.1263296 41.4076569)
3521929672,41.409476,2.1253691,1,,,,,POINT (2.1253691 41.409476)
3577569654,41.3427384,2.1424055,3,,,,,POINT (2.1424055 41.3427384)
3577569658,41.3425971,2.1423645,3,,,,,POINT (2.1423645 41.3425971)
3577569660,41.3422365,2.1425102,3,,,,,POINT (2.1425102 41.3422365)
3577569664,41.3426236,2.1422839,3,,,,,POINT (2.1422839 41.3426236)
3577569667,41.3448693,2.1437178,4,,,,,POINT (2.1437178 41.3448693)
3577569668,41.3449661,2.1441132,4,,,,,POINT (2.1441132 41.3449661)
3577569669,41.345464,2.1440788,4,,,,,POINT (2.1440788 41.345464)
3577569670,41.3451566,2.1435369,4,,,,,POINT (2.1435369 41.3451566)
3587720087,41.381876,2.1695317,3,,,,,POINT (2.1695317 41.381876)
3592013495,41.3854857,2.1857827,3,,,,,POINT (2.1857827 41.3854857)
3600978888,41.4174287,2.2126454,1,,,,,POINT (2.2126454 41.4174287)
3601249498,41.4113027,2.1753489,3,,,,,POINT (2.1753489 41.4113027)
3601250399,41.4116373,2.1749114,3,,,,,POINT (2.1749114 41.4116373)
3601251000,41.4110784,2.1750542,1,,,,,POINT (2.1750542 41.4110784)
3601270394,41.4112378,2.1754339,1,,,,,POINT (2.1754339 41.4112378)
3618456746,41.3735331,2.1242839,3,,,,,POINT (2.1242839 41.3735331)
3618456748,41.3718956,2.1269163,3,,,,,POINT (2.1269163 41.3718956)
3618456751,41.3663633,2.1323204,3,,,,,POINT (2.1323204 41.3663633)
3618504789,41.3741545,2.1298993,4,crossing,,,,POINT (2.1298993 41.3741545)
3621509846,41.3651405,2.1356367,4,,,,,POINT (2.1356367 41.3651405)
3623788198,41.4381358,2.1750017,1,,,,,POINT (2.1750017 41.4381358)
3635761667,41.4231096,2.2048781,1,crossing,,,,POINT (2.2048781 41.4231096)
3643929105,41.375481,2.1889583,2,,,,,POINT (2.1889583 41.375481)
3643971036,41.3763638,2.1887653,3,,,,,POINT (2.1887653 41.3763638)
3643971039,41.3770658,2.1884886,3,,,,,POINT (2.1884886 41.3770658)
3643971040,41.3780268,2.1881098,3,,,,,POINT (2.1881098 41.3780268)
3643971041,41.3788072,2.18779,3,,,,,POINT (2.18779 41.3788072)
3643971045,41.3803893,2.1871527,3,,,,,POINT (2.1871527 41.3803893)
3649234390,41.4136172,2.1936451,4,,,,,POINT (2.1936451 41.4136172)
3664065160,41.4093102,2.2223615,3,,,,,POINT (2.2223615 41.4093102)
3672891957,41.4112981,2.1631946,3,,,,,POINT (2.1631946 41.4112981)
3683481330,41.3504406,2.14356,3,,,,,POINT (2.14356 41.3504406)
3683481331,41.3519294,2.1448779,4,,,,,POINT (2.1448779 41.3519294)
3683481332,41.3501994,2.1398425,4,,,,,POINT (2.1398425 41.3501994)
3683481343,41.3516892,2.1441831,3,,,,,POINT (2.1441831 41.3516892)
3684771636,41.4543168,2.1889097,3,,,,,POINT (2.1889097 41.4543168)
3687119664,41.4401358,2.1762441,3,,,,,POINT (2.1762441 41.4401358)
3702993013,41.4386188,2.1680542,3,,,,,POINT (2.1680542 41.4386188)
3702993015,41.4386151,2.1680996,3,,,,,POINT (2.1680996 41.4386151)
3743057429,41.3770155,2.1719556,3,crossing,,,,POINT (2.1719556 41.3770155)
3748616600,41.4156219,2.1693826,3,,,,,POINT (2.1693826 41.4156219)
3752208202,41.3930985,2.1846802,3,,,,,POINT (2.1846802 41.3930985)
3754949353,41.3765966,2.1217153,3,,,,,POINT (2.1217153 41.3765966)
3754975067,41.3852564,2.1421753,3,,,,,POINT (2.1421753 41.3852564)
3761326803,41.3804043,2.1075788,3,crossing,,,,POINT (2.1075788 41.3804043)
3761510949,41.3915737,2.1800959,3,,,,,POINT (2.1800959 41.3915737)
3762047842,41.4193167,2.1807022,3,,,,,POINT (2.1807022 41.4193167)
3762069417,41.4165242,2.1564334,3,,,,,POINT (2.1564334 41.4165242)
3762069452,41.4169259,2.1587552,3,,,,,POINT (2.1587552 41.4169259)
3768282025,41.4180904,2.1760254,3,,,,,POINT (2.1760254 41.4180904)
3772706298,41.4189346,2.1722733,3,,,,,POINT (2.1722733 41.4189346)
3772706344,41.4188282,2.1685964,1,,,,,POINT (2.1685964 41.4188282)
3782048996,41.4434825,2.1553368,3,,,,,POINT (2.1553368 41.4434825)
3803062020,41.4441835,2.1859631,1,,,,,POINT (2.1859631 41.4441835)
3807075709,41.4364532,2.1844228,3,,,,,POINT (2.1844228 41.4364532)
3808237581,41.3888374,2.194344,3,,,,,POINT (2.194344 41.3888374)
3817759786,41.4519509,2.1730406,1,,,,,POINT (2.1730406 41.4519509)
3822804384,41.4357574,2.1723537,3,,,,,POINT (2.1723537 41.4357574)
3822804387,41.4353632,2.1720594,3,,,,,POINT (2.1720594 41.4353632)
3822804388,41.4355987,2.1722376,3,,,,,POINT (2.1722376 41.4355987)
3822804392,41.4349459,2.1726352,4,,,,,POINT (2.1726352 41.4349459)
3822804393,41.4348483,2.1723431,4,,,,,POINT (2.1723431 41.4348483)
3822859920,41.4303147,2.1744025,3,,,,,POINT (2.1744025 41.4303147)
3822859922,41.4220757,2.1720246,3,,,,,POINT (2.1720246 41.4220757)
3822859923,41.4217985,2.1727273,3,,,,,POINT (2.1727273 41.4217985)
3822859924,41.4259183,2.1698037,3,,,,,POINT (2.1698037 41.4259183)
3822888097,41.4266976,2.1658239,4,,,,,POINT (2.1658239 41.4266976)
3823645381,41.4301767,2.1719528,3,,,,,POINT (2.1719528 41.4301767)
3824228475,41.4241302,2.1687566,3,,,,,POINT (2.1687566 41.4241302)
3824437288,41.4067049,2.1663819,3,,,,,POINT (2.1663819 41.4067049)
3824437289,41.4072412,2.1657698,4,,,,,POINT (2.1657698 41.4072412)
3824453860,41.4074539,2.1655532,1,,,,,POINT (2.1655532 41.4074539)
3825223113,41.4277056,2.1659834,4,,,yes,,POINT (2.1659834 41.4277056)
3825223114,41.4282257,2.1654628,4,,,,,POINT (2.1654628 41.4282257)
3827694228,41.4286822,2.1773237,4,,,,,POINT (2.1773237 41.4286822)
3827708474,41.4235303,2.1690216,3,,,,,POINT (2.1690216 41.4235303)
3827708483,41.4193091,2.1715268,3,,,,,POINT (2.1715268 41.4193091)
3835613869,41.4049219,2.1818632,3,,,,,POINT (2.1818632 41.4049219)
3835613870,41.4062299,2.1830986,3,,,,,POINT (2.1830986 41.4062299)
3855178234,41.4345288,2.1934341,3,,,,,POINT (2.1934341 41.4345288)
3855203036,41.4285144,2.169406,3,,,,,POINT (2.169406 41.4285144)
3856010099,41.3647818,2.1391804,3,,,,,POINT (2.1391804 41.3647818)
3856010100,41.3637242,2.1399757,1,,,,,POINT (2.1399757 41.3637242)
3857584858,41.3644823,2.1375139,4,,,,,POINT (2.1375139 41.3644823)
3860517847,41.4223573,2.178938,3,,,,,POINT (2.178938 41.4223573)
3865124116,41.37499,2.1736548,3,,,,,POINT (2.1736548 41.37499)
3868361514,41.3850598,2.1656889,3,,,,,POINT (2.1656889 41.3850598)
3871616985,41.4354678,2.1944988,3,crossing,,,,POINT (2.1944988 41.4354678)
3872371635,41.3712398,2.1479067,3,,,,,POINT (2.1479067 41.3712398)
3880549731,41.3985687,2.2072905,3,,,,,POINT (2.2072905 41.3985687)
3881127454,41.4089937,2.1991574,1,,,,,POINT (2.1991574 41.4089937)
3888894773,41.4007465,2.1768063,3,,,,,POINT (2.1768063 41.4007465)
3889234274,41.4261152,2.1760552,3,,,,,POINT (2.1760552 41.4261152)
3922954360,41.4459545,2.179657,3,,,,,POINT (2.179657 41.4459545)
3934957717,41.4445569,2.1864889,3,,,,,POINT (2.1864889 41.4445569)
3934957720,41.4453115,2.1870683,3,,,,,POINT (2.1870683 41.4453115)
3943567473,41.4204191,2.1912578,5,,,,,POINT (2.1912578 41.4204191)
3945299711,41.4246517,2.1933082,1,,,,,POINT (2.1933082 41.4246517)
3945299721,41.4250734,2.1917005,3,,,,,POINT (2.1917005 41.4250734)
3945316920,41.4245815,2.1904344,1,,,,,POINT (2.1904344 41.4245815)
3945318375,41.4249737,2.1904182,1,,,,,POINT (2.1904182 41.4249737)
3951678282,41.3970992,2.1111761,3,,,,,POINT (2.1111761 41.3970992)
3956071721,41.3974785,2.2034607,3,crossing,,,,POINT (2.2034607 41.3974785)
3976600078,41.3581099,2.1437062,3,,,,,POINT (2.1437062 41.3581099)
3976600094,41.3597766,2.1422975,3,,,,,POINT (2.1422975 41.3597766)
3976600095,41.3602677,2.1414611,3,,,,,POINT (2.1414611 41.3602677)
3976600097,41.3608799,2.1403751,3,,,,,POINT (2.1403751 41.3608799)
3976600100,41.3610069,2.1408983,3,,,,,POINT (2.1408983 41.3610069)
3976600103,41.3613453,2.1463147,1,,,,,POINT (2.1463147 41.3613453)
3976600104,41.3613712,2.1417607,1,,,,,POINT (2.1417607 41.3613712)
3976600105,41.3614709,2.1420108,1,,,,,POINT (2.1420108 41.3614709)
3976600109,41.3615372,2.1466116,3,,,,,POINT (2.1466116 41.3615372)
3976600111,41.3615645,2.1478364,3,,,,,POINT (2.1478364 41.3615645)
3976600113,41.3616861,2.1415176,4,,,,,POINT (2.1415176 41.3616861)
3976600122,41.3622106,2.1414205,1,,,,,POINT (2.1414205 41.3622106)
3976600124,41.3622192,2.1420372,3,,,,,POINT (2.1420372 41.3622192)
3976600125,41.3622839,2.1410204,1,,,,,POINT (2.1410204 41.3622839)
3976600130,41.3623459,2.1415978,1,,,,,POINT (2.1415978 41.3623459)
3987488883,41.3991083,2.1262515,1,,,,,POINT (2.1262515 41.3991083)
3987488884,41.3993734,2.1266787,3,,,,,POINT (2.1266787 41.3993734)
3994383012,41.395002,2.1055704,3,,,,,POINT (2.1055704 41.395002)
3994419559,41.4255992,2.1560881,1,,,,,POINT (2.1560881 41.4255992)
3994496055,41.421449,2.1573256,3,,,,,POINT (2.1573256 41.421449)
3994528963,41.4194974,2.1552709,2,,,,,POINT (2.1552709 41.4194974)
3994528973,41.4189068,2.1577301,4,,,,,POINT (2.1577301 41.4189068)
3999160142,41.4004254,2.1275717,1,,,,,POINT (2.1275717 41.4004254)
4005924748,41.3393855,2.1214632,3,,,,,POINT (2.1214632 41.3393855)
4005924750,41.3397032,2.121783,3,,,,,POINT (2.121783 41.3397032)
4005924774,41.3396584,2.1209243,3,,,,,POINT (2.1209243 41.3396584)
4005942352,41.3406318,2.119581,2,,,,,POINT (2.119581 41.3406318)
4019417034,41.3654649,2.1601622,3,crossing,,,,POINT (2.1601622 41.3654649)
4022831609,41.3886507,2.160201,4,,,,,POINT (2.160201 41.3886507)
4029816820,41.3802857,2.1771741,3,,,,,POINT (2.1771741 41.3802857)
4040070235,41.3953222,2.1335792,3,,,,,POINT (2.1335792 41.3953222)
4111220654,41.3613602,2.1605584,3,,,,,POINT (2.1605584 41.3613602)
4111220655,41.3613926,2.1605841,2,,,,,POINT (2.1605841 41.3613926)
4111220657,41.361431,2.1606175,3,,,,,POINT (2.1606175 41.361431)
4111220659,41.3615181,2.160346,3,,,,,POINT (2.160346 41.3615181)
4111220660,41.3616138,2.1605374,3,,,,,POINT (2.1605374 41.3616138)
4111277980,41.3660825,2.1564903,3,,,,,POINT (2.1564903 41.3660825)
4111370382,41.3696264,2.146632,3,,,,,POINT (2.146632 41.3696264)
4111370384,41.3697827,2.146548,3,,,,,POINT (2.146548 41.3697827)
4111370386,41.3698241,2.1466144,1,,,,,POINT (2.1466144 41.3698241)
4111370891,41.3701334,2.1462894,1,,,,,POINT (2.1462894 41.3701334)
4111370896,41.3711076,2.148557,1,,,,,POINT (2.148557 41.3711076)
4111508831,41.3290349,2.134329,3,,,,,POINT (2.134329 41.3290349)
4111508833,41.3292196,2.1338055,3,,,,,POINT (2.1338055 41.3292196)
4111508834,41.3298995,2.131861,3,,,,,POINT (2.131861 41.3298995)
4111508836,41.3300425,2.1314498,3,,,,,POINT (2.1314498 41.3300425)
4111508838,41.3304433,2.1319348,3,,,,,POINT (2.1319348 41.3304433)
4111733800,41.335926,2.137434,1,,,,,POINT (2.137434 41.335926)
4111733889,41.3387646,2.1292511,1,,,,,POINT (2.1292511 41.3387646)
4111795596,41.3387958,2.1287603,2,,,,,POINT (2.1287603 41.3387958)
4111795602,41.3395179,2.1218352,3,,,,,POINT (2.1218352 41.3395179)
4111795612,41.3403538,2.1237993,3,,,,,POINT (2.1237993 41.3403538)
4111795620,41.340535,2.1243644,3,crossing,,,,POINT (2.1243644 41.340535)
4111795630,41.3408529,2.124979,3,,,,,POINT (2.124979 41.3408529)
4111795643,41.3415189,2.1270701,3,,,,,POINT (2.1270701 41.3415189)
4111795654,41.3418206,2.1436944,3,,,,,POINT (2.1436944 41.3418206)
4111795658,41.341994,2.1441841,3,,,,,POINT (2.1441841 41.341994)
4111795669,41.3423322,2.1424623,3,,,,,POINT (2.1424623 41.3423322)
4111795672,41.3424256,2.1422053,6,,,,,POINT (2.1422053 41.3424256)
4111795676,41.3425118,2.1419514,3,,,,,POINT (2.1419514 41.3425118)
4111795685,41.3432553,2.1407444,4,,,,,POINT (2.1407444 41.3432553)
4111796210,41.3469637,2.142678,3,,,,,POINT (2.142678 41.3469637)
4112026217,41.3345966,2.1396255,3,,,,,POINT (2.1396255 41.3345966)
4112026222,41.3346565,2.1340171,3,,,,,POINT (2.1340171 41.3346565)
4112026233,41.3349401,2.1338417,3,,,,,POINT (2.1338417 41.3349401)
4112026236,41.3350326,2.1329433,3,,,,,POINT (2.1329433 41.3350326)
4112026241,41.3350812,2.133596,3,,,,,POINT (2.133596 41.3350812)
4112026258,41.3352116,2.1397546,1,,,,,POINT (2.1397546 41.3352116)
4112026259,41.3351996,2.1399852,3,,,,,POINT (2.1399852 41.3351996)
4112026265,41.3355899,2.1338628,3,,,,,POINT (2.1338628 41.3355899)
4112911211,41.3985709,2.2075797,3,crossing,,,,POINT (2.2075797 41.3985709)
4112911232,41.3992107,2.2084961,3,,,,,POINT (2.2084961 41.3992107)
4127392690,41.4341961,2.1465293,3,,,,,POINT (2.1465293 41.4341961)
4127392691,41.4339497,2.1463832,3,,,,,POINT (2.1463832 41.4339497)
4127392697,41.4332714,2.1453283,3,,,,,POINT (2.1453283 41.4332714)
4127392698,41.4341324,2.1448184,3,,,,,POINT (2.1448184 41.4341324)
4127392705,41.4333014,2.1454592,4,,,,,POINT (2.1454592 41.4333014)
4127401710,41.4342366,2.144415,3,,,,,POINT (2.144415 41.4342366)
4127412196,41.4319968,2.1459849,3,,,,,POINT (2.1459849 41.4319968)
4130763475,41.4304738,2.1554018,3,crossing,,,,POINT (2.1554018 41.4304738)
4139413948,41.3841723,2.1846768,3,,,,,POINT (2.1846768 41.3841723)
4139421836,41.4087892,2.1087591,1,,,,,POINT (2.1087591 41.4087892)
4139421839,41.4090215,2.1096418,3,,,,,POINT (2.1096418 41.4090215)
4145040958,41.3601147,2.1525528,3,,,,,POINT (2.1525528 41.3601147)
4151671157,41.4265444,2.1499567,4,,,,,POINT (2.1499567 41.4265444)
4171977898,41.3866196,2.1952372,3,,,,,POINT (2.1952372 41.3866196)
4171977906,41.3870565,2.1946831,4,,,,,POINT (2.1946831 41.3870565)
4174198170,41.3866573,2.128079,3,,,,,POINT (2.128079 41.3866573)
4174221393,41.3829248,2.1299341,1,,,,,POINT (2.1299341 41.3829248)
4174241500,41.3813294,2.1309089,1,,,,,POINT (2.1309089 41.3813294)
4174384541,41.389584,2.1052326,2,,,,,POINT (2.1052326 41.389584)
4174384549,41.3905903,2.1050536,3,,,,,POINT (2.1050536 41.3905903)
4174394695,41.3890531,2.10454,3,,,,,POINT (2.10454 41.3890531)
4174394697,41.3895455,2.1049753,3,,,,,POINT (2.1049753 41.3895455)
4180259989,41.4315685,2.0944163,1,,,,,POINT (2.0944163 41.4315685)
4183724165,41.4180218,2.1166815,3,,,,,POINT (2.1166815 41.4180218)
4189406778,41.4303285,2.1746794,3,,,,,POINT (2.1746794 41.4303285)
4192143112,41.409954,2.2140081,4,,,,,POINT (2.2140081 41.409954)
4192143113,41.4130745,2.2079543,3,,,,,POINT (2.2079543 41.4130745)
4192143115,41.413927,2.2091084,3,,,,,POINT (2.2091084 41.413927)
4207637744,41.4486724,2.1913952,3,,,,,POINT (2.1913952 41.4486724)
4212111672,41.3850278,2.1830802,2,,,,,POINT (2.1830802 41.3850278)
4212111673,41.3850884,2.1830746,4,,,,,POINT (2.1830746 41.3850884)
4212111675,41.3855054,2.1834836,1,,,,,POINT (2.1834836 41.3855054)
4212111678,41.3842068,2.1825626,2,,,,,POINT (2.1825626 41.3842068)
4214539520,41.4488506,2.1740842,1,,,,,POINT (2.1740842 41.4488506)
4214539536,41.4502578,2.1768502,3,,,,,POINT (2.1768502 41.4502578)
4214539546,41.4479226,2.1734451,3,,,,,POINT (2.1734451 41.4479226)
4222882539,41.3950543,2.153147,3,,,,,POINT (2.153147 41.3950543)
4230940844,41.3667216,2.1676527,3,,,,,POINT (2.1676527 41.3667216)
4230940846,41.3668425,2.1679797,3,,,,,POINT (2.1679797 41.3668425)
4232398051,41.3815879,2.1839273,2,,,,,POINT (2.1839273 41.3815879)
4234151123,41.404586,2.1991858,3,,,,,POINT (2.1991858 41.404586)
4236148731,41.4122467,2.1034804,3,,,,,POINT (2.1034804 41.4122467)
4237804310,41.4039562,2.1986753,3,,,,,POINT (2.1986753 41.4039562)
4237804314,41.4044405,2.1990701,3,,,,,POINT (2.1990701 41.4044405)
4251653386,41.4639725,2.1853562,3,crossing,,,,POINT (2.1853562 41.4639725)
4251653388,41.4659399,2.1856121,3,,,,,POINT (2.1856121 41.4659399)
4251794054,41.4476104,2.1871889,3,,,,,POINT (2.1871889 41.4476104)
4251794057,41.4484835,2.1880673,4,,,,,POINT (2.1880673 41.4484835)
4251794915,41.4563598,2.1865713,1,,,,,POINT (2.1865713 41.4563598)
4252472568,41.4319883,2.1869722,1,,,,,POINT (2.1869722 41.4319883)
4253067745,41.4410886,2.1628704,3,,,,,POINT (2.1628704 41.4410886)
4253067746,41.4413171,2.1634523,1,,,,,POINT (2.1634523 41.4413171)
4253067749,41.4486239,2.1820882,3,,,,,POINT (2.1820882 41.4486239)
4253067750,41.4491053,2.1821406,3,,,,,POINT (2.1821406 41.4491053)
4260777637,41.3835524,2.1896182,3,,,,,POINT (2.1896182 41.3835524)
4263046378,41.4055075,2.1999218,4,,,,,POINT (2.1999218 41.4055075)
4269412906,41.3760564,2.1431558,3,,,,,POINT (2.1431558 41.3760564)
4269412922,41.3762928,2.1429091,3,,,,,POINT (2.1429091 41.3762928)
4269412937,41.3764096,2.1437834,3,,,,,POINT (2.1437834 41.3764096)
4269412954,41.3766493,2.1435544,3,,,,,POINT (2.1435544 41.3766493)
4271656169,41.4066797,2.1892912,1,,,,,POINT (2.1892912 41.4066797)
4300743485,41.4187664,2.2059338,1,,,,,POINT (2.2059338 41.4187664)
4300743486,41.4188428,2.2060313,3,,,,,POINT (2.2060313 41.4188428)
4300743490,41.418911,2.2061212,1,,,,,POINT (2.2061212 41.418911)
4307016143,41.4171599,2.2045528,1,,,,,POINT (2.2045528 41.4171599)
4307016147,41.4172754,2.204675,3,,,,,POINT (2.204675 41.4172754)
4307026176,41.4181152,2.2057765,4,,,,,POINT (2.2057765 41.4181152)
4307026177,41.4189735,2.2069198,4,,,,,POINT (2.2069198 41.4189735)
4307026178,41.4195897,2.2077607,3,,,,,POINT (2.2077607 41.4195897)
4309638843,41.3511405,2.1425886,4,,,,,POINT (2.1425886 41.3511405)
4309985784,41.4034416,2.1982665,4,,,,,POINT (2.1982665 41.4034416)
4310325432,41.3937078,2.1156279,4,,,,,POINT (2.1156279 41.3937078)
4317363553,41.3666197,2.167155,3,,,,,POINT (2.167155 41.3666197)
4318409704,41.4141394,2.1991745,1,,,,,POINT (2.1991745 41.4141394)
4318426016,41.4150121,2.1998735,2,,,,,POINT (2.1998735 41.4150121)
4319117005,41.4277914,2.2065855,3,,,,,POINT (2.2065855 41.4277914)
4319117010,41.4283222,2.2030421,3,,,,,POINT (2.2030421 41.4283222)
4319119765,41.4248516,2.2093484,3,,,,,POINT (2.2093484 41.4248516)
4323496660,41.4238423,2.1980091,3,,,,,POINT (2.1980091 41.4238423)
4326986880,41.4134144,2.2186208,3,,,,,POINT (2.2186208 41.4134144)
4327379292,41.4493242,2.1886033,4,,,,,POINT (2.1886033 41.4493242)
4327379293,41.4487437,2.189789,3,,,,,POINT (2.189789 41.4487437)
4332587258,41.4133891,2.216888,3,,,,,POINT (2.216888 41.4133891)
4332587259,41.4139825,2.2161032,3,,,,,POINT (2.2161032 41.4139825)
4338253064,41.4228045,2.2015202,3,,,,,POINT (2.2015202 41.4228045)
4338262490,41.421949,2.2031138,3,,,,,POINT (2.2031138 41.421949)
4338262500,41.4229896,2.2024177,3,,,,,POINT (2.2024177 41.4229896)
4343830708,41.4182335,2.216155,4,,,,,POINT (2.216155 41.4182335)
4345460188,41.4207457,2.2093069,4,,,,,POINT (2.2093069 41.4207457)
4345461389,41.4200549,2.2083843,3,,,,,POINT (2.2083843 41.4200549)
4346093747,41.4194916,2.209101,3,,,,,POINT (2.209101 41.4194916)
4346122994,41.4208233,2.2124861,3,,,,,POINT (2.2124861 41.4208233)
4365004601,41.434424,2.2043545,3,,,,,POINT (2.2043545 41.434424)
4373522803,41.3997315,2.2077806,3,,,,,POINT (2.2077806 41.3997315)
4385152385,41.4025491,2.1947953,3,,,,,POINT (2.1947953 41.4025491)
4385157796,41.4015894,2.1915754,4,,,,,POINT (2.1915754 41.4015894)
4385157797,41.404129,2.1949727,4,,,,,POINT (2.1949727 41.404129)
4385157798,41.4015614,2.1983333,4,,,,,POINT (2.1983333 41.4015614)
4385157799,41.3990083,2.1949379,4,,,,,POINT (2.1949379 41.3990083)
4385479227,41.4032594,2.1961008,3,,,,,POINT (2.1961008 41.4032594)
4387293819,41.3617771,2.1708374,3,,,,,POINT (2.1708374 41.3617771)
4387293820,41.3616788,2.1707168,3,,,,,POINT (2.1707168 41.3616788)
4387293824,41.3612602,2.1707095,3,,,,,POINT (2.1707095 41.3612602)
4387293832,41.361727,2.1713173,3,,,,,POINT (2.1713173 41.361727)
4395495454,41.4318118,2.1754826,3,,,,,POINT (2.1754826 41.4318118)
4395509053,41.4421929,2.1865797,3,,,,,POINT (2.1865797 41.4421929)
4395509060,41.4485782,2.1875627,3,,,,,POINT (2.1875627 41.4485782)
4395509064,41.4486086,2.1874069,4,,,,,POINT (2.1874069 41.4486086)
4397168781,41.3776776,2.1703374,3,,,,,POINT (2.1703374 41.3776776)
4397169294,41.3780225,2.170454,3,,,,,POINT (2.170454 41.3780225)
4397169303,41.37966,2.1680433,3,crossing,,,,POINT (2.1680433 41.37966)
4397169304,41.3794792,2.1680838,3,,,,,POINT (2.1680838 41.3794792)
4397169306,41.3797248,2.1681256,3,,,,,POINT (2.1681256 41.3797248)
4406268868,41.4352307,2.1851751,3,,,,,POINT (2.1851751 41.4352307)
4406268869,41.4351421,2.1865428,3,,,,,POINT (2.1865428 41.4351421)
4406268870,41.4348606,2.185844,3,,,,,POINT (2.185844 41.4348606)
4406268871,41.4351862,2.1859004,3,,,,,POINT (2.1859004 41.4351862)
4406275328,41.4328655,2.1864977,1,,,,,POINT (2.1864977 41.4328655)
4407308354,41.4296207,2.1661527,4,,,,,POINT (2.1661527 41.4296207)
4411622709,41.4024521,2.1927473,4,crossing,,,,POINT (2.1927473 41.4024521)
4414985711,41.4007267,2.1834194,3,,,,,POINT (2.1834194 41.4007267)
4416582754,41.4307401,2.1564639,3,,,,,POINT (2.1564639 41.4307401)
4416582770,41.4339525,2.1534796,3,,,,,POINT (2.1534796 41.4339525)
4416582771,41.4348119,2.1532282,4,,,,,POINT (2.1532282 41.4348119)
4416582821,41.4301198,2.1557485,4,,,,,POINT (2.1557485 41.4301198)
4416582822,41.4300377,2.1558138,3,,,,,POINT (2.1558138 41.4300377)
4416582829,41.4301109,2.1555401,2,,,,,POINT (2.1555401 41.4301109)
4416582832,41.4301297,2.1554981,2,,,,,POINT (2.1554981 41.4301297)
4416752693,41.4355712,2.1531038,2,,,,,POINT (2.1531038 41.4355712)
4416752695,41.4342762,2.151445,3,,,,,POINT (2.151445 41.4342762)
4417346835,41.4349221,2.153107,3,,,,,POINT (2.153107 41.4349221)
4428072819,41.4018001,2.1844727,3,,,,,POINT (2.1844727 41.4018001)
4431636962,41.4183044,2.2097252,4,,,,,POINT (2.2097252 41.4183044)
4431636963,41.4187184,2.2100334,3,,,,,POINT (2.2100334 41.4187184)
4431636973,41.4186729,2.2098601,4,,,,,POINT (2.2098601 41.4186729)
4431660097,41.4167682,2.2140118,3,,,,,POINT (2.2140118 41.4167682)
4435194975,41.4033013,2.1916137,3,,,,,POINT (2.1916137 41.4033013)
4436287114,41.4376676,2.19114,4,,,,,POINT (2.19114 41.4376676)
4436353871,41.4388529,2.1967355,3,,,,,POINT (2.1967355 41.4388529)
4436353872,41.4388893,2.1964907,4,,,,,POINT (2.1964907 41.4388893)
4436378458,41.4350824,2.1943737,3,,,,,POINT (2.1943737 41.4350824)
4436378470,41.4352364,2.1945521,3,,,,,POINT (2.1945521 41.4352364)
4436952954,41.4204658,2.1868278,5,,,,,POINT (2.1868278 41.4204658)
4436976528,41.4018807,2.1800894,4,,,,,POINT (2.1800894 41.4018807)
4450687428,41.41389,2.1099996,1,,,,,POINT (2.1099996 41.41389)
4454226363,41.3998522,2.1871093,4,,,,,POINT (2.1871093 41.3998522)
4454226365,41.4000145,2.1872106,3,,,,,POINT (2.1872106 41.4000145)
4457398231,41.437167,2.1488595,2,,,,,POINT (2.1488595 41.437167)
4462374977,41.3914592,2.1326494,3,,,,,POINT (2.1326494 41.3914592)
4469389789,41.4061509,2.1489173,3,,,,,POINT (2.1489173 41.4061509)
4470467226,41.4340282,2.1836073,3,,,,,POINT (2.1836073 41.4340282)
4470467231,41.4379012,2.1853409,3,,,,,POINT (2.1853409 41.4379012)
4470467234,41.4381816,2.1860681,1,,,,,POINT (2.1860681 41.4381816)
4470467235,41.438274,2.1854451,3,,,,,POINT (2.1854451 41.438274)
4470467238,41.4384163,2.1852808,3,,,,,POINT (2.1852808 41.4384163)
4470657984,41.3898394,2.1480294,3,,,,,POINT (2.1480294 41.3898394)
4470657985,41.3900033,2.1484252,4,,,,,POINT (2.1484252 41.3900033)
4470657986,41.3900277,2.1480867,3,,,,,POINT (2.1480867 41.3900277)
4471207535,41.4024581,2.1200645,4,,,,,POINT (2.1200645 41.4024581)
4471541638,41.434127,2.1340783,3,,,,,POINT (2.1340783 41.434127)
4471652091,41.4316692,2.1313321,3,,,,,POINT (2.1313321 41.4316692)
4471652093,41.4316527,2.1307572,3,,,,,POINT (2.1307572 41.4316527)
4471652094,41.4316759,2.1309409,3,,,,,POINT (2.1309409 41.4316759)
4471652114,41.4318652,2.1298181,3,,,,,POINT (2.1298181 41.4318652)
4471652123,41.4319483,2.1320779,3,,,,,POINT (2.1320779 41.4319483)
4471687467,41.4435029,2.1550601,3,,,,,POINT (2.1550601 41.4435029)
4471687469,41.4435804,2.154941,3,,,,,POINT (2.154941 41.4435804)
4471687475,41.4439444,2.1548578,3,,,,,POINT (2.1548578 41.4439444)
4471971372,41.3243132,2.1199772,3,,,,,POINT (2.1199772 41.3243132)
4471971376,41.3246515,2.1189116,3,,,,,POINT (2.1189116 41.3246515)
4471971381,41.3249242,2.119748,4,,,,,POINT (2.119748 41.3249242)
4472629999,41.41251,2.1808333,3,,,,,POINT (2.1808333 41.41251)
4472630002,41.4125929,2.1806461,3,,,,,POINT (2.1806461 41.4125929)
4472994807,41.406703,2.13492,1,,,,,POINT (2.13492 41.406703)
4473060899,41.435573,2.1944942,3,,,,,POINT (2.1944942 41.435573)
4475342368,41.4135062,2.1611228,3,,,,,POINT (2.1611228 41.4135062)
4475428025,41.4069947,2.1291389,1,,,,,POINT (2.1291389 41.4069947)
4475428027,41.4078184,2.1302788,3,,,,,POINT (2.1302788 41.4078184)
4476005036,41.3793273,2.1195626,3,,,,,POINT (2.1195626 41.3793273)
4485281937,41.414625,2.1827324,3,,,,,POINT (2.1827324 41.414625)
4485281938,41.4148389,2.1821047,3,,,,,POINT (2.1821047 41.4148389)
4485344000,41.4082323,2.2166247,4,,,,,POINT (2.2166247 41.4082323)
4485344001,41.4082885,2.2165413,4,,,,,POINT (2.2165413 41.4082885)
4538123364,41.3751465,2.156392,3,crossing,,,,POINT (2.156392 41.3751465)
4538123399,41.3750778,2.1539725,4,,,,,POINT (2.1539725 41.3750778)
4538123400,41.3750763,2.1543287,3,,,,,POINT (2.1543287 41.3750763)
4538123405,41.3750644,2.1562057,4,,,,,POINT (2.1562057 41.3750644)
4538123409,41.3750598,2.1586766,4,,,,,POINT (2.1586766 41.3750598)
4538123412,41.3750516,2.1609348,4,,,,,POINT (2.1609348 41.3750516)
4538123416,41.3750373,2.1631953,4,,,,,POINT (2.1631953 41.3750373)
4538123419,41.3750369,2.1654765,4,,,,,POINT (2.1654765 41.3750369)
4538123437,41.37501,2.1700687,4,,,,,POINT (2.1700687 41.37501)
4538123446,41.374937,2.1560223,5,,,,,POINT (2.1560223 41.374937)
4538123596,41.3748493,2.1727139,3,,,,,POINT (2.1727139 41.3748493)
4538123610,41.3748041,2.1733198,4,,,,,POINT (2.1733198 41.3748041)
4541533775,41.3694482,2.1341206,4,,,,,POINT (2.1341206 41.3694482)
4549272595,41.3733292,2.1759895,3,,,,,POINT (2.1759895 41.3733292)
4549311789,41.4168591,2.2141378,3,,,,,POINT (2.2141378 41.4168591)
4549616600,41.3985193,2.2062761,3,,,,,POINT (2.2062761 41.3985193)
4549690551,41.3989483,2.2041733,3,,,,,POINT (2.2041733 41.3989483)
4552362841,41.4126479,2.2062533,4,,,,,POINT (2.2062533 41.4126479)
4554375436,41.3949579,2.1867661,3,,,,,POINT (2.1867661 41.3949579)
4554375438,41.3951469,2.1867423,3,,,,,POINT (2.1867423 41.3951469)
4554543618,41.4399482,2.1633349,4,,,,,POINT (2.1633349 41.4399482)
4554626933,41.376894,2.1720362,3,,,,,POINT (2.1720362 41.376894)
4554626934,41.3769619,2.1720714,3,,,,,POINT (2.1720714 41.3769619)
4558516077,41.4583658,2.1803169,3,,,,,POINT (2.1803169 41.4583658)
4558542629,41.3655129,2.1389162,3,,,,,POINT (2.1389162 41.3655129)
4558542631,41.3655751,2.1386958,3,crossing,,,,POINT (2.1386958 41.3655751)
4560303034,41.3533752,2.1419183,3,,,,,POINT (2.1419183 41.3533752)
4565204787,41.4132788,2.1067805,1,,,,,POINT (2.1067805 41.4132788)
4569473793,41.4012945,2.1135798,3,crossing,,,,POINT (2.1135798 41.4012945)
4575453078,41.4235827,2.1458088,3,,,,,POINT (2.1458088 41.4235827)
4577282718,41.3686206,2.1877381,3,,,,,POINT (2.1877381 41.3686206)
4578927239,41.4177272,2.1447079,1,,,,,POINT (2.1447079 41.4177272)
4579720206,41.4196614,2.1556445,1,,,,,POINT (2.1556445 41.4196614)
4579762664,41.4191601,2.1596521,1,,,,,POINT (2.1596521 41.4191601)
4584646402,41.374333,2.1589732,1,,,,,POINT (2.1589732 41.374333)
4584724811,41.3819775,2.1697328,3,,,,,POINT (2.1697328 41.3819775)
4587763084,41.4142635,2.2157362,3,,,,,POINT (2.2157362 41.4142635)
4587763085,41.4147298,2.2164038,1,,,,,POINT (2.2164038 41.4147298)
4587765894,41.4152663,2.2144019,3,,,,,POINT (2.2144019 41.4152663)
4587765898,41.4153942,2.2142321,3,,,,,POINT (2.2142321 41.4153942)
4587765901,41.4159301,2.2135203,3,,,,,POINT (2.2135203 41.4159301)
4587765907,41.4184121,2.2114341,1,,,,,POINT (2.2114341 41.4184121)
4589037149,41.4011321,2.1137749,3,,,,,POINT (2.1137749 41.4011321)
4590628719,41.4432362,2.2060558,3,crossing,,,,POINT (2.2060558 41.4432362)
4591013619,41.4306914,2.1587988,3,,,,,POINT (2.1587988 41.4306914)
4591013624,41.4305174,2.1588457,3,,,,,POINT (2.1588457 41.4305174)
4592704399,41.4460498,2.1794141,3,,,,,POINT (2.1794141 41.4460498)
4592704400,41.4459185,2.1797465,4,,,,,POINT (2.1797465 41.4459185)
4592704401,41.4457841,2.1790641,3,,,,,POINT (2.1790641 41.4457841)
4592704405,41.4456591,2.1792821,3,,,,,POINT (2.1792821 41.4456591)
4592704409,41.4459484,2.1796241,3,,,,,POINT (2.1796241 41.4459484)
4592704411,41.4458524,2.1794097,3,,,,,POINT (2.1794097 41.4458524)
4592704417,41.4462361,2.179389,3,,,,,POINT (2.179389 41.4462361)
4592704423,41.4463335,2.1795835,3,,,,,POINT (2.1795835 41.4463335)
4600193561,41.4463285,2.1798807,4,,,,,POINT (2.1798807 41.4463285)
4600193562,41.4462733,2.1798574,4,,,,,POINT (2.1798574 41.4462733)
4600193563,41.4462607,2.179521,4,,,,,POINT (2.179521 41.4462607)
4600193564,41.4458407,2.1793505,4,,,,,POINT (2.1793505 41.4458407)
4625178488,41.4482945,2.1744456,3,,,,,POINT (2.1744456 41.4482945)
4625701820,41.4395358,2.202893,3,,,,,POINT (2.202893 41.4395358)
4635141742,41.4508251,2.1925392,3,,,,,POINT (2.1925392 41.4508251)
4635141743,41.4503483,2.1934676,1,,,,,POINT (2.1934676 41.4503483)
4645000181,41.366605,2.167763,3,crossing,,,,POINT (2.167763 41.366605)
4653143521,41.3627431,2.1614452,3,,,,,POINT (2.1614452 41.3627431)
4653143530,41.3645112,2.163211,2,,,,,POINT (2.163211 41.3645112)
4684141170,41.3708259,2.1673975,3,,,,,POINT (2.1673975 41.3708259)
4688436066,41.3707348,2.1670835,3,,,,,POINT (2.1670835 41.3707348)
4688436079,41.3705003,2.1654732,3,,,,,POINT (2.1654732 41.3705003)
4690881901,41.3817409,2.1786525,3,,,,,POINT (2.1786525 41.3817409)
4691418496,41.4384672,2.1882324,3,,,,,POINT (2.1882324 41.4384672)
4697774017,41.4604097,2.1713869,3,crossing,,,,POINT (2.1713869 41.4604097)
4697774019,41.4603287,2.1716923,3,crossing,,,,POINT (2.1716923 41.4603287)
4697774023,41.459843,2.1721433,3,,,,,POINT (2.1721433 41.459843)
4697774026,41.4600036,2.1721406,3,crossing,,,,POINT (2.1721406 41.4600036)
4697774030,41.4634088,2.1785924,3,,,,,POINT (2.1785924 41.4634088)
4708182435,41.3517126,2.1473282,4,,,,,POINT (2.1473282 41.3517126)
4708182445,41.3507589,2.1457231,3,,,,,POINT (2.1457231 41.3507589)
4708182447,41.3508597,2.1452789,3,,,,,POINT (2.1452789 41.3508597)
4708182448,41.3510289,2.1457358,4,,,,,POINT (2.1457358 41.3510289)
4719409243,41.3881942,2.1641217,4,,,,,POINT (2.1641217 41.3881942)
4736087618,41.399595,2.1408636,4,,,,,POINT (2.1408636 41.399595)
4793246800,41.3958097,2.1571666,3,,,,,POINT (2.1571666 41.3958097)
4804203390,41.4174221,2.1610303,1,,,,,POINT (2.1610303 41.4174221)
4811094187,41.4099476,2.146795,4,,,,,POINT (2.146795 41.4099476)
4826156658,41.4244744,2.2081127,3,,,,,POINT (2.2081127 41.4244744)
4826578393,41.4102616,2.2142347,3,,,,,POINT (2.2142347 41.4102616)
4826990970,41.4168248,2.1913909,3,crossing,,,,POINT (2.1913909 41.4168248)
4832743529,41.3797098,2.1550156,4,,,,,POINT (2.1550156 41.3797098)
4834209607,41.378607,2.1542145,4,,,,,POINT (2.1542145 41.378607)
4834212396,41.3794548,2.1553441,4,,,,,POINT (2.1553441 41.3794548)
4834214392,41.3814115,2.1572856,3,,,,,POINT (2.1572856 41.3814115)
4834268092,41.3822634,2.1584154,4,,,,,POINT (2.1584154 41.3822634)
4834268094,41.3831189,2.1595446,4,,,,,POINT (2.1595446 41.3831189)
4834501639,41.3749279,2.1604534,3,,,,,POINT (2.1604534 41.3749279)
4834501641,41.3749269,2.1609341,3,,,,,POINT (2.1609341 41.3749269)
4834501645,41.3749237,2.1615159,4,,,,,POINT (2.1615159 41.3749237)
4834501648,41.3749204,2.1621371,3,,,,,POINT (2.1621371 41.3749204)
4834501649,41.374915,2.1631965,3,,,,,POINT (2.1631965 41.374915)
4834501650,41.3749143,2.1633916,3,,,,,POINT (2.1633916 41.3749143)
4834501653,41.3749145,2.1640438,3,,,,,POINT (2.1640438 41.3749145)
4834501656,41.3749171,2.1654799,3,,,,,POINT (2.1654799 41.3749171)
4834501659,41.3749163,2.1661303,3,,,,,POINT (2.1661303 41.3749163)
4834501661,41.3749139,2.1677355,3,,,,,POINT (2.1677355 41.3749139)
4834501669,41.374848,2.1709183,3,,,,,POINT (2.1709183 41.374848)
4834501676,41.3749336,2.157667,3,,,,,POINT (2.157667 41.3749336)
4834501684,41.3738288,2.154675,3,,,,,POINT (2.154675 41.3738288)
4834501685,41.3735701,2.1548356,3,,,,,POINT (2.1548356 41.3735701)
4834501688,41.3714142,2.1560003,3,,,,,POINT (2.1560003 41.3714142)
4834501691,41.3701135,2.158383,3,,,,,POINT (2.158383 41.3701135)
4834501695,41.37086,2.1589836,3,,,,,POINT (2.1589836 41.37086)
4834501701,41.3714921,2.1664341,3,,,,,POINT (2.1664341 41.3714921)
4834501706,41.3717155,2.1694203,4,,,,,POINT (2.1694203 41.3717155)
4834501715,41.3723185,2.1728437,3,,,,,POINT (2.1728437 41.3723185)
4834501720,41.3726435,2.1740716,3,,,,,POINT (2.1740716 41.3726435)
4834502021,41.3735668,2.17453,3,,,,,POINT (2.17453 41.3735668)
4834502023,41.374593,2.175035,3,,,,,POINT (2.175035 41.374593)
4834502029,41.3746491,2.1740546,3,,,,,POINT (2.1740546 41.3746491)
4837543302,41.3780009,2.1527388,3,,,,,POINT (2.1527388 41.3780009)
4840145821,41.3848063,2.1482695,4,,,,,POINT (2.1482695 41.3848063)
4850190675,41.4012075,2.113774,3,traffic_signals,,,,POINT (2.113774 41.4012075)
4850190676,41.4011938,2.113771,3,,,,,POINT (2.113771 41.4011938)
4850661055,41.4052535,2.1867235,3,,,,,POINT (2.1867235 41.4052535)
4852602038,41.4268306,2.1456274,3,,,,,POINT (2.1456274 41.4268306)
4880337146,41.4105365,2.2148009,3,,,,,POINT (2.2148009 41.4105365)
4880337149,41.4104254,2.2148992,3,,,,,POINT (2.2148992 41.4104254)
4908316180,41.3735556,2.1470734,3,,,,,POINT (2.1470734 41.3735556)
4922624387,41.4138836,2.1870061,4,,,,,POINT (2.1870061 41.4138836)
4931844351,41.3756608,2.187184,3,,,,,POINT (2.187184 41.3756608)
4931851569,41.4186502,2.1728378,4,,,,,POINT (2.1728378 41.4186502)
4965780373,41.4546233,2.1924908,3,,,,,POINT (2.1924908 41.4546233)
4965780374,41.4544132,2.1921291,3,,,,,POINT (2.1921291 41.4544132)
4990469756,41.439224,2.2004573,3,,,,,POINT (2.2004573 41.439224)
4990469757,41.43885,2.2004949,3,,,,,POINT (2.2004949 41.43885)
4990469758,41.4379864,2.2006533,4,,,,,POINT (2.2006533 41.4379864)
4992822660,41.4276835,2.1842928,3,,,,,POINT (2.1842928 41.4276835)
4992822662,41.4277142,2.1825292,4,,,,,POINT (2.1825292 41.4277142)
4992914467,41.4369911,2.1815944,3,,,,,POINT (2.1815944 41.4369911)
4992937068,41.4395239,2.1835752,3,,,,,POINT (2.1835752 41.4395239)
4995013503,41.4487648,2.1856648,3,,,,,POINT (2.1856648 41.4487648)
4995013505,41.4488991,2.1858386,3,,,,,POINT (2.1858386 41.4488991)
4995013507,41.448957,2.1857837,3,,,,,POINT (2.1857837 41.448957)
4995013510,41.4490579,2.1858769,3,,,,,POINT (2.1858769 41.4490579)
4995013511,41.4490574,2.185919,3,,,,,POINT (2.185919 41.4490574)
4995013515,41.4489327,2.1859971,3,,,,,POINT (2.1859971 41.4489327)
5012384660,41.3958674,2.1110219,3,,,,,POINT (2.1110219 41.3958674)
5094317308,41.3956753,2.1523461,3,,,,,POINT (2.1523461 41.3956753)
5099106008,41.3700476,2.1612578,1,,,,,POINT (2.1612578 41.3700476)
5162734736,41.3662056,2.1375965,3,traffic_signals,,,,POINT (2.1375965 41.3662056)
5163670097,41.3659233,2.1394739,3,,,,,POINT (2.1394739 41.3659233)
5163777212,41.436198,2.1882559,3,,,,,POINT (2.1882559 41.436198)
5164902089,41.373188,2.1467002,3,,,,,POINT (2.1467002 41.373188)
5165857229,41.3759768,2.1509368,1,crossing,,,,POINT (2.1509368 41.3759768)
5169529371,41.37281,2.1461949,3,,,,,POINT (2.1461949 41.37281)
5225050509,41.4522469,2.1857873,1,,,,,POINT (2.1857873 41.4522469)
5225442151,41.3762279,2.1480002,2,,,,,POINT (2.1480002 41.3762279)
5227213296,41.4000359,2.1517026,3,,,,,POINT (2.1517026 41.4000359)
5241929669,41.3928463,2.1440268,4,,,,,POINT (2.1440268 41.3928463)
5250643030,41.4066253,2.1335353,3,traffic_signals,,,,POINT (2.1335353 41.4066253)
5254788638,41.4162137,2.1741513,3,,,,,POINT (2.1741513 41.4162137)
5260740738,41.395612,2.1558673,3,,,,,POINT (2.1558673 41.395612)
5264394426,41.3964513,2.1599161,3,,,,,POINT (2.1599161 41.3964513)
5264614128,41.3854627,2.1328145,3,,,,,POINT (2.1328145 41.3854627)
5264791770,41.3759061,2.1112778,3,,,,,POINT (2.1112778 41.3759061)
5264791964,41.3757998,2.1164342,3,,,,,POINT (2.1164342 41.3757998)
5264791965,41.3759015,2.1114883,3,,,,,POINT (2.1114883 41.3759015)
5264792102,41.3758266,2.1149907,3,,,,,POINT (2.1149907 41.3758266)
5275865097,41.3533127,2.1419797,3,,,,,POINT (2.1419797 41.3533127)
5275865099,41.353433,2.141868,3,,,,,POINT (2.141868 41.353433)
5275881875,41.3752874,2.15397,3,,,,,POINT (2.15397 41.3752874)
5275881876,41.375285,2.1543228,3,,,,,POINT (2.1543228 41.375285)
5278618160,41.3891813,2.1838811,3,,,,,POINT (2.1838811 41.3891813)
5278618281,41.3905908,2.1857502,3,,,,,POINT (2.1857502 41.3905908)
5286242896,41.4236599,2.1989431,3,,,,,POINT (2.1989431 41.4236599)
5286242897,41.4240066,2.1982531,3,,,,,POINT (2.1982531 41.4240066)
5289700555,41.3984926,2.2074218,3,,,,,POINT (2.2074218 41.3984926)
5306386378,41.3797404,2.1682401,3,,,,,POINT (2.1682401 41.3797404)
5306386382,41.3796527,2.1685088,3,,,,,POINT (2.1685088 41.3796527)
5306386384,41.3777363,2.1704856,3,,,,,POINT (2.1704856 41.3777363)
5313720234,41.4152003,2.1870142,4,,,,,POINT (2.1870142 41.4152003)
5316471779,41.4098356,2.1078219,1,,,,,POINT (2.1078219 41.4098356)
5316471787,41.4083063,2.1055047,3,,,,,POINT (2.1055047 41.4083063)
5316471788,41.4095893,2.1083827,1,,,,,POINT (2.1083827 41.4095893)
5329316381,41.4624908,2.183178,3,,,,,POINT (2.183178 41.4624908)
5331033627,41.4154713,2.2123024,3,,,,,POINT (2.2123024 41.4154713)
5331033629,41.4158792,2.2117809,3,,,,,POINT (2.2117809 41.4158792)
5331033797,41.4162209,2.2122671,1,,,,,POINT (2.2122671 41.4162209)
5333499784,41.3528121,2.1507801,4,,,,,POINT (2.1507801 41.3528121)
5335313617,41.3948683,2.1078556,1,,,,,POINT (2.1078556 41.3948683)
5335313618,41.3951668,2.1082744,3,,,,,POINT (2.1082744 41.3951668)
5352196827,41.3526458,2.1567755,3,,,,,POINT (2.1567755 41.3526458)
5359800317,41.3679268,2.1349072,3,,,,,POINT (2.1349072 41.3679268)
5387890125,41.3677558,2.1394742,4,,,,,POINT (2.1394742 41.3677558)
5389145152,41.3747408,2.1393252,3,,,,,POINT (2.1393252 41.3747408)
5389145153,41.3740636,2.139514,3,,,,,POINT (2.139514 41.3740636)
5393693518,41.4057868,2.2136704,3,,,,,POINT (2.2136704 41.4057868)
5393693746,41.4055861,2.213944,3,,,,,POINT (2.213944 41.4055861)
5402582929,41.4157533,2.1812177,1,,,,,POINT (2.1812177 41.4157533)
5402582931,41.4153886,2.18201,3,,,,,POINT (2.18201 41.4153886)
5402582936,41.4154623,2.1815956,3,,,,,POINT (2.1815956 41.4154623)
5402582937,41.4153532,2.1806209,3,,,,,POINT (2.1806209 41.4153532)
5405608626,41.3672305,2.1745839,3,,,,,POINT (2.1745839 41.3672305)
5405608628,41.3670597,2.1750827,3,,,,,POINT (2.1750827 41.3670597)
5405788370,41.3758106,2.1159172,3,,,,,POINT (2.1159172 41.3758106)
5448516407,41.4264527,2.1736312,3,,,,,POINT (2.1736312 41.4264527)
5448516408,41.4266714,2.1728222,3,,,,,POINT (2.1728222 41.4266714)
5448517635,41.4265624,2.1732254,3,,,,,POINT (2.1732254 41.4265624)
5451351932,41.3976734,2.1953881,3,,,,,POINT (2.1953881 41.3976734)
5476360970,41.3937969,2.1409554,3,,,,,POINT (2.1409554 41.3937969)
5476467950,41.395431,2.1136803,3,,,,,POINT (2.1136803 41.395431)
5476467951,41.3950859,2.1132572,3,,,,,POINT (2.1132572 41.3950859)
5476467954,41.3953872,2.1132768,3,,,,,POINT (2.1132768 41.3953872)
5476467960,41.3959465,2.1126912,2,,,,,POINT (2.1126912 41.3959465)
5487518357,41.4140052,2.1379164,3,,,,,POINT (2.1379164 41.4140052)
5519535022,41.4290153,2.1675527,3,,,,,POINT (2.1675527 41.4290153)
5643458632,41.4250398,2.1524542,3,,,,,POINT (2.1524542 41.4250398)
5643458633,41.4250609,2.1525087,3,,,,,POINT (2.1525087 41.4250609)
5643458635,41.4249888,2.1502583,3,,,,,POINT (2.1502583 41.4249888)
5644562417,41.3741311,2.1544884,3,,,,,POINT (2.1544884 41.3741311)
5644568122,41.3740175,2.1548332,3,traffic_signals,,,,POINT (2.1548332 41.3740175)
5711742102,41.4016311,2.205203,4,,,,,POINT (2.205203 41.4016311)
5726734751,41.4092702,2.2039249,3,,,,,POINT (2.2039249 41.4092702)
5726734752,41.4088044,2.2034489,3,,,,,POINT (2.2034489 41.4088044)
5759228087,41.4043077,2.1172759,3,,,,,POINT (2.1172759 41.4043077)
5764726550,41.4015453,2.1961217,4,,,,,POINT (2.1961217 41.4015453)
5767458306,41.4273738,2.1349742,1,,,,,POINT (2.1349742 41.4273738)
5767709820,41.4222551,2.1394472,2,,,,,POINT (2.1394472 41.4222551)
5769607634,41.4271681,2.1351986,3,,,,,POINT (2.1351986 41.4271681)
5769607638,41.4278583,2.1331487,1,,,,,POINT (2.1331487 41.4278583)
5782967886,41.4043302,2.2150703,3,crossing,,,,POINT (2.2150703 41.4043302)
5786711782,41.4341193,2.133747,1,,,,,POINT (2.133747 41.4341193)
5827147445,41.4246772,2.1387968,3,,,,,POINT (2.1387968 41.4246772)
5836057702,41.4288682,2.1292729,1,,,,,POINT (2.1292729 41.4288682)
5843978800,41.42498,2.1492215,3,,,,,POINT (2.1492215 41.42498)
5856759988,41.4469853,2.2020859,1,,,,,POINT (2.2020859 41.4469853)
5856759989,41.4475705,2.2014809,3,,,,,POINT (2.2014809 41.4475705)
5881397049,41.4302191,2.1691616,3,,,,,POINT (2.1691616 41.4302191)
5906608846,41.4083881,2.1932798,3,,,,,POINT (2.1932798 41.4083881)
5908351895,41.3735033,2.1756106,3,,,,,POINT (2.1756106 41.3735033)
5914119632,41.4285625,2.1296741,2,,,,,POINT (2.1296741 41.4285625)
5916226396,41.4045504,2.1489289,3,,,,,POINT (2.1489289 41.4045504)
5916226402,41.4047284,2.1481785,1,,,,,POINT (2.1481785 41.4047284)
5927245626,41.4539444,2.171726,3,,,,,POINT (2.171726 41.4539444)
5929178675,41.4285562,2.153912,3,,,,,POINT (2.153912 41.4285562)
5929178678,41.4285579,2.1530745,1,,,,,POINT (2.1530745 41.4285579)
5929180990,41.4279733,2.1522217,1,,,,,POINT (2.1522217 41.4279733)
5929181002,41.4359839,2.1849535,3,,,,,POINT (2.1849535 41.4359839)
5929181003,41.4355964,2.1848995,3,,,,,POINT (2.1848995 41.4355964)
5929181006,41.4075169,2.1516114,3,,,,,POINT (2.1516114 41.4075169)
5935527977,41.352654,2.1486948,1,,,,,POINT (2.1486948 41.352654)
5935527978,41.3517912,2.1473668,3,,,,,POINT (2.1473668 41.3517912)
5935527979,41.3530104,2.1482348,1,,,,,POINT (2.1482348 41.3530104)
5935527980,41.352316,2.1471386,3,,,,,POINT (2.1471386 41.352316)
5935527981,41.396955,2.108974,3,,,,,POINT (2.108974 41.396955)
5935529685,41.4404986,2.1474087,1,,,,,POINT (2.1474087 41.4404986)
5935529688,41.4400225,2.1481081,3,,,,,POINT (2.1481081 41.4400225)
5936863414,41.4146233,2.1348455,3,,,,,POINT (2.1348455 41.4146233)
5937668155,41.3520546,2.1577579,3,,,,,POINT (2.1577579 41.3520546)
5937668160,41.4073361,2.1436623,1,,,,,POINT (2.1436623 41.4073361)
5937668161,41.4070335,2.1432739,3,,,,,POINT (2.1432739 41.4070335)
5943146522,41.3738171,2.1364139,3,,,,,POINT (2.1364139 41.3738171)
5943146523,41.373626,2.1357645,3,,,,,POINT (2.1357645 41.373626)
5946251197,41.4196319,2.1565634,3,,,,,POINT (2.1565634 41.4196319)
5946251199,41.4195593,2.156486,3,,,,,POINT (2.156486 41.4195593)
5948798214,41.420306,2.148385,1,,,,,POINT (2.148385 41.420306)
5948798216,41.4212331,2.1494784,3,,,,,POINT (2.1494784 41.4212331)
5948798217,41.4546887,2.1903068,3,,,,,POINT (2.1903068 41.4546887)
5948798218,41.4541454,2.1904505,3,,,,,POINT (2.1904505 41.4541454)
5951673145,41.4089215,2.1461999,3,,,,,POINT (2.1461999 41.4089215)
5951673146,41.4091682,2.1467172,3,,,,,POINT (2.1467172 41.4091682)
5952574451,41.4291974,2.1510845,3,,,,,POINT (2.1510845 41.4291974)
5952574455,41.4280261,2.1513212,3,,,,,POINT (2.1513212 41.4280261)
5952574456,41.3971756,2.1110755,1,,,,,POINT (2.1110755 41.3971756)
5953308088,41.4353653,2.2041923,1,,,,,POINT (2.2041923 41.4353653)
5995662050,41.433134,2.1396779,1,turning_circle,,,,POINT (2.1396779 41.433134)
5998000217,41.4385585,2.1871527,1,street_lamp,,,,POINT (2.1871527 41.4385585)
5998091078,41.4392912,2.1880206,1,,,,,POINT (2.1880206 41.4392912)
5998108121,41.4388013,2.187779,1,,,,,POINT (2.187779 41.4388013)
6002052354,41.4295666,2.1434328,3,,,,,POINT (2.1434328 41.4295666)
6008604431,41.4383718,2.1601299,3,,,,,POINT (2.1601299 41.4383718)
6031323975,41.4344131,2.1403668,1,,,,,POINT (2.1403668 41.4344131)
6039142037,41.4344005,2.1865246,3,,,,,POINT (2.1865246 41.4344005)
6039142040,41.4350085,2.1927349,3,,,,,POINT (2.1927349 41.4350085)
6040387853,41.4271038,2.1600686,1,,,,,POINT (2.1600686 41.4271038)
6042820380,41.3996651,2.1482639,4,,,,,POINT (2.1482639 41.3996651)
6070339664,41.383525,2.1793073,3,,,,,POINT (2.1793073 41.383525)
6073196939,41.406436,2.1493085,3,crossing,,,,POINT (2.1493085 41.406436)
6076635513,41.4033166,2.1498489,3,,,,,POINT (2.1498489 41.4033166)
6080661669,41.3610702,2.14146,3,,,,,POINT (2.14146 41.3610702)
6086753445,41.3987483,2.1681889,4,,,,,POINT (2.1681889 41.3987483)
6091986825,41.413914,2.1867845,4,,,,,POINT (2.1867845 41.413914)
6093599878,41.4030419,2.1061613,3,,,,,POINT (2.1061613 41.4030419)
6096823155,41.4283854,2.1606166,3,,,,,POINT (2.1606166 41.4283854)
6096823156,41.4282887,2.1601697,1,,,,,POINT (2.1601697 41.4282887)
6099715637,41.3923341,2.1358128,4,,,,,POINT (2.1358128 41.3923341)
6099715638,41.3930532,2.1386346,4,,,,,POINT (2.1386346 41.3930532)
6099715644,41.3923095,2.1357041,4,,,,,POINT (2.1357041 41.3923095)
6100210188,41.3937063,2.1184219,4,,,,,POINT (2.1184219 41.3937063)
6100210191,41.3937468,2.1185443,4,,,,,POINT (2.1185443 41.3937468)
6100210193,41.3936235,2.1187267,3,crossing,,,,POINT (2.1187267 41.3936235)
6100210194,41.3936589,2.1185455,4,,,,,POINT (2.1185455 41.3936589)
6100210197,41.3938381,2.1185234,3,,,,,POINT (2.1185234 41.3938381)
6100210202,41.3935481,2.1185351,3,,,,,POINT (2.1185351 41.3935481)
6100210204,41.3933125,2.1183911,3,,,,,POINT (2.1183911 41.3933125)
6100210208,41.3937424,2.1186876,3,,,,,POINT (2.1186876 41.3937424)
6103797006,41.4183992,2.1491419,3,,,,,POINT (2.1491419 41.4183992)
6103797007,41.4182838,2.1494918,3,,,,,POINT (2.1494918 41.4182838)
6119645895,41.3881469,2.1311615,3,,,,,POINT (2.1311615 41.3881469)
6120152819,41.419713,2.1808028,3,,,,,POINT (2.1808028 41.419713)
6125086059,41.3856232,2.1300244,3,,,,,POINT (2.1300244 41.3856232)
6126749210,41.3947597,2.1892753,2,,,,,POINT (2.1892753 41.3947597)
6126749211,41.3949211,2.1890671,2,,,,,POINT (2.1890671 41.3949211)
6137493687,41.4529751,2.1926652,3,,,,,POINT (2.1926652 41.4529751)
6137493691,41.4528496,2.1927495,3,,,,,POINT (2.1927495 41.4528496)
6143316522,41.4522867,2.192089,1,,,,,POINT (2.192089 41.4522867)
6148206388,41.3806087,2.1077616,3,,,,,POINT (2.1077616 41.3806087)
6194641758,41.4166946,2.1882176,3,,,,,POINT (2.1882176 41.4166946)
6210812030,41.3910292,2.1402224,3,,,,,POINT (2.1402224 41.3910292)
6213879857,41.4485053,2.188331,3,,,,,POINT (2.188331 41.4485053)
6218586069,41.4459725,2.1797468,4,,,,,POINT (2.1797468 41.4459725)
6218672136,41.4232582,2.1627132,3,,,,,POINT (2.1627132 41.4232582)
6218672137,41.4228721,2.163834,3,,,,,POINT (2.163834 41.4228721)
6219058269,41.4396665,2.1881025,3,,,,,POINT (2.1881025 41.4396665)
6219170978,41.4467507,2.1788677,1,,,,,POINT (2.1788677 41.4467507)
6219224220,41.4381229,2.1828755,3,,,,,POINT (2.1828755 41.4381229)
6223865340,41.4277058,2.1729307,3,,,,,POINT (2.1729307 41.4277058)
6223865358,41.4276913,2.1732006,3,,,,,POINT (2.1732006 41.4276913)
6225821935,41.398341,2.1940658,4,crossing,,,,POINT (2.1940658 41.398341)
6227506599,41.4203672,2.2070123,4,,,,,POINT (2.2070123 41.4203672)
6227506610,41.4252323,2.1805804,3,,,,,POINT (2.1805804 41.4252323)
6227506611,41.4252102,2.1806113,3,,,,,POINT (2.1806113 41.4252102)
6238824732,41.3758528,2.1443078,3,,,,,POINT (2.1443078 41.3758528)
6238824734,41.4037134,2.1482758,4,,,,,POINT (2.1482758 41.4037134)
6240306432,41.3938986,2.1118045,3,,,,,POINT (2.1118045 41.3938986)
6256443439,41.3658436,2.1461153,1,,,,,POINT (2.1461153 41.3658436)
6260834970,41.4450399,2.1993088,4,,,,,POINT (2.1993088 41.4450399)
6297842341,41.3735725,2.1335963,3,,,,,POINT (2.1335963 41.3735725)
6301479267,41.4183324,2.1517738,1,,,,,POINT (2.1517738 41.4183324)
6316502269,41.3705471,2.1484139,1,,,,,POINT (2.1484139 41.3705471)
6326164170,41.4006433,2.2015874,3,,,,,POINT (2.2015874 41.4006433)
6333903842,41.4094025,2.0997381,1,,,,,POINT (2.0997381 41.4094025)
6341713204,41.359794,2.1377684,1,,,,,POINT (2.1377684 41.359794)
6360012276,41.3672931,2.1400725,3,,,,,POINT (2.1400725 41.3672931)
6375615037,41.4623917,2.1770763,1,,,,,POINT (2.1770763 41.4623917)
6376850715,41.4166429,2.1566035,3,,,,,POINT (2.1566035 41.4166429)
6376850717,41.4166801,2.1565173,3,,,,,POINT (2.1565173 41.4166801)
6385903303,41.3815799,2.170147,1,,,,,POINT (2.170147 41.3815799)
6390497671,41.4347883,2.1782841,3,,,,,POINT (2.1782841 41.4347883)
6390497672,41.4344465,2.1789778,1,,,,,POINT (2.1789778 41.4344465)
6423993160,41.4148289,2.2124227,3,,,,,POINT (2.2124227 41.4148289)
6423993161,41.415225,2.2129481,1,,,,,POINT (2.2129481 41.415225)
6428574628,41.4335617,2.1452019,4,,,,,POINT (2.1452019 41.4335617)
6449314872,41.3804437,2.1077915,3,,,,,POINT (2.1077915 41.3804437)
6449851323,41.3879689,2.1322388,1,,,,,POINT (2.1322388 41.3879689)
6485444305,41.325584,2.1266215,3,,,,,POINT (2.1266215 41.325584)
6547829115,41.4045156,2.2151049,3,crossing,,,,POINT (2.2151049 41.4045156)
6565856196,41.3791822,2.141955,3,,,,,POINT (2.141955 41.3791822)
6620325587,41.4145883,2.2127395,3,,,,,POINT (2.2127395 41.4145883)
6620325588,41.4150068,2.2132765,1,,,,,POINT (2.2132765 41.4150068)
6634825854,41.3946124,2.1510892,3,,,,,POINT (2.1510892 41.3946124)
6691107213,41.424392,2.1389832,1,,,,,POINT (2.1389832 41.424392)
6695182350,41.4257647,2.1396216,3,,,,,POINT (2.1396216 41.4257647)
6695182355,41.4252957,2.1398414,3,,,,,POINT (2.1398414 41.4252957)
6718358695,41.4288404,2.133551,3,,,,,POINT (2.133551 41.4288404)
6742307805,41.4275788,2.1372555,1,,,,,POINT (2.1372555 41.4275788)
6744499287,41.4111291,2.1742534,3,crossing,,,,POINT (2.1742534 41.4111291)
6762254076,41.3996512,2.1715027,4,,,,,POINT (2.1715027 41.3996512)
6762254081,41.3994738,2.1717472,4,,,,,POINT (2.1717472 41.3994738)
6766631070,41.4091105,2.2041578,3,,,,,POINT (2.2041578 41.4091105)
6780590097,41.4101365,2.2050801,3,,,,,POINT (2.2050801 41.4101365)
6788067150,41.4384572,2.2046926,3,,,,,POINT (2.2046926 41.4384572)
6788605451,41.3370143,2.1096066,4,,,,,POINT (2.1096066 41.3370143)
6788605473,41.3352502,2.1118707,3,,,,,POINT (2.1118707 41.3352502)
6802966816,41.3677747,2.1736245,3,,,,,POINT (2.1736245 41.3677747)
6815925054,41.4536049,2.1895091,3,,,,,POINT (2.1895091 41.4536049)
6815925056,41.4534738,2.189469,3,,,,,POINT (2.189469 41.4534738)
6815991619,41.443445,2.2058813,3,,,,,POINT (2.2058813 41.443445)
6815991627,41.4435534,2.2063573,3,,,,,POINT (2.2063573 41.4435534)
6816047936,41.4331822,2.2068654,3,,,,,POINT (2.2068654 41.4331822)
6825291522,41.4111344,2.1546626,1,,,,,POINT (2.1546626 41.4111344)
6825291523,41.4108105,2.1539016,3,,,,,POINT (2.1539016 41.4108105)
6831747698,41.460635,2.1745764,3,,,,,POINT (2.1745764 41.460635)
6831747707,41.4605163,2.1807484,3,crossing,,,,POINT (2.1807484 41.4605163)
6831747715,41.4537574,2.1716836,3,,,,,POINT (2.1716836 41.4537574)
6833338776,41.3760691,2.1643486,4,,,,,POINT (2.1643486 41.3760691)
6833338778,41.3750379,2.1679184,3,,,,,POINT (2.1679184 41.3750379)
6842012554,41.3873727,2.1516714,4,,,,,POINT (2.1516714 41.3873727)
6852935862,41.4229453,2.2067247,3,,,,,POINT (2.2067247 41.4229453)
6853738185,41.4270718,2.1756604,3,,,,,POINT (2.1756604 41.4270718)
6853945872,41.4094902,2.1523681,1,,,,,POINT (2.1523681 41.4094902)
6873411834,41.3703588,2.1407972,3,,,,,POINT (2.1407972 41.3703588)
6873720976,41.3951953,2.2066051,3,,,,,POINT (2.2066051 41.3951953)
6898609741,41.4218792,2.1411502,4,,,,,POINT (2.1411502 41.4218792)
6898609742,41.4213031,2.1409453,3,,,,,POINT (2.1409453 41.4213031)
6898609745,41.4218139,2.1410509,3,,,,,POINT (2.1410509 41.4218139)
6916767944,41.4256794,2.2004317,3,,,,,POINT (2.2004317 41.4256794)
6932324368,41.4333307,2.1484927,3,,,,,POINT (2.1484927 41.4333307)
6932324474,41.4312997,2.1532701,3,,,,,POINT (2.1532701 41.4312997)
6939468887,41.4236702,2.1478431,1,,,,,POINT (2.1478431 41.4236702)
6943141604,41.4320846,2.1504553,1,,,,,POINT (2.1504553 41.4320846)
6943220502,41.4226826,2.1500618,1,crossing,,,,POINT (2.1500618 41.4226826)
6952516640,41.4255507,2.1781643,2,crossing,,,,POINT (2.1781643 41.4255507)
6960234560,41.4058134,2.1627078,3,,,,,POINT (2.1627078 41.4058134)
6964634639,41.4456246,2.2044018,3,,,,,POINT (2.2044018 41.4456246)
6978253606,41.4272051,2.1634716,1,,,,,POINT (2.1634716 41.4272051)
6985462291,41.3636421,2.1365819,4,,,,,POINT (2.1365819 41.3636421)
6985462292,41.3636443,2.1364002,4,,,,,POINT (2.1364002 41.3636443)
6985462317,41.3644105,2.1376217,3,,,,,POINT (2.1376217 41.3644105)
6985462322,41.3652302,2.1388492,3,,,,,POINT (2.1388492 41.3652302)
6985802967,41.4040922,2.1814734,3,,,,,POINT (2.1814734 41.4040922)
6988326935,41.4100047,2.2053954,1,,,,,POINT (2.2053954 41.4100047)
6993867323,41.417507,2.1870775,3,,,,,POINT (2.1870775 41.417507)
7020177134,41.3998834,2.1632775,1,,,,,POINT (2.1632775 41.3998834)
7021902544,41.3731162,2.1250794,3,,,,,POINT (2.1250794 41.3731162)
7024426870,41.4404849,2.1514992,3,crossing,,,,POINT (2.1514992 41.4404849)
7037105577,41.373033,2.1435754,3,,,,,POINT (2.1435754 41.373033)
7037105630,41.3720879,2.1413711,3,,,,,POINT (2.1413711 41.3720879)
7037282909,41.366247,2.1372671,3,,,,,POINT (2.1372671 41.366247)
7038518576,41.4048857,2.1886212,3,,,,,POINT (2.1886212 41.4048857)
7039662345,41.3703659,2.1564096,3,,,,,POINT (2.1564096 41.3703659)
7039662348,41.3706317,2.1564565,3,,,,,POINT (2.1564565 41.3706317)
7039662359,41.3712945,2.1560579,3,,,,,POINT (2.1560579 41.3712945)
7040185431,41.343184,2.1406438,3,,,,,POINT (2.1406438 41.343184)
7040259408,41.3471621,2.1476621,3,,,,,POINT (2.1476621 41.3471621)
7040379984,41.3717476,2.1650678,2,crossing,,,,POINT (2.1650678 41.3717476)
7042287357,41.3771178,2.1584352,3,,,,,POINT (2.1584352 41.3771178)
7042373972,41.3837032,2.1784769,1,,,,,POINT (2.1784769 41.3837032)
7078045305,41.4596704,2.1756107,2,,,,,POINT (2.1756107 41.4596704)
7078045346,41.460536,2.1811396,3,,,,,POINT (2.1811396 41.460536)
7078045348,41.4608382,2.1808315,3,,,,,POINT (2.1808315 41.4608382)
7078045379,41.4609928,2.1789949,3,,,,,POINT (2.1789949 41.4609928)
7090985903,41.4109719,2.1449103,1,,,,,POINT (2.1449103 41.4109719)
7095387192,41.4116742,2.1815535,1,,,,,POINT (2.1815535 41.4116742)
7096400667,41.4071737,2.1124544,3,,,,,POINT (2.1124544 41.4071737)
7096403592,41.4078854,2.1104445,1,,,,,POINT (2.1104445 41.4078854)
7159373371,41.3951482,2.206423,3,,,,,POINT (2.206423 41.3951482)
7160883598,41.4113418,2.2186052,3,,,,,POINT (2.2186052 41.4113418)
7166339417,41.4123047,2.1802613,3,,,,,POINT (2.1802613 41.4123047)
7188699482,41.3717439,2.1516314,3,,,,,POINT (2.1516314 41.3717439)
7195614914,41.3767769,2.1566336,3,traffic_signals,,,,POINT (2.1566336 41.3767769)
7198084789,41.4330539,2.1927819,3,,,,,POINT (2.1927819 41.4330539)
7198084790,41.4330399,2.1928806,3,,,,,POINT (2.1928806 41.4330399)
7217119091,41.4145562,2.1298596,3,,,,,POINT (2.1298596 41.4145562)
7222927910,41.4213432,2.1696318,1,,,,,POINT (2.1696318 41.4213432)
7223673629,41.3977793,2.1279113,3,,,,,POINT (2.1279113 41.3977793)
7223673630,41.3979197,2.1281083,3,,,,,POINT (2.1281083 41.3979197)
7223680627,41.3868728,2.1352279,5,,,,,POINT (2.1352279 41.3868728)
7223680633,41.3855133,2.1330202,4,,,,,POINT (2.1330202 41.3855133)
7229009436,41.4213837,2.1631485,1,,,,,POINT (2.1631485 41.4213837)
7229009478,41.4229614,2.1698487,1,,,,,POINT (2.1698487 41.4229614)
7233634023,41.3893559,2.1083181,3,,,,,POINT (2.1083181 41.3893559)
7233634026,41.3891612,2.1084342,3,,,,,POINT (2.1084342 41.3891612)
7233634031,41.3895558,2.1085553,3,,,,,POINT (2.1085553 41.3895558)
7233634040,41.3891704,2.1080421,3,,,,,POINT (2.1080421 41.3891704)
7234883287,41.3951977,2.1176466,4,,,,,POINT (2.1176466 41.3951977)
7234883292,41.3955061,2.1166526,4,,,,,POINT (2.1166526 41.3955061)
7242936371,41.4231598,2.1434,3,,,,,POINT (2.1434 41.4231598)
7243531434,41.3532601,2.1342149,3,,,,,POINT (2.1342149 41.3532601)
7246125622,41.3608199,2.1458209,2,,,,,POINT (2.1458209 41.3608199)
7252331255,41.4055029,2.1442723,3,,,,,POINT (2.1442723 41.4055029)
7252348260,41.3954733,2.133964,3,,,,,POINT (2.133964 41.3954733)
7252348261,41.3954149,2.133953,3,,,,,POINT (2.133953 41.3954149)
7252348266,41.3951223,2.1337884,3,,,,,POINT (2.1337884 41.3951223)
7252348348,41.3772511,2.1279495,3,,,,,POINT (2.1279495 41.3772511)
7254110678,41.3817437,2.1827293,3,,,,,POINT (2.1827293 41.3817437)
7254139893,41.3832084,2.1838652,3,crossing,,,,POINT (2.1838652 41.3832084)
7274365949,41.3839159,2.1794624,1,,,,,POINT (2.1794624 41.3839159)
7289937297,41.4245435,2.1435166,3,,,,,POINT (2.1435166 41.4245435)
7302027436,41.3396087,2.122247,3,,,,,POINT (2.122247 41.3396087)
7302027473,41.3418034,2.1278824,3,,,,,POINT (2.1278824 41.3418034)
7302038099,41.3397833,2.1227129,3,,,,,POINT (2.1227129 41.3397833)
7302038104,41.3401644,2.1233768,3,,,,,POINT (2.1233768 41.3401644)
7305804171,41.4538974,2.1715588,3,,,,,POINT (2.1715588 41.4538974)
7305839386,41.4520274,2.1747131,2,,,,,POINT (2.1747131 41.4520274)
7305839412,41.4583583,2.1809972,3,,,,,POINT (2.1809972 41.4583583)
7340701542,41.3809179,2.1866992,3,,,,,POINT (2.1866992 41.3809179)
7376904297,41.4117567,2.1651074,3,,,,,POINT (2.1651074 41.4117567)
7391288191,41.4262021,2.1771422,1,,,,,POINT (2.1771422 41.4262021)
7393702845,41.4221336,2.2111262,1,,,,,POINT (2.2111262 41.4221336)
7438745243,41.4057049,2.1607164,4,,,,,POINT (2.1607164 41.4057049)
7442324609,41.4078872,2.1512524,1,,,,,POINT (2.1512524 41.4078872)
7455315353,41.4020544,2.1588427,2,,,,,POINT (2.1588427 41.4020544)
7473591507,41.3873938,2.1745385,1,,,,,POINT (2.1745385 41.3873938)
7487287876,41.4275594,2.177533,3,,,,,POINT (2.177533 41.4275594)
7487287878,41.4274843,2.1772415,3,,,,,POINT (2.1772415 41.4274843)
7487343281,41.4270267,2.1725807,1,,,,,POINT (2.1725807 41.4270267)
7507211481,41.4085676,2.1867346,4,crossing,,,,POINT (2.1867346 41.4085676)
7507211787,41.4089811,2.1875047,3,,,,,POINT (2.1875047 41.4089811)
7507211789,41.4091234,2.187311,3,,,,,POINT (2.187311 41.4091234)
7515360144,41.3916185,2.1708555,4,,,,,POINT (2.1708555 41.3916185)
7515360148,41.3949951,2.1663916,4,,,,,POINT (2.1663916 41.3949951)
7515360155,41.3924514,2.1697556,4,,,,,POINT (2.1697556 41.3924514)
7515360156,41.3915294,2.1709769,4,,,,,POINT (2.1709769 41.3915294)
7526485262,41.4135022,2.1811742,3,crossing,,,,POINT (2.1811742 41.4135022)
7538034841,41.4180481,2.168834,1,,,,,POINT (2.168834 41.4180481)
7538034844,41.418232,2.1680884,1,,,,,POINT (2.1680884 41.418232)
7540811513,41.4201049,2.1653109,3,,,,,POINT (2.1653109 41.4201049)
7580972991,41.3877635,2.1522049,3,,,,,POINT (2.1522049 41.3877635)
7589389959,41.3747985,2.1350997,3,,,,,POINT (2.1350997 41.3747985)
7600262098,41.4167601,2.187651,1,,,,,POINT (2.187651 41.4167601)
7634532958,41.421372,2.1834095,3,,,,,POINT (2.1834095 41.421372)
7650348439,41.3888935,2.1834869,2,crossing,,,,POINT (2.1834869 41.3888935)
7663721759,41.4430976,2.186545,4,,,,,POINT (2.186545 41.4430976)
7679659712,41.4040576,2.1437495,4,,,,,POINT (2.1437495 41.4040576)
7721493556,41.4098598,2.1281143,2,,,,,POINT (2.1281143 41.4098598)
7756935479,41.428566,2.1557188,3,,,,,POINT (2.1557188 41.428566)
7862216634,41.3887624,2.181665,3,,,,,POINT (2.181665 41.3887624)
7866434035,41.3906538,2.1856637,4,traffic_signals,,,,POINT (2.1856637 41.3906538)
7866434044,41.3897314,2.1846112,3,,,,,POINT (2.1846112 41.3897314)
8043162354,41.3963321,2.1597511,3,crossing,,,,POINT (2.1597511 41.3963321)
8086245576,41.4513021,2.1910437,1,,,,,POINT (2.1910437 41.4513021)
8086245577,41.4512658,2.1910433,3,,,,,POINT (2.1910433 41.4512658)
8089462903,41.4135355,2.1675382,3,,,,,POINT (2.1675382 41.4135355)
8119152610,41.3887812,2.1055241,4,,,,,POINT (2.1055241 41.3887812)
8119152612,41.3887417,2.1055003,3,,,,,POINT (2.1055003 41.3887417)
8119424254,41.38945,2.1197311,3,,,,,POINT (2.1197311 41.38945)
8119424266,41.3885161,2.1210453,4,,,,,POINT (2.1210453 41.3885161)
8119424269,41.3889132,2.1205391,4,,,,,POINT (2.1205391 41.3889132)
8119424276,41.3905019,2.1184814,4,traffic_signals,,,,POINT (2.1184814 41.3905019)
8119424282,41.3917425,2.1168827,4,,,,,POINT (2.1168827 41.3917425)
8119424289,41.3928224,2.1154194,3,,,,,POINT (2.1154194 41.3928224)
8119424292,41.3883039,2.1212746,3,,,,,POINT (2.1212746 41.3883039)
8119594930,41.4404452,2.1510773,3,,,,,POINT (2.1510773 41.4404452)
8119594962,41.4220216,2.1410537,3,,,,,POINT (2.1410537 41.4220216)
8119755196,41.3812872,2.1202893,3,,,,,POINT (2.1202893 41.3812872)
8119755201,41.3844001,2.1186439,3,,,,,POINT (2.1186439 41.3844001)
8119755207,41.3826858,2.1194107,3,,,,,POINT (2.1194107 41.3826858)
8119767438,41.4033634,2.1188707,3,,,,,POINT (2.1188707 41.4033634)
8119767440,41.4028473,2.1183298,3,,,,,POINT (2.1183298 41.4028473)
8119767442,41.4031247,2.1178403,3,,,,,POINT (2.1178403 41.4031247)
8121373632,41.4184883,2.1602789,1,turning_circle,,,,POINT (2.1602789 41.4184883)
8121509947,41.3859052,2.1423121,3,crossing,,,,POINT (2.1423121 41.3859052)
8121510021,41.381795,2.1304312,1,,,,,POINT (2.1304312 41.381795)
8121510030,41.3812283,2.1287842,3,,,,,POINT (2.1287842 41.3812283)
8121673613,41.3668283,2.1477831,1,,,,,POINT (2.1477831 41.3668283)
8125229465,41.4025522,2.1825626,2,,,,,POINT (2.1825626 41.4025522)
8127333287,41.399569,2.1241498,4,,,,,POINT (2.1241498 41.399569)
8132079773,41.4140938,2.2133894,3,,,,,POINT (2.2133894 41.4140938)
8132079774,41.4145265,2.2139535,1,,,,,POINT (2.2139535 41.4145265)
8132079775,41.4138495,2.2137096,3,,,,,POINT (2.2137096 41.4138495)
8132079776,41.4142548,2.2142921,1,,,,,POINT (2.2142921 41.4142548)
8132079779,41.4129497,2.2149106,3,,,,,POINT (2.2149106 41.4129497)
8132079780,41.4133525,2.2154719,1,,,,,POINT (2.2154719 41.4133525)
8132079781,41.41323,2.2145308,3,,,,,POINT (2.2145308 41.41323)
8132079782,41.4136404,2.2150833,1,,,,,POINT (2.2150833 41.4136404)
8140250869,41.4186042,2.2099571,4,,,,,POINT (2.2099571 41.4186042)
8140250872,41.4184658,2.2095306,3,,,,,POINT (2.2095306 41.4184658)
8144185801,41.3709011,2.1309955,4,,,,,POINT (2.1309955 41.3709011)
8144185802,41.3715878,2.131643,1,,,,,POINT (2.131643 41.3715878)
8144185804,41.3706159,2.1306772,1,,,,,POINT (2.1306772 41.3706159)
8148449127,41.4101368,2.1890497,3,crossing,,,,POINT (2.1890497 41.4101368)
8149137131,41.4201378,2.1560384,1,,,,,POINT (2.1560384 41.4201378)
8149221466,41.4206767,2.1502155,1,,,,,POINT (2.1502155 41.4206767)
8150119791,41.42566,2.2015078,1,,,,,POINT (2.2015078 41.42566)
8151705401,41.4175739,2.1501801,3,,,,,POINT (2.1501801 41.4175739)
8162660649,41.4385207,2.2052993,3,,,,,POINT (2.2052993 41.4385207)
8162667537,41.43381,2.2024615,3,,,,,POINT (2.2024615 41.43381)
8162667553,41.4342882,2.2014902,3,,,,,POINT (2.2014902 41.4342882)
8162667555,41.4342736,2.2012927,3,,,,,POINT (2.2012927 41.4342736)
8162667556,41.4342517,2.2013287,4,,,,,POINT (2.2013287 41.4342517)
8166004731,41.3272253,2.1137117,3,,,,,POINT (2.1137117 41.3272253)
8166004745,41.3274331,2.1134788,3,,,,,POINT (2.1134788 41.3274331)
8172065144,41.4452138,2.1830465,3,,,,,POINT (2.1830465 41.4452138)
8172065145,41.445261,2.18287,3,,,,,POINT (2.18287 41.445261)
8172065150,41.4464325,2.1830777,4,,,,,POINT (2.1830777 41.4464325)
8172065151,41.446679,2.1830392,3,,,,,POINT (2.1830392 41.446679)
8173071606,41.3829814,2.1597279,4,,,,,POINT (2.1597279 41.3829814)
8174151452,41.3872366,2.1412556,3,,,,,POINT (2.1412556 41.3872366)
8175209748,41.3970719,2.140411,3,crossing,,,,POINT (2.140411 41.3970719)
8176699554,41.448639,2.1931345,3,crossing,,,,POINT (2.1931345 41.448639)
8176699632,41.4470858,2.1787921,3,,,,,POINT (2.1787921 41.4470858)
8177465454,41.4059998,2.1560199,2,crossing,,,,POINT (2.1560199 41.4059998)
8184529847,41.4474829,2.1800308,2,,,,,POINT (2.1800308 41.4474829)
8195467071,41.4365626,2.1539188,3,,,,,POINT (2.1539188 41.4365626)
8195467081,41.436742,2.1533838,3,crossing,,,,POINT (2.1533838 41.436742)
8195951201,41.4238368,2.1772525,3,,,,,POINT (2.1772525 41.4238368)
8199319784,41.4259503,2.1938878,1,,,,,POINT (2.1938878 41.4259503)
8201874133,41.3858984,2.1672091,3,crossing,,,,POINT (2.1672091 41.3858984)
8210712079,41.3998951,2.1734391,4,,,,,POINT (2.1734391 41.3998951)
8213336141,41.4303081,2.1662931,1,,,,,POINT (2.1662931 41.4303081)
8221931729,41.3749318,2.1592311,3,,,,,POINT (2.1592311 41.3749318)
8221931732,41.3736648,2.1587,3,,,,,POINT (2.1587 41.3736648)
8223182475,41.4187273,2.1890764,3,,,,,POINT (2.1890764 41.4187273)
8227535510,41.4385952,2.2058291,3,,,,,POINT (2.2058291 41.4385952)
8244634484,41.3674845,2.1747821,3,,,,,POINT (2.1747821 41.3674845)
8244634502,41.3668302,2.176092,3,,,,,POINT (2.176092 41.3668302)
8246157429,41.3813264,2.1733406,2,,,,,POINT (2.1733406 41.3813264)
8252657277,41.4111603,2.1452253,3,,,,,POINT (2.1452253 41.4111603)
8253104586,41.4114348,2.1382934,3,,,,,POINT (2.1382934 41.4114348)
8253104587,41.4113717,2.1384619,3,,,,,POINT (2.1384619 41.4113717)
8267495882,41.4258105,2.2004485,3,,,,,POINT (2.2004485 41.4258105)
8267495895,41.4257965,2.2000243,3,traffic_signals,,,,POINT (2.2000243 41.4257965)
8267865177,41.4146233,2.1997146,1,,,,,POINT (2.1997146 41.4146233)
8269583404,41.4342947,2.2057656,3,,,,,POINT (2.2057656 41.4342947)
8269934210,41.4247143,2.2078747,2,,,,,POINT (2.2078747 41.4247143)
8270228863,41.4354471,2.2013569,1,,,,,POINT (2.2013569 41.4354471)
8286877334,41.4156943,2.1467496,3,,,,,POINT (2.1467496 41.4156943)
8293362944,41.424042,2.1511616,3,,,,,POINT (2.1511616 41.424042)
8302792055,41.4486957,2.1819962,3,,,,,POINT (2.1819962 41.4486957)
8302792056,41.4485722,2.1820282,3,,,,,POINT (2.1820282 41.4485722)
8302879824,41.4502603,2.1848382,3,,,,,POINT (2.1848382 41.4502603)
8302879830,41.452032,2.1865114,3,,,,,POINT (2.1865114 41.452032)
8309021788,41.4054329,2.1283945,1,,,,,POINT (2.1283945 41.4054329)
8310685646,41.3625214,2.1418411,3,,,,,POINT (2.1418411 41.3625214)
8310685647,41.3626533,2.1418827,3,,,,,POINT (2.1418827 41.3626533)
8310685651,41.3624597,2.1419981,3,,,,,POINT (2.1419981 41.3624597)
8319500688,41.3715573,2.1594585,1,,,,,POINT (2.1594585 41.3715573)
8319500689,41.371634,2.1594012,1,,,,,POINT (2.1594012 41.371634)
8338986129,41.3990696,2.1694985,3,,,,,POINT (2.1694985 41.3990696)
8372776783,41.4151195,2.1610054,3,,,,,POINT (2.1610054 41.4151195)
8372776785,41.4151381,2.1608556,3,,,,,POINT (2.1608556 41.4151381)
8378820672,41.4261409,2.1707372,3,,,,,POINT (2.1707372 41.4261409)
8384718808,41.4159603,2.1363076,3,,,,,POINT (2.1363076 41.4159603)
8396779091,41.4131276,2.2158902,3,,,,,POINT (2.2158902 41.4131276)
8396779094,41.4127608,2.2163908,1,,,,,POINT (2.2163908 41.4127608)
8396779114,41.4161928,2.2122271,3,,,,,POINT (2.2122271 41.4161928)
8396779116,41.4164058,2.2119675,1,,,,,POINT (2.2119675 41.4164058)
8396789422,41.4161457,2.2117385,1,,,,,POINT (2.2117385 41.4161457)
8397656591,41.3949631,2.1254879,3,,,,,POINT (2.1254879 41.3949631)
8397656593,41.394866,2.1257291,3,,,,,POINT (2.1257291 41.394866)
8400776901,41.4025712,2.1608681,1,crossing,,,,POINT (2.1608681 41.4025712)
8405489149,41.4185754,2.1383297,1,,,,,POINT (2.1383297 41.4185754)
8405489151,41.4188235,2.1380027,1,,,,,POINT (2.1380027 41.4188235)
8412738277,41.4164221,2.1640466,3,,,,,POINT (2.1640466 41.4164221)
8412738278,41.4163442,2.1639605,3,,,,,POINT (2.1639605 41.4163442)
8416708651,41.4228617,2.1519847,3,,,,,POINT (2.1519847 41.4228617)
8416779662,41.3806614,2.1832145,3,,,,,POINT (2.1832145 41.3806614)
8417604897,41.3859921,2.1424967,3,,,,,POINT (2.1424967 41.3859921)
8421214080,41.4317264,2.1717425,1,,,,,POINT (2.1717425 41.4317264)
8439080657,41.407088,2.1779416,3,,,,,POINT (2.1779416 41.407088)
8440867272,41.3884729,2.1326737,1,,,,,POINT (2.1326737 41.3884729)
8441782211,41.4265948,2.167581,3,,,,,POINT (2.167581 41.4265948)
8441782337,41.4233432,2.1625482,3,,,,,POINT (2.1625482 41.4233432)
8454360490,41.432699,2.1414584,3,,,,,POINT (2.1414584 41.432699)
8458702063,41.434701,2.1406698,1,,,,,POINT (2.1406698 41.434701)
8465472214,41.4628621,2.1778714,3,,,,,POINT (2.1778714 41.4628621)
8465686548,41.4644331,2.1861096,1,,,,,POINT (2.1861096 41.4644331)
8465744797,41.3766549,2.1303389,3,,,,,POINT (2.1303389 41.3766549)
8473846976,41.3513255,2.1465017,3,,,,,POINT (2.1465017 41.3513255)
8473849036,41.3608693,2.1403432,1,,,,,POINT (2.1403432 41.3608693)
8473849046,41.3514735,2.1465137,3,,,,,POINT (2.1465137 41.3514735)
8473849076,41.3517127,2.1477373,3,,,,,POINT (2.1477373 41.3517127)
8473849086,41.3515088,2.1470845,3,,,,,POINT (2.1470845 41.3515088)
8473879995,41.3730512,2.1433361,3,,,,,POINT (2.1433361 41.3730512)
8498379926,41.4073371,2.1512578,1,crossing,,,,POINT (2.1512578 41.4073371)
8529268154,41.3996332,2.1243155,4,,,,,POINT (2.1243155 41.3996332)
8529334834,41.406381,2.132992,3,,,,,POINT (2.132992 41.406381)
8529589443,41.3759547,2.1509596,2,,,,,POINT (2.1509596 41.3759547)
8529602573,41.3913288,2.1174133,3,,,,,POINT (2.1174133 41.3913288)
8530156354,41.4057851,2.1479779,4,,,,,POINT (2.1479779 41.4057851)
8530189630,41.4090962,2.1537132,3,,,,,POINT (2.1537132 41.4090962)
8530300628,41.4386403,2.1770013,3,,,,,POINT (2.1770013 41.4386403)
8530300631,41.4388065,2.1782665,3,,,,,POINT (2.1782665 41.4388065)
8530386527,41.4008221,2.1140685,3,traffic_signals,,,,POINT (2.1140685 41.4008221)
8563410323,41.4622006,2.1794568,3,,,,,POINT (2.1794568 41.4622006)
8563410324,41.4621338,2.1795669,3,,,,,POINT (2.1795669 41.4621338)
8617734012,41.4130962,2.1706986,1,,,,,POINT (2.1706986 41.4130962)
8623322076,41.4318725,2.1784246,3,,,,,POINT (2.1784246 41.4318725)
8623322079,41.4321646,2.1786869,1,,,,,POINT (2.1786869 41.4321646)
8637567268,41.4000931,2.1823933,4,,,,,POINT (2.1823933 41.4000931)
8710875305,41.4313779,2.1812133,1,,,,,POINT (2.1812133 41.4313779)
8745736544,41.3751661,2.1473518,3,traffic_signals,,,,POINT (2.1473518 41.3751661)
8758394152,41.3975256,2.1906442,1,,,,,POINT (2.1906442 41.3975256)
8816467872,41.3471192,2.1431126,3,,,,,POINT (2.1431126 41.3471192)
8917810340,41.3971465,2.15569,1,,,,,POINT (2.15569 41.3971465)
8920489309,41.4051382,2.2108097,1,,,,,POINT (2.2108097 41.4051382)
8930700694,41.3316542,2.1265916,3,,,,,POINT (2.1265916 41.3316542)
8930700698,41.3310734,2.1296294,3,,,,,POINT (2.1296294 41.3310734)
8930700699,41.3311667,2.1293659,3,,,,,POINT (2.1293659 41.3311667)
8930700701,41.3311145,2.1288446,3,,,,,POINT (2.1288446 41.3311145)
8930700703,41.3309734,2.1287977,3,,,,,POINT (2.1287977 41.3309734)
8957765000,41.4389869,2.1541633,3,,,,,POINT (2.1541633 41.4389869)
8957765002,41.4390361,2.1540235,3,,,,,POINT (2.1540235 41.4390361)
8957891340,41.4378314,2.1546525,1,,,,,POINT (2.1546525 41.4378314)
8957891342,41.4382073,2.154442,3,,,,,POINT (2.154442 41.4382073)
8972734654,41.4076402,2.1133756,1,,,,,POINT (2.1133756 41.4076402)
8972734658,41.4070415,2.1141352,3,,,,,POINT (2.1141352 41.4070415)
8974093830,41.4285756,2.0893796,3,,,,,POINT (2.0893796 41.4285756)
8974093833,41.4286966,2.0896562,3,,,,,POINT (2.0896562 41.4286966)
8974093834,41.4286408,2.0895042,3,,,,,POINT (2.0895042 41.4286408)
8974093835,41.4286426,2.0890822,3,,,,,POINT (2.0890822 41.4286426)
8974093841,41.4286029,2.0894607,3,stop,,,,POINT (2.0894607 41.4286029)
8974093851,41.4286411,2.0894112,6,,,,,POINT (2.0894112 41.4286411)
8986784890,41.3763967,2.1902171,1,,,,,POINT (2.1902171 41.3763967)
8990275789,41.347485,2.1481657,3,,,,,POINT (2.1481657 41.347485)
8990571939,41.4321979,2.1904062,1,,,,,POINT (2.1904062 41.4321979)
9029647948,41.4014267,2.1140172,3,,,,,POINT (2.1140172 41.4014267)
9029647953,41.4012498,2.1144117,3,,,,,POINT (2.1144117 41.4012498)
9029647979,41.4030626,2.1161677,3,,,,,POINT (2.1161677 41.4030626)
9042478734,41.3945107,2.1500083,1,,,,,POINT (2.1500083 41.3945107)
9056235029,41.3781511,2.1461879,3,crossing,,,,POINT (2.1461879 41.3781511)
9090670821,41.4201489,2.1654384,3,,,,,POINT (2.1654384 41.4201489)
9090670832,41.420143,2.1652763,3,,,,,POINT (2.1652763 41.420143)
9127817655,41.4161089,2.1313445,3,,,,,POINT (2.1313445 41.4161089)
9127835473,41.4162155,2.131241,3,,,,,POINT (2.131241 41.4162155)
9174445227,41.3758313,2.1533721,4,crossing,,,,POINT (2.1533721 41.3758313)
9178309451,41.3490356,2.1394678,3,,,,,POINT (2.1394678 41.3490356)
9178801023,41.3498216,2.1387161,3,,,,,POINT (2.1387161 41.3498216)
9178801032,41.3494075,2.1405519,3,,,,,POINT (2.1405519 41.3494075)
9195988091,41.4300164,2.1542988,1,,,,,POINT (2.1542988 41.4300164)
9195988092,41.4305175,2.1543512,3,,,,,POINT (2.1543512 41.4305175)
9195988099,41.4300014,2.1550608,1,,,,,POINT (2.1550608 41.4300014)
9216618887,41.453533,2.186767,3,,,,,POINT (2.186767 41.453533)
9231111336,41.407823,2.1928919,3,,,,,POINT (2.1928919 41.407823)
9232630600,41.4087326,2.1938837,3,,,,,POINT (2.1938837 41.4087326)
9233468280,41.4007809,2.1836885,5,,,,,POINT (2.1836885 41.4007809)
9258535584,41.3510958,2.1454851,4,,,,,POINT (2.1454851 41.3510958)
9272385497,41.42352,2.1583067,1,,,,,POINT (2.1583067 41.42352)
9272385499,41.4234742,2.158062,3,,,,,POINT (2.158062 41.4234742)
9286121170,41.3761591,2.1450113,3,,,,,POINT (2.1450113 41.3761591)
9325818735,41.4201974,2.1712356,1,,,,,POINT (2.1712356 41.4201974)
9350529921,41.4344325,2.1658019,2,,,,,POINT (2.1658019 41.4344325)
9350842927,41.4354238,2.164895,3,,,,,POINT (2.164895 41.4354238)
9350842938,41.4354655,2.1649005,3,,,,,POINT (2.1649005 41.4354655)
9378519453,41.4668097,2.1846841,2,,,,,POINT (2.1846841 41.4668097)
9388663514,41.4225301,2.1918142,4,,,,,POINT (2.1918142 41.4225301)
9408480017,41.4104136,2.1564603,3,,,,,POINT (2.1564603 41.4104136)
9420716633,41.4125684,2.1431042,3,,,,,POINT (2.1431042 41.4125684)
9421288042,41.3611763,2.1696015,1,,,,,POINT (2.1696015 41.3611763)
9423672135,41.3517474,2.1585927,1,,,,,POINT (2.1585927 41.3517474)
9424968274,41.332786,2.1381923,3,,,,,POINT (2.1381923 41.332786)
9424968296,41.333522,2.1372945,3,,,,,POINT (2.1372945 41.333522)
9425002695,41.352134,2.1566245,4,,,,,POINT (2.1566245 41.352134)
9425332499,41.3527614,2.1579531,1,,,,,POINT (2.1579531 41.3527614)
9425413586,41.3731399,2.177,3,,,,,POINT (2.177 41.3731399)
9425413590,41.3734636,2.1767242,3,,,,,POINT (2.1767242 41.3734636)
9425413592,41.3732829,2.1767237,3,traffic_signals,,,,POINT (2.1767237 41.3732829)
9425413606,41.3730398,2.1764495,3,,,,,POINT (2.1764495 41.3730398)
9425413610,41.3731331,2.1767621,4,,,,,POINT (2.1767621 41.3731331)
9425413611,41.3731077,2.1766042,4,,,,,POINT (2.1766042 41.3731077)
9425426928,41.3743781,2.1764795,3,,,,,POINT (2.1764795 41.3743781)
9425441363,41.3735993,2.1774462,1,,,,,POINT (2.1774462 41.3735993)
9429582924,41.3430614,2.1402445,3,,,,,POINT (2.1402445 41.3430614)
9429582929,41.3428442,2.140843,3,,,,,POINT (2.140843 41.3428442)
9429582930,41.3426648,2.1413504,3,,,,,POINT (2.1413504 41.3426648)
9429582953,41.3434589,2.1388336,3,,,,,POINT (2.1388336 41.3434589)
9429582959,41.3436191,2.1389425,3,,,,,POINT (2.1389425 41.3436191)
9429582962,41.3433531,2.1391647,3,,,,,POINT (2.1391647 41.3433531)
9429582963,41.3435278,2.1392411,3,,,,,POINT (2.1392411 41.3435278)
9429582992,41.3436971,2.1384755,3,,,,,POINT (2.1384755 41.3436971)
9433723474,41.399918,2.187025,4,,,,,POINT (2.187025 41.399918)
9436508648,41.4310701,2.2006627,3,,,,,POINT (2.2006627 41.4310701)
9438259030,41.4370161,2.1881077,2,,,,,POINT (2.1881077 41.4370161)
9441752649,41.3237018,2.1320763,3,,,,,POINT (2.1320763 41.3237018)
9441752654,41.3237181,2.1329281,3,,,,,POINT (2.1329281 41.3237181)
9441779068,41.3224806,2.1320964,3,,,,,POINT (2.1320964 41.3224806)
9442009768,41.3414763,2.1438601,3,,,,,POINT (2.1438601 41.3414763)
9442064201,41.3425554,2.1415788,3,,,,,POINT (2.1415788 41.3425554)
9444230734,41.3351971,2.1395574,3,,,,,POINT (2.1395574 41.3351971)
9444287955,41.3358403,2.1298866,3,,,,,POINT (2.1298866 41.3358403)
9444642712,41.3398262,2.126744,1,,,,,POINT (2.126744 41.3398262)
9445929962,41.4526087,2.1865887,3,,,,,POINT (2.1865887 41.4526087)
9446689097,41.3309109,2.129723,3,,,,,POINT (2.129723 41.3309109)
9446689099,41.3311216,2.1291783,3,,,,,POINT (2.1291783 41.3311216)
9446738720,41.3309927,2.1296272,4,,,,,POINT (2.1296272 41.3309927)
9446738721,41.3311145,2.1292866,4,,,,,POINT (2.1292866 41.3311145)
9446756208,41.3316035,2.1266235,3,,,,,POINT (2.1266235 41.3316035)
9446844918,41.3318156,2.1271687,3,,,,,POINT (2.1271687 41.3318156)
9447318560,41.3300881,2.1317383,4,,,,,POINT (2.1317383 41.3300881)
9447318561,41.3300941,2.1317587,4,,,,,POINT (2.1317587 41.3300941)
9447318562,41.3301019,2.1317362,4,,,,,POINT (2.1317362 41.3301019)
9447318563,41.3295295,2.1344098,3,,,,,POINT (2.1344098 41.3295295)
9447318564,41.3295783,2.13428,3,,,,,POINT (2.13428 41.3295783)
9465476413,41.4230961,2.1993882,3,,,,,POINT (2.1993882 41.4230961)
9465476414,41.4230424,2.1991617,3,,,,,POINT (2.1991617 41.4230424)
9481011177,41.4184669,2.137177,1,,,,,POINT (2.137177 41.4184669)
9507066653,41.4275788,2.1376897,3,,,,,POINT (2.1376897 41.4275788)
9520553515,41.3519899,2.1450336,3,,,,,POINT (2.1450336 41.3519899)
9533512210,41.36577,2.1397789,3,,,,,POINT (2.1397789 41.36577)
9533512211,41.3658908,2.1397329,3,,,,,POINT (2.1397329 41.3658908)
9533512217,41.3658698,2.1398924,3,traffic_signals,,,,POINT (2.1398924 41.3658698)
9533973591,41.4419923,2.1561271,1,,,,,POINT (2.1561271 41.4419923)
9533973599,41.4414522,2.1559056,3,,,,,POINT (2.1559056 41.4414522)
9549447205,41.377652,2.1116872,3,,,,,POINT (2.1116872 41.377652)
9570361335,41.3852626,2.1251758,3,,,,,POINT (2.1251758 41.3852626)
9590970235,41.4444828,2.1823537,1,,,,,POINT (2.1823537 41.4444828)
9605043050,41.4009142,2.1834866,4,,,,,POINT (2.1834866 41.4009142)
9608382461,41.4089877,2.1932836,2,,,,,POINT (2.1932836 41.4089877)
9632863111,41.4592876,2.1842297,3,,,,,POINT (2.1842297 41.4592876)
9632863116,41.4580083,2.1859141,3,,,,,POINT (2.1859141 41.4580083)
9769855902,41.4250962,2.2064807,3,,,,,POINT (2.2064807 41.4250962)
9769855904,41.4258513,2.2049037,3,,,,,POINT (2.2049037 41.4258513)
9769889195,41.4245647,2.2057713,3,,,,,POINT (2.2057713 41.4245647)
9769889198,41.4237916,2.2068135,3,,,,,POINT (2.2068135 41.4237916)
9782230121,41.397824,2.1648548,3,,,,,POINT (2.1648548 41.397824)
9782230123,41.3974182,2.1631884,4,,,,,POINT (2.1631884 41.3974182)
9788435899,41.3894425,2.1679834,3,,,,,POINT (2.1679834 41.3894425)
9788449184,41.3879371,2.1702232,3,,,,,POINT (2.1702232 41.3879371)
9803583623,41.3953159,2.1577716,3,,,,,POINT (2.1577716 41.3953159)
9850467919,41.4292363,2.1238102,3,,,,,POINT (2.1238102 41.4292363)
9869800019,41.434031,2.1866909,1,,,,,POINT (2.1866909 41.434031)
9870574441,41.4336992,2.1916972,1,,,,,POINT (2.1916972 41.4336992)
9873768080,41.4352852,2.1948209,3,,,,,POINT (2.1948209 41.4352852)
9935801048,41.3737752,2.1433498,3,,,,,POINT (2.1433498 41.3737752)
9939580063,41.3737718,2.1441589,3,,,,,POINT (2.1441589 41.3737718)
10001393038,41.4522663,2.1865765,3,,,,,POINT (2.1865765 41.4522663)
10001393041,41.4523043,2.1866564,3,,,,,POINT (2.1866564 41.4523043)
10001403893,41.4321295,2.1727963,1,,,,,POINT (2.1727963 41.4321295)
10042802553,41.418288,2.1914393,3,,,,,POINT (2.1914393 41.418288)
10042808607,41.4169314,2.1914942,4,,,,,POINT (2.1914942 41.4169314)
10042808608,41.4168215,2.191487,4,,,,,POINT (2.191487 41.4168215)
10045031263,41.3999507,2.1870244,4,,,,,POINT (2.1870244 41.3999507)
10092003377,41.3753075,2.1520079,3,,,,,POINT (2.1520079 41.3753075)
10119384982,41.3979699,2.1912299,1,,,,,POINT (2.1912299 41.3979699)
10135472422,41.4322337,2.2058184,3,,,,,POINT (2.2058184 41.4322337)
10135472424,41.4321467,2.2057661,3,,,,,POINT (2.2057661 41.4321467)
10135472427,41.4320467,2.2058405,3,,,,,POINT (2.2058405 41.4320467)
10135472431,41.4320912,2.2060595,3,,,,,POINT (2.2060595 41.4320912)
10135472434,41.4322136,2.2060496,3,,,,,POINT (2.2060496 41.4322136)
10135472436,41.432257,2.2059721,3,,,,,POINT (2.2059721 41.432257)
10136588761,41.3352089,2.1397566,1,,,,,POINT (2.1397566 41.3352089)
10140262450,41.3750476,2.1615155,3,,,,,POINT (2.1615155 41.3750476)
10143168517,41.4171329,2.1808442,1,,,,,POINT (2.1808442 41.4171329)
10169372144,41.4131983,2.1951451,3,,,,,POINT (2.1951451 41.4131983)
10173687169,41.3856206,2.1424657,4,,,,,POINT (2.1424657 41.3856206)
10174522837,41.4011424,2.2043665,2,,,,,POINT (2.2043665 41.4011424)
10177321808,41.3797899,2.1503799,3,,,,,POINT (2.1503799 41.3797899)
10177367824,41.3812908,2.1529196,3,,,,,POINT (2.1529196 41.3812908)
10177367826,41.3814726,2.1526803,3,,,,,POINT (2.1526803 41.3814726)
10177414029,41.3849009,2.1571751,3,,,,,POINT (2.1571751 41.3849009)
10177414030,41.3846771,2.1574713,3,,,,,POINT (2.1574713 41.3846771)
10177414035,41.3838117,2.1563852,3,,,,,POINT (2.1563852 41.3838117)
10177414037,41.3837108,2.1558987,1,,,,,POINT (2.1558987 41.3837108)
10177414047,41.3823338,2.1538129,3,,,,,POINT (2.1538129 41.3823338)
10177414048,41.3821182,2.1541007,3,,,,,POINT (2.1541007 41.3821182)
10181609591,41.3889382,2.1631484,3,,,,,POINT (2.1631484 41.3889382)
10181609602,41.3855259,2.1586028,3,,,,,POINT (2.1586028 41.3855259)
10181609603,41.3857427,2.1583164,3,,,,,POINT (2.1583164 41.3857427)
10182235275,41.3931895,2.1687831,3,,,,,POINT (2.1687831 41.3931895)
10182235276,41.3934119,2.168486,3,,,,,POINT (2.168486 41.3934119)
10182235280,41.3925577,2.1673331,3,,,,,POINT (2.1673331 41.3925577)
10182235282,41.3923319,2.1676327,3,,,,,POINT (2.1676327 41.3923319)
10182303351,41.3974669,2.1673801,3,,,,,POINT (2.1673801 41.3974669)
10182303354,41.3976696,2.1676555,3,,,,,POINT (2.1676555 41.3976696)
10182303357,41.3966017,2.1685044,3,,,,,POINT (2.1685044 41.3966017)
10182303358,41.396809,2.1687828,3,,,,,POINT (2.1687828 41.396809)
10182310913,41.3840363,2.1540764,3,,,,,POINT (2.1540764 41.3840363)
10182310914,41.3838234,2.1537953,3,,,,,POINT (2.1537953 41.3838234)
10182331319,41.382114,2.1492731,3,,,,,POINT (2.1492731 41.382114)
10182331320,41.3823248,2.1495488,3,,,,,POINT (2.1495488 41.3823248)
10182331324,41.3812692,2.1503848,3,,,,,POINT (2.1503848 41.3812692)
10182331327,41.3814768,2.1506638,3,,,,,POINT (2.1506638 41.3814768)
10182331330,41.3797804,2.1529409,3,,,,,POINT (2.1529409 41.3797804)
10182331332,41.3795678,2.1526646,3,,,,,POINT (2.1526646 41.3795678)
10182338470,41.3823671,2.1563738,3,,,,,POINT (2.1563738 41.3823671)
10182338471,41.3821145,2.1560356,3,,,,,POINT (2.1560356 41.3821145)
10183406420,41.3518966,2.1586911,3,,,,,POINT (2.1586911 41.3518966)
10183406423,41.3520463,2.1583689,3,,,,,POINT (2.1583689 41.3520463)
10189181762,41.4421248,2.1865488,3,,,,,POINT (2.1865488 41.4421248)
10207081166,41.4154924,2.1911541,4,,,,,POINT (2.1911541 41.4154924)
10218940989,41.340507,2.1243849,4,,,,,POINT (2.1243849 41.340507)
10221732552,41.4351562,2.1933114,1,,,,,POINT (2.1933114 41.4351562)
10223723000,41.383312,2.177995,1,,,,,POINT (2.177995 41.383312)
10253033785,41.4005376,2.1759909,4,,,,,POINT (2.1759909 41.4005376)
10259685684,41.4135996,2.1946287,1,,,,,POINT (2.1946287 41.4135996)
10266016765,41.3769649,2.1720881,3,,,,,POINT (2.1720881 41.3769649)
10308985977,41.3789802,2.1770892,3,,,,,POINT (2.1770892 41.3789802)
10649558039,41.4065742,2.1917263,3,,,,,POINT (2.1917263 41.4065742)
10712779365,41.4076151,2.1922598,3,,,,,POINT (2.1922598 41.4076151)
10770844049,41.4016643,2.166257,4,,,,,POINT (2.166257 41.4016643)
10778099644,41.3836108,2.1189398,3,,,,,POINT (2.1189398 41.3836108)
10778099645,41.3836237,2.1189909,4,,,,,POINT (2.1189909 41.3836237)
10858526497,41.4055001,2.1968124,3,,,,,POINT (2.1968124 41.4055001)
10858526500,41.405608,2.1966812,3,,,,,POINT (2.1966812 41.405608)
10893712430,41.3942478,2.1696261,3,,,,,POINT (2.1696261 41.3942478)
10893712431,41.3940394,2.1699106,3,,,,,POINT (2.1699106 41.3940394)
10893766824,41.3957562,2.1721955,3,,,,,POINT (2.1721955 41.3957562)
10893766826,41.3959685,2.1719059,3,,,,,POINT (2.1719059 41.3959685)
10896052335,41.3871981,2.14958,2,,,,,POINT (2.14958 41.3871981)
10896052337,41.3866314,2.1503613,1,,,,,POINT (2.1503613 41.3866314)
10926004932,41.4146211,2.1902386,4,,,,,POINT (2.1902386 41.4146211)
10926004935,41.4144538,2.1902952,3,,,,,POINT (2.1902952 41.4144538)
10967809658,41.3712687,2.1634902,3,,,,,POINT (2.1634902 41.3712687)
11009796676,41.3717236,2.1514772,3,,,,,POINT (2.1514772 41.3717236)
11009796679,41.3715781,2.1513316,3,,,,,POINT (2.1513316 41.3715781)
11009796682,41.3716447,2.1512604,3,,,,,POINT (2.1512604 41.3716447)
11009796684,41.3717262,2.1512895,3,,,,,POINT (2.1512895 41.3717262)
11009796687,41.3717572,2.1513934,3,,,,,POINT (2.1513934 41.3717572)
11009796691,41.3716558,2.1515075,3,,,,,POINT (2.1515075 41.3716558)
11012409286,41.3942882,2.1722111,3,,,,,POINT (2.1722111 41.3942882)
11012409292,41.3940443,2.1719042,3,,,,,POINT (2.1719042 41.3940443)
11012442310,41.3959912,2.169948,3,,,,,POINT (2.169948 41.3959912)
11034130507,41.3765496,2.155943,3,,,,,POINT (2.155943 41.3765496)
11053219722,41.3872302,2.160872,3,,,,,POINT (2.160872 41.3872302)
11053219723,41.3874476,2.160574,3,,,,,POINT (2.160574 41.3874476)
11053280241,41.3902082,2.1648085,3,,,,,POINT (2.1648085 41.3902082)
11061736176,41.3883403,2.1616706,3,,,,,POINT (2.1616706 41.3883403)
11117566675,41.3995104,2.1239518,3,crossing,,,,POINT (2.1239518 41.3995104)
11158624378,41.4134504,2.1813731,3,,,,,POINT (2.1813731 41.4134504)
11178765233,41.3854907,2.1766906,3,,,,,POINT (2.1766906 41.3854907)
11215517493,41.4025292,2.1854508,2,,,,,POINT (2.1854508 41.4025292)
11217530543,41.4220721,2.1983187,3,crossing,,,,POINT (2.1983187 41.4220721)
11218778225,41.3777549,2.1211698,3,,,,,POINT (2.1211698 41.3777549)
11236573946,41.4025885,2.1853701,1,,,,,POINT (2.1853701 41.4025885)
11239790234,41.4134183,2.1447999,4,,,,,POINT (2.1447999 41.4134183)
11242452578,41.3762705,2.1555734,3,,,,,POINT (2.1555734 41.3762705)
11242746353,41.4134005,2.1448537,3,,,,,POINT (2.1448537 41.4134005)
11243529761,41.3757917,2.1773892,3,,,,,POINT (2.1773892 41.3757917)
11246122385,41.4188257,2.1914022,3,,,,,POINT (2.1914022 41.4188257)
11246122387,41.4188237,2.1913254,4,,,,,POINT (2.1913254 41.4188237)
11256490149,41.4089526,2.1639602,3,,,,,POINT (2.1639602 41.4089526)
11256490151,41.4087711,2.1637488,3,,,,,POINT (2.1637488 41.4087711)
11256490152,41.4085564,2.1638609,3,,,,,POINT (2.1638609 41.4085564)
11258759944,41.3974287,2.2061929,3,,,,,POINT (2.2061929 41.3974287)
11258759969,41.3974283,2.2062932,3,,,,,POINT (2.2062932 41.3974283)
11264541277,41.4283545,2.1765155,3,,,,,POINT (2.1765155 41.4283545)
11269496449,41.40185,2.2077977,1,,,,,POINT (2.2077977 41.40185)
11276298354,41.3964671,2.1596201,3,traffic_signals,,,,POINT (2.1596201 41.3964671)
11282472003,41.3963716,2.1594311,4,,,,,POINT (2.1594311 41.3963716)
11282472009,41.3963699,2.1595602,3,,,,,POINT (2.1595602 41.3963699)
11282472012,41.3964351,2.1593701,4,,,,,POINT (2.1593701 41.3964351)
11282472015,41.39644,2.1594305,4,,,,,POINT (2.1594305 41.39644)
11282472027,41.3964345,2.1597219,4,,,,,POINT (2.1597219 41.3964345)
11283057021,41.4069936,2.1257629,3,,,,,POINT (2.1257629 41.4069936)
11283057024,41.4065888,2.1249855,3,,,,,POINT (2.1249855 41.4065888)
11283263092,41.4098261,2.1161529,1,,,,,POINT (2.1161529 41.4098261)
11283414720,41.3570713,2.1451905,1,,,,,POINT (2.1451905 41.3570713)
11289437704,41.3990541,2.1702358,4,,,,,POINT (2.1702358 41.3990541)
11289475293,41.3992915,2.1700595,3,,,,,POINT (2.1700595 41.3992915)
11298541576,41.384266,2.1824027,2,,,,,POINT (2.1824027 41.384266)
11305973948,41.4177433,2.1387222,3,,,,,POINT (2.1387222 41.4177433)
11305973952,41.4174383,2.1389482,4,,,,,POINT (2.1389482 41.4174383)
11305988004,41.3653762,2.1365373,3,,,,,POINT (2.1365373 41.3653762)
11306272016,41.3668776,2.1385059,3,,,,,POINT (2.1385059 41.3668776)
11332260680,41.3444891,2.1352979,3,,,,,POINT (2.1352979 41.3444891)
11332260681,41.3444344,2.1350608,3,,,,,POINT (2.1350608 41.3444344)
11347516182,41.3758933,2.1477678,1,,,,,POINT (2.1477678 41.3758933)
11351487218,41.3775281,2.1646432,3,,,,,POINT (2.1646432 41.3775281)
11363307237,41.3795697,2.1506836,3,,,,,POINT (2.1506836 41.3795697)
11363307239,41.3789206,2.1492598,3,,,,,POINT (2.1492598 41.3789206)
11365497701,41.3891814,2.1185683,3,,,,,POINT (2.1185683 41.3891814)
11367386983,41.3761708,2.1506496,3,,,,,POINT (2.1506496 41.3761708)
11367657971,41.4011974,2.1876243,1,,,,,POINT (2.1876243 41.4011974)
11369675074,41.3761595,2.1778175,3,,,,,POINT (2.1778175 41.3761595)
11369675076,41.3770681,2.1763154,1,,,,,POINT (2.1763154 41.3770681)
11369675082,41.3758103,2.1773936,3,,,,,POINT (2.1773936 41.3758103)
11370726443,41.3894384,2.1612632,4,,,,,POINT (2.1612632 41.3894384)
11391883977,41.3759434,2.1774754,2,crossing,,,,POINT (2.1774754 41.3759434)
11459494277,41.4312382,2.1462147,1,,,,,POINT (2.1462147 41.4312382)
11466476297,41.3882767,2.1672895,3,,,,,POINT (2.1672895 41.3882767)
11466476299,41.3883004,2.1671508,3,,,,,POINT (2.1671508 41.3883004)
11505425269,41.4000607,2.1870226,1,,,,,POINT (2.1870226 41.4000607)
11513563617,41.4012552,2.1489695,4,,,,,POINT (2.1489695 41.4012552)
11516978569,41.3779268,2.1394113,3,,,,,POINT (2.1394113 41.3779268)
11516978571,41.37781,2.1396473,3,,,,,POINT (2.1396473 41.37781)
11535341853,41.3930145,2.1030774,1,,,,,POINT (2.1030774 41.3930145)
11541136046,41.4130252,2.1810565,3,,,,,POINT (2.1810565 41.4130252)
11556041911,41.3950952,2.1865777,3,,,,,POINT (2.1865777 41.3950952)
11556041912,41.3949503,2.186755,3,,,,,POINT (2.186755 41.3949503)
11559713266,41.3973012,2.1836374,3,,,,,POINT (2.1836374 41.3973012)
11669431345,41.4340762,2.1339113,3,,,,,POINT (2.1339113 41.4340762)
11725085705,41.4191887,2.186827,3,,,,,POINT (2.186827 41.4191887)
11725085710,41.4191907,2.187024,3,,,,,POINT (2.187024 41.4191907)
11725123337,41.4172228,2.1865607,1,,,,,POINT (2.1865607 41.4172228)
11732405741,41.3488184,2.1374713,3,,,,,POINT (2.1374713 41.3488184)
11750142227,41.3307541,2.1290541,3,,,,,POINT (2.1290541 41.3307541)
11750142228,41.3306336,2.1294214,3,,,,,POINT (2.1294214 41.3306336)
11843560339,41.4463485,2.1980369,3,traffic_signals,,,,POINT (2.1980369 41.4463485)
11843575691,41.4477867,2.2008136,3,,,,,POINT (2.2008136 41.4477867)
11843575697,41.4475311,2.2000673,3,,,,,POINT (2.2000673 41.4475311)
11843575698,41.4471642,2.1990725,3,,,,,POINT (2.1990725 41.4471642)
11868644129,41.4147895,2.1876529,1,crossing,,,,POINT (2.1876529 41.4147895)
11877585718,41.3925002,2.1305254,3,,,,,POINT (2.1305254 41.3925002)
11881496140,41.4285978,2.2024233,3,,,,,POINT (2.2024233 41.4285978)
11881540551,41.4304626,2.204523,3,,,,,POINT (2.204523 41.4304626)
11883324576,41.4115997,2.15319,1,,,,,POINT (2.15319 41.4115997)
11927931591,41.4207162,2.1808214,3,,,,,POINT (2.1808214 41.4207162)
11949794106,41.4024747,2.1826548,2,,,,,POINT (2.1826548 41.4024747)
11970158816,41.4008266,2.114345,3,,,,,POINT (2.114345 41.4008266)
11992098841,41.3846786,2.1708834,3,,,,,POINT (2.1708834 41.3846786)
11992098842,41.3847024,2.1708723,3,,,,,POINT (2.1708723 41.3847024)
11992146961,41.3802558,2.174057,1,crossing,,,,POINT (2.174057 41.3802558)
12099453252,41.3778771,2.1394654,3,,,,,POINT (2.1394654 41.3778771)
12194900303,41.4353309,2.1946663,3,crossing,,,,POINT (2.1946663 41.4353309)
12205400940,41.3936898,2.181454,1,crossing,,,,POINT (2.181454 41.3936898)
12208571890,41.414195,2.211017,3,,,,,POINT (2.211017 41.414195)
12228118299,41.4240893,2.1447894,1,,,,,POINT (2.1447894 41.4240893)
12238344499,41.3969669,2.14059,3,,,,,POINT (2.14059 41.3969669)
12238344500,41.3970651,2.1407711,3,,,,,POINT (2.1407711 41.3970651)
12256248810,41.4114394,2.1860185,3,,,,,POINT (2.1860185 41.4114394)
12256308653,41.4096746,2.1792018,3,,,,,POINT (2.1792018 41.4096746)
12278745938,41.4104016,2.2054284,1,,,,,POINT (2.2054284 41.4104016)
12309556901,41.3895849,2.1710212,2,,,,,POINT (2.1710212 41.3895849)
12323136802,41.4250378,2.1898576,1,,,,,POINT (2.1898576 41.4250378)
12339367395,41.4070748,2.1141979,3,,,,,POINT (2.1141979 41.4070748)
12351352583,41.378782,2.1630162,3,,,,,POINT (2.1630162 41.378782)
12351352586,41.3803505,2.163259,3,crossing,,,,POINT (2.163259 41.3803505)
12405205104,41.4161604,2.1314035,3,,,,,POINT (2.1314035 41.4161604)
12405205112,41.41613,2.1312509,3,,,,,POINT (2.1312509 41.41613)
12445455705,41.423303,2.1673434,1,,,,,POINT (2.1673434 41.423303)
12485289356,41.4585766,2.1864584,1,crossing,,,,POINT (2.1864584 41.4585766)
12516839218,41.3872461,2.1492796,3,,,,,POINT (2.1492796 41.3872461)
12561010930,41.4013912,2.185016,3,,,,,POINT (2.185016 41.4013912)
12643194193,41.4240754,2.1773797,3,,,,,POINT (2.1773797 41.4240754)
12643326925,41.441455,2.1860574,3,,,,,POINT (2.1860574 41.441455)
12643382282,41.4485413,2.1874631,3,,,,,POINT (2.1874631 41.4485413)
12643382289,41.4484653,2.1873893,3,,,,,POINT (2.1873893 41.4484653)
12643382751,41.4393577,2.1817504,3,,,,,POINT (2.1817504 41.4393577)
12643425260,41.4285097,2.1843677,3,,,,,POINT (2.1843677 41.4285097)
12643425280,41.43013,2.1846155,4,,,,,POINT (2.1846155 41.43013)
12643425281,41.4302136,2.1843644,3,,,,,POINT (2.1843644 41.4302136)
12643465396,41.4393138,2.1817176,4,,,,,POINT (2.1817176 41.4393138)
12643851486,41.4059142,2.1477659,4,,,,,POINT (2.1477659 41.4059142)
12644016427,41.4394871,2.1571966,3,,,,,POINT (2.1571966 41.4394871)
12644016474,41.4262989,2.1574963,3,,,,,POINT (2.1574963 41.4262989)
12644016479,41.4251199,2.1584311,3,,,,,POINT (2.1584311 41.4251199)
12644016500,41.4121315,2.1669513,3,,,,,POINT (2.1669513 41.4121315)
12645457284,41.4277752,2.1915793,3,,,,,POINT (2.1915793 41.4277752)
12645522467,41.4377861,2.1512734,3,,,,,POINT (2.1512734 41.4377861)
12645522470,41.438182,2.1524513,3,,,,,POINT (2.1524513 41.438182)
12696223063,41.4069251,2.1498743,3,,,,,POINT (2.1498743 41.4069251)
12703479479,41.4150468,2.2121217,3,,,,,POINT (2.2121217 41.4150468)
12812351860,41.4246415,2.185972,1,,,,,POINT (2.185972 41.4246415)
12856608727,41.4137374,2.1404582,3,,,,,POINT (2.1404582 41.4137374)
12880645535,41.3822129,2.1634576,3,,,,,POINT (2.1634576 41.3822129)
12884134295,41.3929451,2.1453337,3,,,,,POINT (2.1453337 41.3929451)
12884439770,41.3965329,2.1592616,4,,,,,POINT (2.1592616 41.3965329)
12884439772,41.3964934,2.1593267,3,,,,,POINT (2.1593267 41.3964934)
12896018417,41.3651073,2.1355365,4,,,,,POINT (2.1355365 41.3651073)
12914037675,41.3980935,2.1261595,3,,,,,POINT (2.1261595 41.3980935)
12914037676,41.3981849,2.1261626,4,,,,,POINT (2.1261626 41.3981849)
12919195202,41.3854581,2.1270288,3,,,,,POINT (2.1270288 41.3854581)
12919353924,41.428319,2.1746436,2,,,,,POINT (2.1746436 41.428319)
12919487149,41.3890577,2.1330643,3,,,,,POINT (2.1330643 41.3890577)
12919487176,41.3781076,2.1458693,4,,,,,POINT (2.1458693 41.3781076)
12920888195,41.3984765,2.2044705,1,,,,,POINT (2.2044705 41.3984765)
12920935176,41.414128,2.2109271,1,,,,,POINT (2.2109271 41.414128)
12923224011,41.4177637,2.1386449,4,,,,,POINT (2.1386449 41.4177637)
12923224032,41.4176043,2.1385552,4,,,,,POINT (2.1385552 41.4176043)
12926491138,41.4153708,2.2145543,1,,,,,POINT (2.2145543 41.4153708)
12944711157,41.3802195,2.1306667,3,,,,,POINT (2.1306667 41.3802195)
12945165121,41.3750647,2.1565281,3,,,,,POINT (2.1565281 41.3750647)
12945165124,41.3750685,2.1559172,3,,,,,POINT (2.1559172 41.3750685)
12945292491,41.3914531,2.1373707,2,,,,,POINT (2.1373707 41.3914531)
12945292492,41.3920574,2.1334666,2,,,,,POINT (2.1334666 41.3920574)
12945382588,41.3931861,2.1868067,4,,,,,POINT (2.1868067 41.3931861)
12945382589,41.3931518,2.1868512,4,,,,,POINT (2.1868512 41.3931518)
12945539301,41.4096223,2.1369849,3,,,,,POINT (2.1369849 41.4096223)
12945625939,41.4368643,2.153325,4,,,,,POINT (2.153325 41.4368643)
12947788312,41.4212424,2.1407904,4,,,,,POINT (2.1407904 41.4212424)
12950167734,41.4016148,2.1660673,3,,,,,POINT (2.1660673 41.4016148)
12950167740,41.4019929,2.1664775,4,,,,,POINT (2.1664775 41.4019929)
12952468147,41.4255991,2.2003498,3,,,,,POINT (2.2003498 41.4255991)
12952468148,41.4254655,2.2002803,4,,,,,POINT (2.2002803 41.4254655)
12952468149,41.4257222,2.1998879,4,,,,,POINT (2.1998879 41.4257222)
12953261545,41.4389923,2.179044,3,,,,,POINT (2.179044 41.4389923)
12953470706,41.4302297,2.1849917,3,,,,,POINT (2.1849917 41.4302297)
12953490449,41.4352722,2.1944657,3,,,,,POINT (2.1944657 41.4352722)
12955884764,41.3356537,2.1120958,3,crossing,,,,POINT (2.1120958 41.3356537)
12955884765,41.3353812,2.1119575,3,,,,,POINT (2.1119575 41.3353812)
12955993786,41.3372902,2.1264764,3,,,,,POINT (2.1264764 41.3372902)
12961323920,41.4448833,2.1992957,3,,,,,POINT (2.1992957 41.4448833)
12961323926,41.4476956,2.1975091,3,,,,,POINT (2.1975091 41.4476956)
12961323927,41.4477601,2.1976908,3,,,,,POINT (2.1976908 41.4477601)
12974273846,41.3765882,2.1558753,2,,,,,POINT (2.1558753 41.3765882)
13005233334,41.401495,2.1168164,1,turning_circle,,,,POINT (2.1168164 41.401495)
13019001674,41.4631549,2.1846676,1,,,,,POINT (2.1846676 41.4631549)
13036417964,41.3281297,2.1134593,1,,,,,POINT (2.1134593 41.3281297)
13085109594,41.4116243,2.184335,3,,,,,POINT (2.184335 41.4116243)
13109559626,41.4617593,2.1838653,3,,,,,POINT (2.1838653 41.4617593)
13109559644,41.4618458,2.1838532,3,,,,,POINT (2.1838532 41.4618458)
13114926538,41.4346813,2.208054,3,,,,,POINT (2.208054 41.4346813)
13114926544,41.4339627,2.2074396,3,,,,,POINT (2.2074396 41.4339627)
13114926555,41.4332691,2.2068595,3,,,,,POINT (2.2068595 41.4332691)
13114944429,41.4344859,2.2078791,3,,,,,POINT (2.2078791 41.4344859)
13117171034,41.4255612,2.119539,2,,,,,POINT (2.119539 41.4255612)
13117171043,41.4256515,2.1195843,2,,,,,POINT (2.1195843 41.4256515)
13117186604,41.4201689,2.1439165,3,,,,,POINT (2.1439165 41.4201689)
13117186608,41.4201369,2.1439089,3,,,,,POINT (2.1439089 41.4201369)
13117186621,41.4201414,2.143793,3,,,,,POINT (2.143793 41.4201414)
13117186629,41.4202005,2.1438142,3,,,,,POINT (2.1438142 41.4202005)
13119458932,41.4288171,2.156458,3,,,,,POINT (2.156458 41.4288171)
13134439124,41.3795409,2.1748261,3,,,,,POINT (2.1748261 41.3795409)
13134439125,41.3802462,2.1742206,3,,,,,POINT (2.1742206 41.3802462)
13134439132,41.3837688,2.171365,3,,,,,POINT (2.171365 41.3837688)
13145072126,41.4232674,2.1672158,1,,,,,POINT (2.1672158 41.4232674)
13171840206,41.3764802,2.1513948,1,,,,,POINT (2.1513948 41.3764802)
13172257782,41.3828122,2.1642811,3,,,,,POINT (2.1642811 41.3828122)
13175411896,41.3754801,2.1889299,4,,,,,POINT (2.1889299 41.3754801)
13179936502,41.40184,2.1864013,3,,,,,POINT (2.1864013 41.40184)
13182294709,41.3777781,2.1394854,3,,,,,POINT (2.1394854 41.3777781)
13197779092,41.3851011,2.1829643,3,,,,,POINT (2.1829643 41.3851011)
13199461400,41.3865982,2.182074,2,,,,,POINT (2.182074 41.3865982)
13199678806,41.3865022,2.1819518,2,,,,,POINT (2.1819518 41.3865022)
13203520600,41.3903115,2.1336676,3,,,,,POINT (2.1336676 41.3903115)
13203541702,41.3911941,2.1329125,3,,,,,POINT (2.1329125 41.3911941)
13228605046,41.3863753,2.159748,3,,,,,POINT (2.159748 41.3863753)
13228605049,41.386608,2.1594381,3,,,,,POINT (2.1594381 41.386608)
13254400116,41.3843802,2.1223061,2,,,,,POINT (2.1223061 41.3843802)
13272142076,41.3815857,2.1803954,1,,,,,POINT (2.1803954 41.3815857)
13307330505,41.4019506,2.1462039,3,,,,,POINT (2.1462039 41.4019506)
13308485110,41.4352755,2.1945224,4,,,,,POINT (2.1945224 41.4352755)
13324489812,41.3943876,2.2050714,3,,,,,POINT (2.2050714 41.3943876)
13324489818,41.3937629,2.2042327,3,,,,,POINT (2.2042327 41.3937629)
13361204252,41.3257865,2.1262149,3,,,,,POINT (2.1262149 41.3257865)
13361204253,41.3256281,2.1266476,3,,,,,POINT (2.1266476 41.3256281)
13361204257,41.3261085,2.1264309,3,,,,,POINT (2.1264309 41.3261085)
13391145408,41.3810745,2.1839976,3,,,,,POINT (2.1839976 41.3810745)
13406594113,41.3990687,2.1248122,3,,,,,POINT (2.1248122 41.3990687)
13453304519,41.4113098,2.1383632,3,,,,,POINT (2.1383632 41.4113098)
13456238293,41.3846718,2.1708416,3,,,,,POINT (2.1708416 41.3846718)
13479783098,41.3923097,2.1439187,3,,,,,POINT (2.1439187 41.3923097)
13479788908,41.392236,2.1440877,3,,,,,POINT (2.1440877 41.392236)
13607758976,41.4243088,2.1993464,3,,,,,POINT (2.1993464 41.4243088)
13677538915,41.4052507,2.1896924,1,,,,,POINT (2.1896924 41.4052507)
13701003956,41.3925175,2.1158726,3,,,,,POINT (2.1158726 41.3925175)
13724930219,41.4078066,2.174314,3,,,,,POINT (2.174314 41.4078066)
13728475403,41.3997842,2.1234248,2,,,,,POINT (2.1234248 41.3997842)
13734642240,41.3750385,2.1651926,3,,,,,POINT (2.1651926 41.3750385)
13737340254,41.4235963,2.1458402,3,,,,,POINT (2.1458402 41.4235963)
13737340255,41.4234689,2.1459209,3,,,,,POINT (2.1459209 41.4234689)
13750214001,41.3934889,2.1402994,3,,,,,POINT (2.1402994 41.3934889)
13752754617,41.3896048,2.1195204,3,,,,,POINT (2.1195204 41.3896048)
13781851607,41.3982697,2.1939612,3,,,,,POINT (2.1939612 41.3982697)
13781851608,41.3982544,2.1939971,4,,,,,POINT (2.1939971 41.3982544)
13798851565,41.4614812,2.176436,1,,,,,POINT (2.176436 41.4614812)
13811285390,41.3996579,2.1680102,1,,,,,POINT (2.1680102 41.3996579)
13845167536,41.4166804,2.1566466,3,,,,,POINT (2.1566466 41.4166804)
13859746847,41.4302569,2.1478138,3,,,,,POINT (2.1478138 41.4302569)
13859746849,41.4302338,2.1480583,3,,,,,POINT (2.1480583 41.4302338)
13859746854,41.430234,2.1477954,4,,,,,POINT (2.1477954 41.430234)
13859746858,41.4303631,2.1478557,3,,,,,POINT (2.1478557 41.4303631)
13859746860,41.4302457,2.1476699,3,,,,,POINT (2.1476699 41.4302457)
13859746862,41.4302353,2.1477559,3,,,,,POINT (2.1477559 41.4302353)
13859746865,41.4303934,2.1478331,3,,,,,POINT (2.1478331 41.4303934)
13859746868,41.4304272,2.1477081,3,,,,,POINT (2.1477081 41.4304272)
13859746870,41.4303918,2.1476303,3,,,,,POINT (2.1476303 41.4303918)
13895479760,41.4178391,2.1758893,3,,,,,POINT (2.1758893 41.4178391)
13911729250,41.3936592,2.1321272,3,,,,,POINT (2.1321272 41.3936592)
13915465010,41.4113588,2.1815959,1,,,,,POINT (2.1815959 41.4113588)
13939163311,41.3785159,2.1678395,4,,,,,POINT (2.1678395 41.3785159)
13947866812,41.3980483,2.1159653,1,,,,,POINT (2.1159653 41.3980483)
13952115206,41.401114,2.1490822,3,,,,,POINT (2.1490822 41.401114)
13952156445,41.407185,2.16305,1,,,,,POINT (2.16305 41.407185)
13952156447,41.4073597,2.1634834,3,,,,,POINT (2.1634834 41.4073597)
13953683969,41.3939103,2.1120989,3,,,,,POINT (2.1120989 41.3939103)
13953923366,41.3880791,2.1825856,4,,,,,POINT (2.1825856 41.3880791)
13953923381,41.3856317,2.1858858,5,,,,,POINT (2.1858858 41.3856317)
13953923383,41.3856899,2.1857178,3,,,,,POINT (2.1857178 41.3856899)
13954678975,41.3809231,2.1835102,3,,,,,POINT (2.1835102 41.3809231)
13954681456,41.3962549,2.1250078,1,,,,,POINT (2.1250078 41.3962549)
13954681608,41.3960676,2.1251549,3,,,,,POINT (2.1251549 41.3960676)
13954767468,41.3980519,2.1301481,3,,,,,POINT (2.1301481 41.3980519)
13954767477,41.3977644,2.1299439,3,,,,,POINT (2.1299439 41.3977644)
13982899336,41.4092455,2.1181587,1,,,,,POINT (2.1181587 41.4092455)
13987881855,41.3714492,2.1322279,1,,,,,POINT (2.1322279 41.3714492)
13992869614,41.3807709,2.1635738,1,,,,,POINT (2.1635738 41.3807709)
14005013926,41.4077168,2.1408296,1,,,,,POINT (2.1408296 41.4077168)
14008216617,41.3875716,2.1725846,1,,,,,POINT (2.1725846 41.3875716)
14015737746,41.402121,2.1419786,1,,,,,POINT (2.1419786 41.402121)
14018375386,41.38573,2.1180484,3,,,,,POINT (2.1180484 41.38573)
14018375398,41.3812985,2.1200203,3,,,,,POINT (2.1200203 41.3812985)
14018614042,41.428859,2.1554419,1,,,,,POINT (2.1554419 41.428859)
14018614043,41.4278963,2.1544365,3,,,,,POINT (2.1544365 41.4278963)
14018614045,41.4281021,2.1548114,3,,,,,POINT (2.1548114 41.4281021)
14020487324,41.4113404,2.1535215,1,,,,,POINT (2.1535215 41.4113404)
14021862247,41.4200416,2.205523,3,,,,,POINT (2.205523 41.4200416)
14021862248,41.4204557,2.2060859,3,,,,,POINT (2.2060859 41.4204557)
14021862249,41.420513,2.2060113,3,,,,,POINT (2.2060113 41.420513)
14021862250,41.4200907,2.2054573,3,,,,,POINT (2.2054573 41.4200907)
14021953917,41.4299013,2.1954788,4,,,,,POINT (2.1954788 41.4299013)
14028323470,41.3888727,2.1514293,1,,,,,POINT (2.1514293 41.3888727)
14038832072,41.3821113,2.1812827,1,,,,,POINT (2.1812827 41.3821113)
14066361643,41.3977869,2.1082231,1,turning_circle,,,,POINT (2.1082231 41.3977869)
14067105847,41.3940479,2.1075863,1,,,,,POINT (2.1075863 41.3940479)
14072131180,41.4163702,2.1300517,3,,,,,POINT (2.1300517 41.4163702)
14073221915,41.398063,2.1262677,3,,,,,POINT (2.1262677 41.398063)
14075138595,41.4215681,2.119013,2,,,,,POINT (2.119013 41.4215681)
14075138599,41.421484,2.1191313,2,,,,,POINT (2.1191313 41.421484)
14075384377,41.4091986,2.1401795,1,,,,,POINT (2.1401795 41.4091986)
14075466526,41.383085,2.1069084,4,,,,,POINT (2.1069084 41.383085)
14075466531,41.3832169,2.1068487,3,,,,,POINT (2.1068487 41.3832169)
14078697107,41.3712951,2.1578422,1,,,,,POINT (2.1578422 41.3712951)
14080089829,41.4264942,2.1509202,1,,,,,POINT (2.1509202 41.4264942)
14080210523,41.4306653,2.1644261,3,,,,,POINT (2.1644261 41.4306653)
14080266297,41.3963078,2.1553457,3,,,,,POINT (2.1553457 41.3963078)
14080266299,41.3970183,2.1565045,1,,,,,POINT (2.1565045 41.3970183)
14080266300,41.3969657,2.1564211,1,,,,,POINT (2.1564211 41.3969657)
14080330827,41.3984658,2.1552803,1,,,,,POINT (2.1552803 41.3984658)
14080377727,41.4014497,2.1580396,3,,,,,POINT (2.1580396 41.4014497)
14080635580,41.4411958,2.1478559,1,turning_circle,,,,POINT (2.1478559 41.4411958)
14081201940,41.3995328,2.1198659,1,,,,,POINT (2.1198659 41.3995328)
14085817654,41.335989,2.1296779,3,,,,,POINT (2.1296779 41.335989)
14086077405,41.4515679,2.190367,1,,,,,POINT (2.190367 41.4515679)
14087539513,41.4135115,2.1691605,1,,,,,POINT (2.1691605 41.4135115)
14089208866,41.3881341,2.1033027,1,,,,,POINT (2.1033027 41.3881341)
14089222329,41.3895552,2.1041299,1,,,,,POINT (2.1041299 41.3895552)
14090267425,41.3958327,2.1343545,1,,,,,POINT (2.1343545 41.3958327)
14090267452,41.3951479,2.1374317,3,,,,,POINT (2.1374317 41.3951479)
14091463960,41.3741547,2.1588747,1,,,,,POINT (2.1588747 41.3741547)
14091476604,41.4112375,2.1840596,1,,,,,POINT (2.1840596 41.4112375)
14092729747,41.4487465,2.1931952,3,,,,,POINT (2.1931952 41.4487465)
14094619887,41.3653529,2.138784,3,,,,,POINT (2.138784 41.3653529)
14094619889,41.3654046,2.1387645,4,,,,,POINT (2.1387645 41.3654046)
14104271516,41.4191173,2.1652413,2,,,,,POINT (2.1652413 41.4191173)
14104271517,41.4191212,2.1651774,2,,,,,POINT (2.1651774 41.4191212)
14107397051,41.4190696,2.1695058,1,turning_circle,,,,POINT (2.1695058 41.4190696)
14122045944,41.4390562,2.2004733,3,,,,,POINT (2.2004733 41.4390562)
14135185983,41.3844722,2.1661549,3,,,,,POINT (2.1661549 41.3844722)
14135539869,41.4207848,2.1561955,2,,,,,POINT (2.1561955 41.4207848)
14144588292,41.3678112,2.1735764,4,,,,,POINT (2.1735764 41.3678112)
