origen,destino,tipo
0,1,restriccion
0,2,restriccion
0,3,restriccion
0,4,restriccion
0,5,restriccion
0,6,restriccion
0,7,restriccion
0,8,restriccion
0,9,restriccion
0,10,restriccion
0,11,restriccion
0,18,restriccion
0,19,restriccion
0,20,restriccion
0,27,restriccion
0,36,restriccion
0,45,restriccion
0,54,restriccion
0,63,restriccion
0,72,restriccion
1,2,restriccion
1,3,restriccion
1,4,restriccion
1,5,restriccion
1,6,restriccion
1,7,restriccion
1,8,restriccion
1,9,restriccion
1,10,restriccion
1,11,restriccion
1,18,restriccion
1,19,restriccion
1,20,restriccion
1,28,restriccion
1,37,restriccion
1,46,restriccion
1,55,restriccion
1,64,restriccion
1,73,restriccion
2,3,restriccion
2,4,restriccion
2,5,restriccion
2,6,restriccion
2,7,restriccion
2,8,restriccion
2,9,restriccion
2,10,restriccion
2,11,restriccion
2,18,restriccion
2,19,restriccion
2,20,restriccion
2,29,restriccion
2,38,restriccion
2,47,restriccion
2,56,restriccion
2,65,restriccion
2,74,restriccion
3,4,restriccion
3,5,restriccion
3,6,restriccion
3,7,restriccion
3,8,restriccion
3,12,restriccion
3,13,restriccion
3,14,restriccion
3,21,restriccion
3,22,restriccion
3,23,restriccion
3,30,restriccion
3,39,restriccion
3,48,restriccion
3,57,restriccion
3,66,restriccion
3,75,restriccion
4,5,restriccion
4,6,restriccion
4,7,restriccion
4,8,restriccion
4,12,restriccion
4,13,restriccion
4,14,restriccion
4,21,restriccion
4,22,restriccion
4,23,restriccion
4,31,restriccion
4,40,restriccion
4,49,restriccion
4,58,restriccion
4,67,restriccion
4,76,restriccion
5,6,restriccion
5,7,restriccion
5,8,restriccion
5,12,restriccion
5,13,restriccion
5,14,restriccion
5,21,restriccion
5,22,restriccion
5,23,restriccion
5,32,restriccion
5,41,restriccion
5,50,restriccion
5,59,restriccion
5,68,restriccion
5,77,restriccion
6,7,restriccion
6,8,restriccion
6,15,restriccion
6,16,restriccion
6,17,restriccion
6,24,restriccion
6,25,restriccion
6,26,restriccion
6,33,restriccion
6,42,restriccion
6,51,restriccion
6,60,restriccion
6,69,restriccion
6,78,restriccion
7,8,restriccion
7,15,restriccion
7,16,restriccion
7,17,restriccion
7,24,restriccion
7,25,restriccion
7,26,restriccion
7,34,restriccion
7,43,restriccion
7,52,restriccion
7,61,restriccion
7,70,restriccion
7,79,restriccion
8,15,restriccion
8,16,restriccion
8,17,restriccion
8,24,restriccion
8,25,restriccion
8,26,restriccion
8,35,restriccion
8,44,restriccion
8,53,restriccion
8,62,restriccion
8,71,restriccion
8,80,restriccion
9,10,restriccion
9,11,restriccion
9,12,restriccion
9,13,restriccion
9,14,restriccion
9,15,restriccion
9,16,restriccion
9,17,restriccion
9,18,restriccion
9,19,restriccion
9,20,restriccion
9,27,restriccion
9,36,restriccion
9,45,restriccion
9,54,restriccion
9,63,restriccion
9,72,restriccion
10,11,restriccion
10,12,restriccion
10,13,restriccion
10,14,restriccion
10,15,restriccion
10,16,restriccion
10,17,restriccion
10,18,restriccion
10,19,restriccion
10,20,restriccion
10,28,restriccion
10,37,restriccion
10,46,restriccion
10,55,restriccion
10,64,restriccion
10,73,restriccion
11,12,restriccion
11,13,restriccion
11,14,restriccion
11,15,restriccion
11,16,restriccion
11,17,restriccion
11,18,restriccion
11,19,restriccion
11,20,restriccion
11,29,restriccion
11,38,restriccion
11,47,restriccion
11,56,restriccion
11,65,restriccion
11,74,restriccion
12,13,restriccion
12,14,restriccion
12,15,restriccion
12,16,restriccion
12,17,restriccion
12,21,restriccion
12,22,restriccion
12,23,restriccion
12,30,restriccion
12,39,restriccion
12,48,restriccion
12,57,restriccion
12,66,restriccion
12,75,restriccion
13,14,restriccion
13,15,restriccion
13,16,restriccion
13,17,restriccion
13,21,restriccion
13,22,restriccion
13,23,restriccion
13,31,restriccion
13,40,restriccion
13,49,restriccion
13,58,restriccion
13,67,restriccion
13,76,restriccion
14,15,restriccion
14,16,restriccion
14,17,restriccion
14,21,restriccion
14,22,restriccion
14,23,restriccion
14,32,restriccion
14,41,restriccion
14,50,restriccion
14,59,restriccion
14,68,restriccion
14,77,restriccion
15,16,restriccion
15,17,restriccion
15,24,restriccion
15,25,restriccion
15,26,restriccion
15,33,restriccion
15,42,restriccion
15,51,restriccion
15,60,restriccion
15,69,restriccion
15,78,restriccion
16,17,restriccion
16,24,restriccion
16,25,restriccion
16,26,restriccion
16,34,restriccion
16,43,restriccion
16,52,restriccion
16,61,restriccion
16,70,restriccion
16,79,restriccion
17,24,restriccion
17,25,restriccion
17,26,restriccion
17,35,restriccion
17,44,restriccion
17,53,restriccion
17,62,restriccion
17,71,restriccion
17,80,restriccion
18,19,restriccion
18,20,restriccion
18,21,restriccion
18,22,restriccion
18,23,restriccion
18,24,restriccion
18,25,restriccion
18,26,restriccion
18,27,restriccion
18,36,restriccion
18,45,restriccion
18,54,restriccion
18,63,restriccion
18,72,restriccion
19,20,restriccion
19,21,restriccion
19,22,restriccion
19,23,restriccion
19,24,restriccion
19,25,restriccion
19,26,restriccion
19,28,restriccion
19,37,restriccion
19,46,restriccion
19,55,restriccion
19,64,restriccion
19,73,restriccion
20,21,restriccion
20,22,restriccion
20,23,restriccion
20,24,restriccion
20,25,restriccion
20,26,restriccion
20,29,restriccion
20,38,restriccion
20,47,restriccion
20,56,restriccion
20,65,restriccion
20,74,restriccion
21,22,restriccion
21,23,restriccion
21,24,restriccion
21,25,restriccion
21,26,restriccion
21,30,restriccion
21,39,restriccion
21,48,restriccion
21,57,restriccion
21,66,restriccion
21,75,restriccion
22,23,restriccion
22,24,restriccion
22,25,restriccion
22,26,restriccion
22,31,restriccion
22,40,restriccion
22,49,restriccion
22,58,restriccion
22,67,restriccion
22,76,restriccion
23,24,restriccion
23,25,restriccion
23,26,restriccion
23,32,restriccion
23,41,restriccion
23,50,restriccion
23,59,restriccion
23,68,restriccion
23,77,restriccion
24,25,restriccion
24,26,restriccion
24,33,restriccion
24,42,restriccion
24,51,restriccion
24,60,restriccion
24,69,restriccion
24,78,restriccion
25,26,restriccion
25,34,restriccion
25,43,restriccion
25,52,restriccion
25,61,restriccion
25,70,restriccion
25,79,restriccion
26,35,restriccion
26,44,restriccion
26,53,restriccion
26,62,restriccion
26,71,restriccion
26,80,restriccion
27,28,restriccion
27,29,restriccion
27,30,restriccion
27,31,restriccion
27,32,restriccion
27,33,restriccion
27,34,restriccion
27,35,restriccion
27,36,restriccion
27,37,restriccion
27,38,restriccion
27,45,restriccion
27,46,restriccion
27,47,restriccion
27,54,restriccion
27,63,restriccion
27,72,restriccion
28,29,restriccion
28,30,restriccion
28,31,restriccion
28,32,restriccion
28,33,restriccion
28,34,restriccion
28,35,restriccion
28,36,restriccion
28,37,restriccion
28,38,restriccion
28,45,restriccion
28,46,restriccion
28,47,restriccion
28,55,restriccion
28,64,restriccion
28,73,restriccion
29,30,restriccion
29,31,restriccion
29,32,restriccion
29,33,restriccion
29,34,restriccion
29,35,restriccion
29,36,restriccion
29,37,restriccion
29,38,restriccion
29,45,restriccion
29,46,restriccion
29,47,restriccion
29,56,restriccion
29,65,restriccion
29,74,restriccion
30,31,restriccion
30,32,restriccion
30,33,restriccion
30,34,restriccion
30,35,restriccion
30,39,restriccion
30,40,restriccion
30,41,restriccion
30,48,restriccion
30,49,restriccion
30,50,restriccion
30,57,restriccion
30,66,restriccion
30,75,restriccion
31,32,restriccion
31,33,restriccion
31,34,restriccion
31,35,restriccion
31,39,restriccion
31,40,restriccion
31,41,restriccion
31,48,restriccion
31,49,restriccion
31,50,restriccion
31,58,restriccion
31,67,restriccion
31,76,restriccion
32,33,restriccion
32,34,restriccion
32,35,restriccion
32,39,restriccion
32,40,restriccion
32,41,restriccion
32,48,restriccion
32,49,restriccion
32,50,restriccion
32,59,restriccion
32,68,restriccion
32,77,restriccion
33,34,restriccion
33,35,restriccion
33,42,restriccion
33,43,restriccion
33,44,restriccion
33,51,restriccion
33,52,restriccion
33,53,restriccion
33,60,restriccion
33,69,restriccion
33,78,restriccion
34,35,restriccion
34,42,restriccion
34,43,restriccion
34,44,restriccion
34,51,restriccion
34,52,restriccion
34,53,restriccion
34,61,restriccion
34,70,restriccion
34,79,restriccion
35,42,restriccion
35,43,restriccion
35,44,restriccion
35,51,restriccion
35,52,restriccion
35,53,restriccion
35,62,restriccion
35,71,restriccion
35,80,restriccion
36,37,restriccion
36,38,restriccion
36,39,restriccion
36,40,restriccion
36,41,restriccion
36,42,restriccion
36,43,restriccion
36,44,restriccion
36,45,restriccion
36,46,restriccion
36,47,restriccion
36,54,restriccion
36,63,restriccion
36,72,restriccion
37,38,restriccion
37,39,restriccion
37,40,restriccion
37,41,restriccion
37,42,restriccion
37,43,restriccion
37,44,restriccion
37,45,restriccion
37,46,restriccion
37,47,restriccion
37,55,restriccion
37,64,restriccion
37,73,restriccion
38,39,restriccion
38,40,restriccion
38,41,restriccion
38,42,restriccion
38,43,restriccion
38,44,restriccion
38,45,restriccion
38,46,restriccion
38,47,restriccion
38,56,restriccion
38,65,restriccion
38,74,restriccion
39,40,restriccion
39,41,restriccion
39,42,restriccion
39,43,restriccion
39,44,restriccion
39,48,restriccion
39,49,restriccion
39,50,restriccion
39,57,restriccion
39,66,restriccion
39,75,restriccion
40,41,restriccion
40,42,restriccion
40,43,restriccion
40,44,restriccion
40,48,restriccion
40,49,restriccion
40,50,restriccion
40,58,restriccion
40,67,restriccion
40,76,restriccion
41,42,restriccion
41,43,restriccion
41,44,restriccion
41,48,restriccion
41,49,restriccion
41,50,restriccion
41,59,restriccion
41,68,restriccion
41,77,restriccion
42,43,restriccion
42,44,restriccion
42,51,restriccion
42,52,restriccion
42,53,restriccion
42,60,restriccion
42,69,restriccion
42,78,restriccion
43,44,restriccion
43,51,restriccion
43,52,restriccion
43,53,restriccion
43,61,restriccion
43,70,restriccion
43,79,restriccion
44,51,restriccion
44,52,restriccion
44,53,restriccion
44,62,restriccion
44,71,restriccion
44,80,restriccion
45,46,restriccion
45,47,restriccion
45,48,restriccion
45,49,restriccion
45,50,restriccion
45,51,restriccion
45,52,restriccion
45,53,restriccion
45,54,restriccion
45,63,restriccion
45,72,restriccion
46,47,restriccion
46,48,restriccion
46,49,restriccion
46,50,restriccion
46,51,restriccion
46,52,restriccion
46,53,restriccion
46,55,restriccion
46,64,restriccion
46,73,restriccion
47,48,restriccion
47,49,restriccion
47,50,restriccion
47,51,restriccion
47,52,restriccion
47,53,restriccion
47,56,restriccion
47,65,restriccion
47,74,restriccion
48,49,restriccion
48,50,restriccion
48,51,restriccion
48,52,restriccion
48,53,restriccion
48,57,restriccion
48,66,restriccion
48,75,restriccion
49,50,restriccion
49,51,restriccion
49,52,restriccion
49,53,restriccion
49,58,restriccion
49,67,restriccion
49,76,restriccion
50,51,restriccion
50,52,restriccion
50,53,restriccion
50,59,restriccion
50,68,restriccion
50,77,restriccion
51,52,restriccion
51,53,restriccion
51,60,restriccion
51,69,restriccion
51,78,restriccion
52,53,restriccion
52,61,restriccion
52,70,restriccion
52,79,restriccion
53,62,restriccion
53,71,restriccion
53,80,restriccion
54,55,restriccion
54,56,restriccion
54,57,restriccion
54,58,restriccion
54,59,restriccion
54,60,restriccion
54,61,restriccion
54,62,restriccion
54,63,restriccion
54,64,restriccion
54,65,restriccion
54,72,restriccion
54,73,restriccion
54,74,restriccion
55,56,restriccion
55,57,restriccion
55,58,restriccion
55,59,restriccion
55,60,restriccion
55,61,restriccion
55,62,restriccion
55,63,restriccion
55,64,restriccion
55,65,restriccion
55,72,restriccion
55,73,restriccion
55,74,restriccion
56,57,restriccion
56,58,restriccion
56,59,restriccion
56,60,restriccion
56,61,restriccion
56,62,restriccion
56,63,restriccion
56,64,restriccion
56,65,restriccion
56,72,restriccion
56,73,restriccion
56,74,restriccion
57,58,restriccion
57,59,restriccion
57,60,restriccion
57,61,restriccion
57,62,restriccion
57,66,restriccion
57,67,restriccion
57,68,restriccion
57,75,restriccion
57,76,restriccion
57,77,restriccion
58,59,restriccion
58,60,restriccion
58,61,restriccion
58,62,restriccion
58,66,restriccion
58,67,restriccion
58,68,restriccion
58,75,restriccion
58,76,restriccion
58,77,restriccion
59,60,restriccion
59,61,restriccion
59,62,restriccion
59,66,restriccion
59,67,restriccion
59,68,restriccion
59,75,restriccion
59,76,restriccion
59,77,restriccion
60,61,restriccion
60,62,restriccion
60,69,restriccion
60,70,restriccion
60,71,restriccion
60,78,restriccion
60,79,restriccion
60,80,restriccion
61,62,restriccion
61,69,restriccion
61,70,restriccion
61,71,restriccion
61,78,restriccion
61,79,restriccion
61,80,restriccion
62,69,restriccion
62,70,restriccion
62,71,restriccion
62,78,restriccion
62,79,restriccion
62,80,restriccion
63,64,restriccion
63,65,restriccion
63,66,restriccion
63,67,restriccion
63,68,restriccion
63,69,restriccion
63,70,restriccion
63,71,restriccion
63,72,restriccion
63,73,restriccion
63,74,restriccion
64,65,restriccion
64,66,restriccion
64,67,restriccion
64,68,restriccion
64,69,restriccion
64,70,restriccion
64,71,restriccion
64,72,restriccion
64,73,restriccion
64,74,restriccion
65,66,restriccion
65,67,restriccion
65,68,restriccion
65,69,restriccion
65,70,restriccion
65,71,restriccion
65,72,restriccion
65,73,restriccion
65,74,restriccion
66,67,restriccion
66,68,restriccion
66,69,restriccion
66,70,restriccion
66,71,restriccion
66,75,restriccion
66,76,restriccion
66,77,restriccion
67,68,restriccion
67,69,restriccion
67,70,restriccion
67,71,restriccion
67,75,restriccion
67,76,restriccion
67,77,restriccion
68,69,restriccion
68,70,restriccion
68,71,restriccion
68,75,restriccion
68,76,restriccion
68,77,restriccion
69,70,restriccion
69,71,restriccion
69,78,restriccion
69,79,restriccion
69,80,restriccion
70,71,restriccion
70,78,restriccion
70,79,restriccion
70,80,restriccion
71,78,restriccion
71,79,restriccion
71,80,restriccion
72,73,restriccion
72,74,restriccion
72,75,restriccion
72,76,restriccion
72,77,restriccion
72,78,restriccion
72,79,restriccion
72,80,restriccion
73,74,restriccion
73,75,restriccion
73,76,restriccion
73,77,restriccion
73,78,restriccion
73,79,restriccion
73,80,restriccion
74,75,restriccion
74,76,restriccion
74,77,restriccion
74,78,restriccion
74,79,restriccion
74,80,restriccion
75,76,restriccion
75,77,restriccion
75,78,restriccion
75,79,restriccion
75,80,restriccion
76,77,restriccion
76,78,restriccion
76,79,restriccion
76,80,restriccion
77,78,restriccion
77,79,restriccion
77,80,restriccion
78,79,restriccion
78,80,restriccion
79,80,restriccion
81,82,restriccion
81,83,restriccion
81,84,restriccion
81,85,restriccion
81,86,restriccion
81,87,restriccion
81,88,restriccion
81,89,restriccion
81,90,restriccion
81,91,restriccion
81,92,restriccion
81,99,restriccion
81,100,restriccion
81,101,restriccion
81,108,restriccion
81,117,restriccion
81,126,restriccion
81,135,restriccion
81,144,restriccion
81,153,restriccion
82,83,restriccion
82,84,restriccion
82,85,restriccion
82,86,restriccion
82,87,restriccion
82,88,restriccion
82,89,restriccion
82,90,restriccion
82,91,restriccion
82,92,restriccion
82,99,restriccion
82,100,restriccion
82,101,restriccion
82,109,restriccion
82,118,restriccion
82,127,restriccion
82,136,restriccion
82,145,restriccion
82,154,restriccion
83,84,restriccion
83,85,restriccion
83,86,restriccion
83,87,restriccion
83,88,restriccion
83,89,restriccion
83,90,restriccion
83,91,restriccion
83,92,restriccion
83,99,restriccion
83,100,restriccion
83,101,restriccion
83,110,restriccion
83,119,restriccion
83,128,restriccion
83,137,restriccion
83,146,restriccion
83,155,restriccion
84,85,restriccion
84,86,restriccion
84,87,restriccion
84,88,restriccion
84,89,restriccion
84,93,restriccion
84,94,restriccion
84,95,restriccion
84,102,restriccion
84,103,restriccion
84,104,restriccion
84,111,restriccion
84,120,restriccion
84,129,restriccion
84,138,restriccion
84,147,restriccion
84,156,restriccion
85,86,restriccion
85,87,restriccion
85,88,restriccion
85,89,restriccion
85,93,restriccion
85,94,restriccion
85,95,restriccion
85,102,restriccion
85,103,restriccion
85,104,restriccion
85,112,restriccion
85,121,restriccion
85,130,restriccion
85,139,restriccion
85,148,restriccion
85,157,restriccion
86,87,restriccion
86,88,restriccion
86,89,restriccion
86,93,restriccion
86,94,restriccion
86,95,restriccion
86,102,restriccion
86,103,restriccion
86,104,restriccion
86,113,restriccion
86,122,restriccion
86,131,restriccion
86,140,restriccion
86,149,restriccion
86,158,restriccion
87,88,restriccion
87,89,restriccion
87,96,restriccion
87,97,restriccion
87,98,restriccion
87,105,restriccion
87,106,restriccion
87,107,restriccion
87,114,restriccion
87,123,restriccion
87,132,restriccion
87,141,restriccion
87,150,restriccion
87,159,restriccion
88,89,restriccion
88,96,restriccion
88,97,restriccion
88,98,restriccion
88,105,restriccion
88,106,restriccion
88,107,restriccion
88,115,restriccion
88,124,restriccion
88,133,restriccion
88,142,restriccion
88,151,restriccion
88,160,restriccion
89,96,restriccion
89,97,restriccion
89,98,restriccion
89,105,restriccion
89,106,restriccion
89,107,restriccion
89,116,restriccion
89,125,restriccion
89,134,restriccion
89,143,restriccion
89,152,restriccion
89,161,restriccion
90,91,restriccion
90,92,restriccion
90,93,restriccion
90,94,restriccion
90,95,restriccion
90,96,restriccion
90,97,restriccion
90,98,restriccion
90,99,restriccion
90,100,restriccion
90,101,restriccion
90,108,restriccion
90,117,restriccion
90,126,restriccion
90,135,restriccion
90,144,restriccion
90,153,restriccion
91,92,restriccion
91,93,restriccion
91,94,restriccion
91,95,restriccion
91,96,restriccion
91,97,restriccion
91,98,restriccion
91,99,restriccion
91,100,restriccion
91,101,restriccion
91,109,restriccion
91,118,restriccion
91,127,restriccion
91,136,restriccion
91,145,restriccion
91,154,restriccion
92,93,restriccion
92,94,restriccion
92,95,restriccion
92,96,restriccion
92,97,restriccion
92,98,restriccion
92,99,restriccion
92,100,restriccion
92,101,restriccion
92,110,restriccion
92,119,restriccion
92,128,restriccion
92,137,restriccion
92,146,restriccion
92,155,restriccion
93,94,restriccion
93,95,restriccion
93,96,restriccion
93,97,restriccion
93,98,restriccion
93,102,restriccion
93,103,restriccion
93,104,restriccion
93,111,restriccion
93,120,restriccion
93,129,restriccion
93,138,restriccion
93,147,restriccion
93,156,restriccion
94,95,restriccion
94,96,restriccion
94,97,restriccion
94,98,restriccion
94,102,restriccion
94,103,restriccion
94,104,restriccion
94,112,restriccion
94,121,restriccion
94,130,restriccion
94,139,restriccion
94,148,restriccion
94,157,restriccion
95,96,restriccion
95,97,restriccion
95,98,restriccion
95,102,restriccion
95,103,restriccion
95,104,restriccion
95,113,restriccion
95,122,restriccion
95,131,restriccion
95,140,restriccion
95,149,restriccion
95,158,restriccion
96,97,restriccion
96,98,restriccion
96,105,restriccion
96,106,restriccion
96,107,restriccion
96,114,restriccion
96,123,restriccion
96,132,restriccion
96,141,restriccion
96,150,restriccion
96,159,restriccion
97,98,restriccion
97,105,restriccion
97,106,restriccion
97,107,restriccion
97,115,restriccion
97,124,restriccion
97,133,restriccion
97,142,restriccion
97,151,restriccion
97,160,restriccion
98,105,restriccion
98,106,restriccion
98,107,restriccion
98,116,restriccion
98,125,restriccion
98,134,restriccion
98,143,restriccion
98,152,restriccion
98,161,restriccion
99,100,restriccion
99,101,restriccion
99,102,restriccion
99,103,restriccion
99,104,restriccion
99,105,restriccion
99,106,restriccion
99,107,restriccion
99,108,restriccion
99,117,restriccion
99,126,restriccion
99,135,restriccion
99,144,restriccion
99,153,restriccion
100,101,restriccion
100,102,restriccion
100,103,restriccion
100,104,restriccion
100,105,restriccion
100,106,restriccion
100,107,restriccion
100,109,restriccion
100,118,restriccion
100,127,restriccion
100,136,restriccion
100,145,restriccion
100,154,restriccion
101,102,restriccion
101,103,restriccion
101,104,restriccion
101,105,restriccion
101,106,restriccion
101,107,restriccion
101,110,restriccion
101,119,restriccion
101,128,restriccion
101,137,restriccion
101,146,restriccion
101,155,restriccion
102,103,restriccion
102,104,restriccion
102,105,restriccion
102,106,restriccion
102,107,restriccion
102,111,restriccion
102,120,restriccion
102,129,restriccion
102,138,restriccion
102,147,restriccion
102,156,restriccion
103,104,restriccion
103,105,restriccion
103,106,restriccion
103,107,restriccion
103,112,restriccion
103,121,restriccion
103,130,restriccion
103,139,restriccion
103,148,restriccion
103,157,restriccion
104,105,restriccion
104,106,restriccion
104,107,restriccion
104,113,restriccion
104,122,restriccion
104,131,restriccion
104,140,restriccion
104,149,restriccion
104,158,restriccion
105,106,restriccion
105,107,restriccion
105,114,restriccion
105,123,restriccion
105,132,restriccion
105,141,restriccion
105,150,restriccion
105,159,restriccion
106,107,restriccion
106,115,restriccion
106,124,restriccion
106,133,restriccion
106,142,restriccion
106,151,restriccion
106,160,restriccion
107,116,restriccion
107,125,restriccion
107,134,restriccion
107,143,restriccion
107,152,restriccion
107,161,restriccion
108,109,restriccion
108,110,restriccion
108,111,restriccion
108,112,restriccion
108,113,restriccion
108,114,restriccion
108,115,restriccion
108,116,restriccion
108,117,restriccion
108,118,restriccion
108,119,restriccion
108,126,restriccion
108,127,restriccion
108,128,restriccion
108,135,restriccion
108,144,restriccion
108,153,restriccion
109,110,restriccion
109,111,restriccion
109,112,restriccion
109,113,restriccion
109,114,restriccion
109,115,restriccion
109,116,restriccion
109,117,restriccion
109,118,restriccion
109,119,restriccion
109,126,restriccion
109,127,restriccion
109,128,restriccion
109,136,restriccion
109,145,restriccion
109,154,restriccion
110,111,restriccion
110,112,restriccion
110,113,restriccion
110,114,restriccion
110,115,restriccion
110,116,restriccion
110,117,restriccion
110,118,restriccion
110,119,restriccion
110,126,restriccion
110,127,restriccion
110,128,restriccion
110,137,restriccion
110,146,restriccion
110,155,restriccion
111,112,restriccion
111,113,restriccion
111,114,restriccion
111,115,restriccion
111,116,restriccion
111,120,restriccion
111,121,restriccion
111,122,restriccion
111,129,restriccion
111,130,restriccion
111,131,restriccion
111,138,restriccion
111,147,restriccion
111,156,restriccion
112,113,restriccion
112,114,restriccion
112,115,restriccion
112,116,restriccion
112,120,restriccion
112,121,restriccion
112,122,restriccion
112,129,restriccion
112,130,restriccion
112,131,restriccion
112,139,restriccion
112,148,restriccion
112,157,restriccion
113,114,restriccion
113,115,restriccion
113,116,restriccion
113,120,restriccion
113,121,restriccion
113,122,restriccion
113,129,restriccion
113,130,restriccion
113,131,restriccion
113,140,restriccion
113,149,restriccion
113,158,restriccion
114,115,restriccion
114,116,restriccion
114,123,restriccion
114,124,restriccion
114,125,restriccion
114,132,restriccion
114,133,restriccion
114,134,restriccion
114,141,restriccion
114,150,restriccion
114,159,restriccion
115,116,restriccion
115,123,restriccion
115,124,restriccion
115,125,restriccion
115,132,restriccion
115,133,restriccion
115,134,restriccion
115,142,restriccion
115,151,restriccion
115,160,restriccion
116,123,restriccion
116,124,restriccion
116,125,restriccion
116,132,restriccion
116,133,restriccion
116,134,restriccion
116,143,restriccion
116,152,restriccion
116,161,restriccion
117,118,restriccion
117,119,restriccion
117,120,restriccion
117,121,restriccion
117,122,restriccion
117,123,restriccion
117,124,restriccion
117,125,restriccion
117,126,restriccion
117,127,restriccion
117,128,restriccion
117,135,restriccion
117,144,restriccion
117,153,restriccion
118,119,restriccion
118,120,restriccion
118,121,restriccion
118,122,restriccion
118,123,restriccion
118,124,restriccion
118,125,restriccion
118,126,restriccion
118,127,restriccion
118,128,restriccion
118,136,restriccion
118,145,restriccion
118,154,restriccion
119,120,restriccion
119,121,restriccion
119,122,restriccion
119,123,restriccion
119,124,restriccion
119,125,restriccion
119,126,restriccion
119,127,restriccion
119,128,restriccion
119,137,restriccion
119,146,restriccion
119,155,restriccion
120,121,restriccion
120,122,restriccion
120,123,restriccion
120,124,restriccion
120,125,restriccion
120,129,restriccion
120,130,restriccion
120,131,restriccion
120,138,restriccion
120,147,restriccion
120,156,restriccion
121,122,restriccion
121,123,restriccion
121,124,restriccion
121,125,restriccion
121,129,restriccion
121,130,restriccion
121,131,restriccion
121,139,restriccion
121,148,restriccion
121,157,restriccion
122,123,restriccion
122,124,restriccion
122,125,restriccion
122,129,restriccion
122,130,restriccion
122,131,restriccion
122,140,restriccion
122,149,restriccion
122,158,restriccion
123,124,restriccion
123,125,restriccion
123,132,restriccion
123,133,restriccion
123,134,restriccion
123,141,restriccion
123,150,restriccion
123,159,restriccion
124,125,restriccion
124,132,restriccion
124,133,restriccion
124,134,restriccion
124,142,restriccion
124,151,restriccion
124,160,restriccion
125,132,restriccion
125,133,restriccion
125,134,restriccion
125,143,restriccion
125,152,restriccion
125,161,restriccion
126,127,restriccion
126,128,restriccion
126,129,restriccion
126,130,restriccion
126,131,restriccion
126,132,restriccion
126,133,restriccion
126,134,restriccion
126,135,restriccion
126,144,restriccion
126,153,restriccion
127,128,restriccion
127,129,restriccion
127,130,restriccion
127,131,restriccion
127,132,restriccion
127,133,restriccion
127,134,restriccion
127,136,restriccion
127,145,restriccion
127,154,restriccion
128,129,restriccion
128,130,restriccion
128,131,restriccion
128,132,restriccion
128,133,restriccion
128,134,restriccion
128,137,restriccion
128,146,restriccion
128,155,restriccion
129,130,restriccion
129,131,restriccion
129,132,restriccion
129,133,restriccion
129,134,restriccion
129,138,restriccion
129,147,restriccion
129,156,restriccion
130,131,restriccion
130,132,restriccion
130,133,restriccion
130,134,restriccion
130,139,restriccion
130,148,restriccion
130,157,restriccion
131,132,restriccion
131,133,restriccion
131,134,restriccion
131,140,restriccion
131,149,restriccion
131,158,restriccion
132,133,restriccion
132,134,restriccion
132,141,restriccion
132,150,restriccion
132,159,restriccion
133,134,restriccion
133,142,restriccion
133,151,restriccion
133,160,restriccion
134,143,restriccion
134,152,restriccion
134,161,restriccion
135,136,restriccion
135,137,restriccion
135,138,restriccion
135,139,restriccion
135,140,restriccion
135,141,restriccion
135,142,restriccion
135,143,restriccion
135,144,restriccion
135,145,restriccion
135,146,restriccion
135,153,restriccion
135,154,restriccion
135,155,restriccion
136,137,restriccion
136,138,restriccion
136,139,restriccion
136,140,restriccion
136,141,restriccion
136,142,restriccion
136,143,restriccion
136,144,restriccion
136,145,restriccion
136,146,restriccion
136,153,restriccion
136,154,restriccion
136,155,restriccion
137,138,restriccion
137,139,restriccion
137,140,restriccion
137,141,restriccion
137,142,restriccion
137,143,restriccion
137,144,restriccion
137,145,restriccion
137,146,restriccion
137,153,restriccion
137,154,restriccion
137,155,restriccion
138,139,restriccion
138,140,restriccion
138,141,restriccion
138,142,restriccion
138,143,restriccion
138,147,restriccion
138,148,restriccion
138,149,restriccion
138,156,restriccion
138,157,restriccion
138,158,restriccion
139,140,restriccion
139,141,restriccion
139,142,restriccion
139,143,restriccion
139,147,restriccion
139,148,restriccion
139,149,restriccion
139,156,restriccion
139,157,restriccion
139,158,restriccion
140,141,restriccion
140,142,restriccion
140,143,restriccion
140,147,restriccion
140,148,restriccion
140,149,restriccion
140,156,restriccion
140,157,restriccion
140,158,restriccion
141,142,restriccion
141,143,restriccion
141,150,restriccion
141,151,restriccion
141,152,restriccion
141,159,restriccion
141,160,restriccion
141,161,restriccion
142,143,restriccion
142,150,restriccion
142,151,restriccion
142,152,restriccion
142,159,restriccion
142,160,restriccion
142,161,restriccion
143,150,restriccion
143,151,restriccion
143,152,restriccion
143,159,restriccion
143,160,restriccion
143,161,restriccion
144,145,restriccion
144,146,restriccion
144,147,restriccion
144,148,restriccion
144,149,restriccion
144,150,restriccion
144,151,restriccion
144,152,restriccion
144,153,restriccion
144,154,restriccion
144,155,restriccion
145,146,restriccion
145,147,restriccion
145,148,restriccion
145,149,restriccion
145,150,restriccion
145,151,restriccion
145,152,restriccion
145,153,restriccion
145,154,restriccion
145,155,restriccion
146,147,restriccion
146,148,restriccion
146,149,restriccion
146,150,restriccion
146,151,restriccion
146,152,restriccion
146,153,restriccion
146,154,restriccion
146,155,restriccion
147,148,restriccion
147,149,restriccion
147,150,restriccion
147,151,restriccion
147,152,restriccion
147,156,restriccion
147,157,restriccion
147,158,restriccion
148,149,restriccion
148,150,restriccion
148,151,restriccion
148,152,restriccion
148,156,restriccion
148,157,restriccion
148,158,restriccion
149,150,restriccion
149,151,restriccion
149,152,restriccion
149,156,restriccion
149,157,restriccion
149,158,restriccion
150,151,restriccion
150,152,restriccion
150,159,restriccion
150,160,restriccion
150,161,restriccion
151,152,restriccion
151,159,restriccion
151,160,restriccion
151,161,restriccion
152,159,restriccion
152,160,restriccion
152,161,restriccion
153,154,restriccion
153,155,restriccion
153,156,restriccion
153,157,restriccion
153,158,restriccion
153,159,restriccion
153,160,restriccion
153,161,restriccion
154,155,restriccion
154,156,restriccion
154,157,restriccion
154,158,restriccion
154,159,restriccion
154,160,restriccion
154,161,restriccion
155,156,restriccion
155,157,restriccion
155,158,restriccion
155,159,restriccion
155,160,restriccion
155,161,restriccion
156,157,restriccion
156,158,restriccion
156,159,restriccion
156,160,restriccion
156,161,restriccion
157,158,restriccion
157,159,restriccion
157,160,restriccion
157,161,restriccion
158,159,restriccion
158,160,restriccion
158,161,restriccion
159,160,restriccion
159,161,restriccion
160,161,restriccion
162,163,restriccion
162,164,restriccion
162,165,restriccion
162,166,restriccion
162,167,restriccion
162,168,restriccion
162,169,restriccion
162,170,restriccion
162,171,restriccion
162,172,restriccion
162,173,restriccion
162,180,restriccion
162,181,restriccion
162,182,restriccion
162,189,restriccion
162,198,restriccion
162,207,restriccion
162,216,restriccion
162,225,restriccion
162,234,restriccion
163,164,restriccion
163,165,restriccion
163,166,restriccion
163,167,restriccion
163,168,restriccion
163,169,restriccion
163,170,restriccion
163,171,restriccion
163,172,restriccion
163,173,restriccion
163,180,restriccion
163,181,restriccion
163,182,restriccion
163,190,restriccion
163,199,restriccion
163,208,restriccion
163,217,restriccion
163,226,restriccion
163,235,restriccion
164,165,restriccion
164,166,restriccion
164,167,restriccion
164,168,restriccion
164,169,restriccion
164,170,restriccion
164,171,restriccion
164,172,restriccion
164,173,restriccion
164,180,restriccion
164,181,restriccion
164,182,restriccion
164,191,restriccion
164,200,restriccion
164,209,restriccion
164,218,restriccion
164,227,restriccion
164,236,restriccion
165,166,restriccion
165,167,restriccion
165,168,restriccion
165,169,restriccion
165,170,restriccion
165,174,restriccion
165,175,restriccion
165,176,restriccion
165,183,restriccion
165,184,restriccion
165,185,restriccion
165,192,restriccion
165,201,restriccion
165,210,restriccion
165,219,restriccion
165,228,restriccion
165,237,restriccion
166,167,restriccion
166,168,restriccion
166,169,restriccion
166,170,restriccion
166,174,restriccion
166,175,restriccion
166,176,restriccion
166,183,restriccion
166,184,restriccion
166,185,restriccion
166,193,restriccion
166,202,restriccion
166,211,restriccion
166,220,restriccion
166,229,restriccion
166,238,restriccion
167,168,restriccion
167,169,restriccion
167,170,restriccion
167,174,restriccion
167,175,restriccion
167,176,restriccion
167,183,restriccion
167,184,restriccion
167,185,restriccion
167,194,restriccion
167,203,restriccion
167,212,restriccion
167,221,restriccion
167,230,restriccion
167,239,restriccion
168,169,restriccion
168,170,restriccion
168,177,restriccion
168,178,restriccion
168,179,restriccion
168,186,restriccion
168,187,restriccion
168,188,restriccion
168,195,restriccion
168,204,restriccion
168,213,restriccion
168,222,restriccion
168,231,restriccion
168,240,restriccion
169,170,restriccion
169,177,restriccion
169,178,restriccion
169,179,restriccion
169,186,restriccion
169,187,restriccion
169,188,restriccion
169,196,restriccion
169,205,restriccion
169,214,restriccion
169,223,restriccion
169,232,restriccion
169,241,restriccion
170,177,restriccion
170,178,restriccion
170,179,restriccion
170,186,restriccion
170,187,restriccion
170,188,restriccion
170,197,restriccion
170,206,restriccion
170,215,restriccion
170,224,restriccion
170,233,restriccion
170,242,restriccion
171,172,restriccion
171,173,restriccion
171,174,restriccion
171,175,restriccion
171,176,restriccion
171,177,restriccion
171,178,restriccion
171,179,restriccion
171,180,restriccion
171,181,restriccion
171,182,restriccion
171,189,restriccion
171,198,restriccion
171,207,restriccion
171,216,restriccion
171,225,restriccion
171,234,restriccion
172,173,restriccion
172,174,restriccion
172,175,restriccion
172,176,restriccion
172,177,restriccion
172,178,restriccion
172,179,restriccion
172,180,restriccion
172,181,restriccion
172,182,restriccion
172,190,restriccion
172,199,restriccion
172,208,restriccion
172,217,restriccion
172,226,restriccion
172,235,restriccion
173,174,restriccion
173,175,restriccion
173,176,restriccion
173,177,restriccion
173,178,restriccion
173,179,restriccion
173,180,restriccion
173,181,restriccion
173,182,restriccion
173,191,restriccion
173,200,restriccion
173,209,restriccion
173,218,restriccion
173,227,restriccion
173,236,restriccion
174,175,restriccion
174,176,restriccion
174,177,restriccion
174,178,restriccion
174,179,restriccion
174,183,restriccion
174,184,restriccion
174,185,restriccion
174,192,restriccion
174,201,restriccion
174,210,restriccion
174,219,restriccion
174,228,restriccion
174,237,restriccion
175,176,restriccion
175,177,restriccion
175,178,restriccion
175,179,restriccion
175,183,restriccion
175,184,restriccion
175,185,restriccion
175,193,restriccion
175,202,restriccion
175,211,restriccion
175,220,restriccion
175,229,restriccion
175,238,restriccion
176,177,restriccion
176,178,restriccion
176,179,restriccion
176,183,restriccion
176,184,restriccion
176,185,restriccion
176,194,restriccion
176,203,restriccion
176,212,restriccion
176,221,restriccion
176,230,restriccion
176,239,restriccion
177,178,restriccion
177,179,restriccion
177,186,restriccion
177,187,restriccion
177,188,restriccion
177,195,restriccion
177,204,restriccion
177,213,restriccion
177,222,restriccion
177,231,restriccion
177,240,restriccion
178,179,restriccion
178,186,restriccion
178,187,restriccion
178,188,restriccion
178,196,restriccion
178,205,restriccion
178,214,restriccion
178,223,restriccion
178,232,restriccion
178,241,restriccion
179,186,restriccion
179,187,restriccion
179,188,restriccion
179,197,restriccion
179,206,restriccion
179,215,restriccion
179,224,restriccion
179,233,restriccion
179,242,restriccion
180,181,restriccion
180,182,restriccion
180,183,restriccion
180,184,restriccion
180,185,restriccion
180,186,restriccion
180,187,restriccion
180,188,restriccion
180,189,restriccion
180,198,restriccion
180,207,restriccion
180,216,restriccion
180,225,restriccion
180,234,restriccion
181,182,restriccion
181,183,restriccion
181,184,restriccion
181,185,restriccion
181,186,restriccion
181,187,restriccion
181,188,restriccion
181,190,restriccion
181,199,restriccion
181,208,restriccion
181,217,restriccion
181,226,restriccion
181,235,restriccion
182,183,restriccion
182,184,restriccion
182,185,restriccion
182,186,restriccion
182,187,restriccion
182,188,restriccion
182,191,restriccion
182,200,restriccion
182,209,restriccion
182,218,restriccion
182,227,restriccion
182,236,restriccion
183,184,restriccion
183,185,restriccion
183,186,restriccion
183,187,restriccion
183,188,restriccion
183,192,restriccion
183,201,restriccion
183,210,restriccion
183,219,restriccion
183,228,restriccion
183,237,restriccion
184,185,restriccion
184,186,restriccion
184,187,restriccion
184,188,restriccion
184,193,restriccion
184,202,restriccion
184,211,restriccion
184,220,restriccion
184,229,restriccion
184,238,restriccion
185,186,restriccion
185,187,restriccion
185,188,restriccion
185,194,restriccion
185,203,restriccion
185,212,restriccion
185,221,restriccion
185,230,restriccion
185,239,restriccion
186,187,restriccion
186,188,restriccion
186,195,restriccion
186,204,restriccion
186,213,restriccion
186,222,restriccion
186,231,restriccion
186,240,restriccion
187,188,restriccion
187,196,restriccion
187,205,restriccion
187,214,restriccion
187,223,restriccion
187,232,restriccion
187,241,restriccion
188,197,restriccion
188,206,restriccion
188,215,restriccion
188,224,restriccion
188,233,restriccion
188,242,restriccion
189,190,restriccion
189,191,restriccion
189,192,restriccion
189,193,restriccion
189,194,restriccion
189,195,restriccion
189,196,restriccion
189,197,restriccion
189,198,restriccion
189,199,restriccion
189,200,restriccion
189,207,restriccion
189,208,restriccion
189,209,restriccion
189,216,restriccion
189,225,restriccion
189,234,restriccion
190,191,restriccion
190,192,restriccion
190,193,restriccion
190,194,restriccion
190,195,restriccion
190,196,restriccion
190,197,restriccion
190,198,restriccion
190,199,restriccion
190,200,restriccion
190,207,restriccion
190,208,restriccion
190,209,restriccion
190,217,restriccion
190,226,restriccion
190,235,restriccion
191,192,restriccion
191,193,restriccion
191,194,restriccion
191,195,restriccion
191,196,restriccion
191,197,restriccion
191,198,restriccion
191,199,restriccion
191,200,restriccion
191,207,restriccion
191,208,restriccion
191,209,restriccion
191,218,restriccion
191,227,restriccion
191,236,restriccion
192,193,restriccion
192,194,restriccion
192,195,restriccion
192,196,restriccion
192,197,restriccion
192,201,restriccion
192,202,restriccion
192,203,restriccion
192,210,restriccion
192,211,restriccion
192,212,restriccion
192,219,restriccion
192,228,restriccion
192,237,restriccion
193,194,restriccion
193,195,restriccion
193,196,restriccion
193,197,restriccion
193,201,restriccion
193,202,restriccion
193,203,restriccion
193,210,restriccion
193,211,restriccion
193,212,restriccion
193,220,restriccion
193,229,restriccion
193,238,restriccion
194,195,restriccion
194,196,restriccion
194,197,restriccion
194,201,restriccion
194,202,restriccion
194,203,restriccion
194,210,restriccion
194,211,restriccion
194,212,restriccion
194,221,restriccion
194,230,restriccion
194,239,restriccion
195,196,restriccion
195,197,restriccion
195,204,restriccion
195,205,restriccion
195,206,restriccion
195,213,restriccion
195,214,restriccion
195,215,restriccion
195,222,restriccion
195,231,restriccion
195,240,restriccion
196,197,restriccion
196,204,restriccion
196,205,restriccion
196,206,restriccion
196,213,restriccion
196,214,restriccion
196,215,restriccion
196,223,restriccion
196,232,restriccion
196,241,restriccion
197,204,restriccion
197,205,restriccion
197,206,restriccion
197,213,restriccion
197,214,restriccion
197,215,restriccion
197,224,restriccion
197,233,restriccion
197,242,restriccion
198,199,restriccion
198,200,restriccion
198,201,restriccion
198,202,restriccion
198,203,restriccion
198,204,restriccion
198,205,restriccion
198,206,restriccion
198,207,restriccion
198,208,restriccion
198,209,restriccion
198,216,restriccion
198,225,restriccion
198,234,restriccion
199,200,restriccion
199,201,restriccion
199,202,restriccion
199,203,restriccion
199,204,restriccion
199,205,restriccion
199,206,restriccion
199,207,restriccion
199,208,restriccion
199,209,restriccion
199,217,restriccion
199,226,restriccion
199,235,restriccion
200,201,restriccion
200,202,restriccion
200,203,restriccion
200,204,restriccion
200,205,restriccion
200,206,restriccion
200,207,restriccion
200,208,restriccion
200,209,restriccion
200,218,restriccion
200,227,restriccion
200,236,restriccion
201,202,restriccion
201,203,restriccion
201,204,restriccion
201,205,restriccion
201,206,restriccion
201,210,restriccion
201,211,restriccion
201,212,restriccion
201,219,restriccion
201,228,restriccion
201,237,restriccion
202,203,restriccion
202,204,restriccion
202,205,restriccion
202,206,restriccion
202,210,restriccion
202,211,restriccion
202,212,restriccion
202,220,restriccion
202,229,restriccion
202,238,restriccion
203,204,restriccion
203,205,restriccion
203,206,restriccion
203,210,restriccion
203,211,restriccion
203,212,restriccion
203,221,restriccion
203,230,restriccion
203,239,restriccion
204,205,restriccion
204,206,restriccion
204,213,restriccion
204,214,restriccion
204,215,restriccion
204,222,restriccion
204,231,restriccion
204,240,restriccion
205,206,restriccion
205,213,restriccion
205,214,restriccion
205,215,restriccion
205,223,restriccion
205,232,restriccion
205,241,restriccion
206,213,restriccion
206,214,restriccion
206,215,restriccion
206,224,restriccion
206,233,restriccion
206,242,restriccion
207,208,restriccion
207,209,restriccion
207,210,restriccion
207,211,restriccion
207,212,restriccion
207,213,restriccion
207,214,restriccion
207,215,restriccion
207,216,restriccion
207,225,restriccion
207,234,restriccion
208,209,restriccion
208,210,restriccion
208,211,restriccion
208,212,restriccion
208,213,restriccion
208,214,restriccion
208,215,restriccion
208,217,restriccion
208,226,restriccion
208,235,restriccion
209,210,restriccion
209,211,restriccion
209,212,restriccion
209,213,restriccion
209,214,restriccion
209,215,restriccion
209,218,restriccion
209,227,restriccion
209,236,restriccion
210,211,restriccion
210,212,restriccion
210,213,restriccion
210,214,restriccion
210,215,restriccion
210,219,restriccion
210,228,restriccion
210,237,restriccion
211,212,restriccion
211,213,restriccion
211,214,restriccion
211,215,restriccion
211,220,restriccion
211,229,restriccion
211,238,restriccion
212,213,restriccion
212,214,restriccion
212,215,restriccion
212,221,restriccion
212,230,restriccion
212,239,restriccion
213,214,restriccion
213,215,restriccion
213,222,restriccion
213,231,restriccion
213,240,restriccion
214,215,restriccion
214,223,restriccion
214,232,restriccion
214,241,restriccion
215,224,restriccion
215,233,restriccion
215,242,restriccion
216,217,restriccion
216,218,restriccion
216,219,restriccion
216,220,restriccion
216,221,restriccion
216,222,restriccion
216,223,restriccion
216,224,restriccion
216,225,restriccion
216,226,restriccion
216,227,restriccion
216,234,restriccion
216,235,restriccion
216,236,restriccion
217,218,restriccion
217,219,restriccion
217,220,restriccion
217,221,restriccion
217,222,restriccion
217,223,restriccion
217,224,restriccion
217,225,restriccion
217,226,restriccion
217,227,restriccion
217,234,restriccion
217,235,restriccion
217,236,restriccion
218,219,restriccion
218,220,restriccion
218,221,restriccion
218,222,restriccion
218,223,restriccion
218,224,restriccion
218,225,restriccion
218,226,restriccion
218,227,restriccion
218,234,restriccion
218,235,restriccion
218,236,restriccion
219,220,restriccion
219,221,restriccion
219,222,restriccion
219,223,restriccion
219,224,restriccion
219,228,restriccion
219,229,restriccion
219,230,restriccion
219,237,restriccion
219,238,restriccion
219,239,restriccion
220,221,restriccion
220,222,restriccion
220,223,restriccion
220,224,restriccion
220,228,restriccion
220,229,restriccion
220,230,restriccion
220,237,restriccion
220,238,restriccion
220,239,restriccion
221,222,restriccion
221,223,restriccion
221,224,restriccion
221,228,restriccion
221,229,restriccion
221,230,restriccion
221,237,restriccion
221,238,restriccion
221,239,restriccion
222,223,restriccion
222,224,restriccion
222,231,restriccion
222,232,restriccion
222,233,restriccion
222,240,restriccion
222,241,restriccion
222,242,restriccion
223,224,restriccion
223,231,restriccion
223,232,restriccion
223,233,restriccion
223,240,restriccion
223,241,restriccion
223,242,restriccion
224,231,restriccion
224,232,restriccion
224,233,restriccion
224,240,restriccion
224,241,restriccion
224,242,restriccion
225,226,restriccion
225,227,restriccion
225,228,restriccion
225,229,restriccion
225,230,restriccion
225,231,restriccion
225,232,restriccion
225,233,restriccion
225,234,restriccion
225,235,restriccion
225,236,restriccion
226,227,restriccion
226,228,restriccion
226,229,restriccion
226,230,restriccion
226,231,restriccion
226,232,restriccion
226,233,restriccion
226,234,restriccion
226,235,restriccion
226,236,restriccion
227,228,restriccion
227,229,restriccion
227,230,restriccion
227,231,restriccion
227,232,restriccion
227,233,restriccion
227,234,restriccion
227,235,restriccion
227,236,restriccion
228,229,restriccion
228,230,restriccion
228,231,restriccion
228,232,restriccion
228,233,restriccion
228,237,restriccion
228,238,restriccion
228,239,restriccion
229,230,restriccion
229,231,restriccion
229,232,restriccion
229,233,restriccion
229,237,restriccion
229,238,restriccion
229,239,restriccion
230,231,restriccion
230,232,restriccion
230,233,restriccion
230,237,restriccion
230,238,restriccion
230,239,restriccion
231,232,restriccion
231,233,restriccion
231,240,restriccion
231,241,restriccion
231,242,restriccion
232,233,restriccion
232,240,restriccion
232,241,restriccion
232,242,restriccion
233,240,restriccion
233,241,restriccion
233,242,restriccion
234,235,restriccion
234,236,restriccion
234,237,restriccion
234,238,restriccion
234,239,restriccion
234,240,restriccion
234,241,restriccion
234,242,restriccion
235,236,restriccion
235,237,restriccion
235,238,restriccion
235,239,restriccion
235,240,restriccion
235,241,restriccion
235,242,restriccion
236,237,restriccion
236,238,restriccion
236,239,restriccion
236,240,restriccion
236,241,restriccion
236,242,restriccion
237,238,restriccion
237,239,restriccion
237,240,restriccion
237,241,restriccion
237,242,restriccion
238,239,restriccion
238,240,restriccion
238,241,restriccion
238,242,restriccion
239,240,restriccion
239,241,restriccion
239,242,restriccion
240,241,restriccion
240,242,restriccion
241,242,restriccion
243,244,restriccion
243,245,restriccion
243,246,restriccion
243,247,restriccion
243,248,restriccion
243,249,restriccion
243,250,restriccion
243,251,restriccion
243,252,restriccion
243,253,restriccion
243,254,restriccion
243,261,restriccion
243,262,restriccion
243,263,restriccion
243,270,restriccion
243,279,restriccion
243,288,restriccion
243,297,restriccion
243,306,restriccion
243,315,restriccion
244,245,restriccion
244,246,restriccion
244,247,restriccion
244,248,restriccion
244,249,restriccion
244,250,restriccion
244,251,restriccion
244,252,restriccion
244,253,restriccion
244,254,restriccion
244,261,restriccion
244,262,restriccion
244,263,restriccion
244,271,restriccion
244,280,restriccion
244,289,restriccion
244,298,restriccion
244,307,restriccion
244,316,restriccion
245,246,restriccion
245,247,restriccion
245,248,restriccion
245,249,restriccion
245,250,restriccion
245,251,restriccion
245,252,restriccion
245,253,restriccion
245,254,restriccion
245,261,restriccion
245,262,restriccion
245,263,restriccion
245,272,restriccion
245,281,restriccion
245,290,restriccion
245,299,restriccion
245,308,restriccion
245,317,restriccion
246,247,restriccion
246,248,restriccion
246,249,restriccion
246,250,restriccion
246,251,restriccion
246,255,restriccion
246,256,restriccion
246,257,restriccion
246,264,restriccion
246,265,restriccion
246,266,restriccion
246,273,restriccion
246,282,restriccion
246,291,restriccion
246,300,restriccion
246,309,restriccion
246,318,restriccion
247,248,restriccion
247,249,restriccion
247,250,restriccion
247,251,restriccion
247,255,restriccion
247,256,restriccion
247,257,restriccion
247,264,restriccion
247,265,restriccion
247,266,restriccion
247,274,restriccion
247,283,restriccion
247,292,restriccion
247,301,restriccion
247,310,restriccion
247,319,restriccion
248,249,restriccion
248,250,restriccion
248,251,restriccion
248,255,restriccion
248,256,restriccion
248,257,restriccion
248,264,restriccion
248,265,restriccion
248,266,restriccion
248,275,restriccion
248,284,restriccion
248,293,restriccion
248,302,restriccion
248,311,restriccion
248,320,restriccion
249,250,restriccion
249,251,restriccion
249,258,restriccion
249,259,restriccion
249,260,restriccion
249,267,restriccion
249,268,restriccion
249,269,restriccion
249,276,restriccion
249,285,restriccion
249,294,restriccion
249,303,restriccion
249,312,restriccion
249,321,restriccion
250,251,restriccion
250,258,restriccion
250,259,restriccion
250,260,restriccion
250,267,restriccion
250,268,restriccion
250,269,restriccion
250,277,restriccion
250,286,restriccion
250,295,restriccion
250,304,restriccion
250,313,restriccion
250,322,restriccion
251,258,restriccion
251,259,restriccion
251,260,restriccion
251,267,restriccion
251,268,restriccion
251,269,restriccion
251,278,restriccion
251,287,restriccion
251,296,restriccion
251,305,restriccion
251,314,restriccion
251,323,restriccion
252,253,restriccion
252,254,restriccion
252,255,restriccion
252,256,restriccion
252,257,restriccion
252,258,restriccion
252,259,restriccion
252,260,restriccion
252,261,restriccion
252,262,restriccion
252,263,restriccion
252,270,restriccion
252,279,restriccion
252,288,restriccion
252,297,restriccion
252,306,restriccion
252,315,restriccion
253,254,restriccion
253,255,restriccion
253,256,restriccion
253,257,restriccion
253,258,restriccion
253,259,restriccion
253,260,restriccion
253,261,restriccion
253,262,restriccion
253,263,restriccion
253,271,restriccion
253,280,restriccion
253,289,restriccion
253,298,restriccion
253,307,restriccion
253,316,restriccion
254,255,restriccion
254,256,restriccion
254,257,restriccion
254,258,restriccion
254,259,restriccion
254,260,restriccion
254,261,restriccion
254,262,restriccion
254,263,restriccion
254,272,restriccion
254,281,restriccion
254,290,restriccion
254,299,restriccion
254,308,restriccion
254,317,restriccion
255,256,restriccion
255,257,restriccion
255,258,restriccion
255,259,restriccion
255,260,restriccion
255,264,restriccion
255,265,restriccion
255,266,restriccion
255,273,restriccion
255,282,restriccion
255,291,restriccion
255,300,restriccion
255,309,restriccion
255,318,restriccion
256,257,restriccion
256,258,restriccion
256,259,restriccion
256,260,restriccion
256,264,restriccion
256,265,restriccion
256,266,restriccion
256,274,restriccion
256,283,restriccion
256,292,restriccion
256,301,restriccion
256,310,restriccion
256,319,restriccion
257,258,restriccion
257,259,restriccion
257,260,restriccion
257,264,restriccion
257,265,restriccion
257,266,restriccion
257,275,restriccion
257,284,restriccion
257,293,restriccion
257,302,restriccion
257,311,restriccion
257,320,restriccion
258,259,restriccion
258,260,restriccion
258,267,restriccion
258,268,restriccion
258,269,restriccion
258,276,restriccion
258,285,restriccion
258,294,restriccion
258,303,restriccion
258,312,restriccion
258,321,restriccion
259,260,restriccion
259,267,restriccion
259,268,restriccion
259,269,restriccion
259,277,restriccion
259,286,restriccion
259,295,restriccion
259,304,restriccion
259,313,restriccion
259,322,restriccion
260,267,restriccion
260,268,restriccion
260,269,restriccion
260,278,restriccion
260,287,restriccion
260,296,restriccion
260,305,restriccion
260,314,restriccion
260,323,restriccion
261,262,restriccion
261,263,restriccion
261,264,restriccion
261,265,restriccion
261,266,restriccion
261,267,restriccion
261,268,restriccion
261,269,restriccion
261,270,restriccion
261,279,restriccion
261,288,restriccion
261,297,restriccion
261,306,restriccion
261,315,restriccion
262,263,restriccion
262,264,restriccion
262,265,restriccion
262,266,restriccion
262,267,restriccion
262,268,restriccion
262,269,restriccion
262,271,restriccion
262,280,restriccion
262,289,restriccion
262,298,restriccion
262,307,restriccion
262,316,restriccion
263,264,restriccion
263,265,restriccion
263,266,restriccion
263,267,restriccion
263,268,restriccion
263,269,restriccion
263,272,restriccion
263,281,restriccion
263,290,restriccion
263,299,restriccion
263,308,restriccion
263,317,restriccion
264,265,restriccion
264,266,restriccion
264,267,restriccion
264,268,restriccion
264,269,restriccion
264,273,restriccion
264,282,restriccion
264,291,restriccion
264,300,restriccion
264,309,restriccion
264,318,restriccion
265,266,restriccion
265,267,restriccion
265,268,restriccion
265,269,restriccion
265,274,restriccion
265,283,restriccion
265,292,restriccion
265,301,restriccion
265,310,restriccion
265,319,restriccion
266,267,restriccion
266,268,restriccion
266,269,restriccion
266,275,restriccion
266,284,restriccion
266,293,restriccion
266,302,restriccion
266,311,restriccion
266,320,restriccion
267,268,restriccion
267,269,restriccion
267,276,restriccion
267,285,restriccion
267,294,restriccion
267,303,restriccion
267,312,restriccion
267,321,restriccion
268,269,restriccion
268,277,restriccion
268,286,restriccion
268,295,restriccion
268,304,restriccion
268,313,restriccion
268,322,restriccion
269,278,restriccion
269,287,restriccion
269,296,restriccion
269,305,restriccion
269,314,restriccion
269,323,restriccion
270,271,restriccion
270,272,restriccion
270,273,restriccion
270,274,restriccion
270,275,restriccion
270,276,restriccion
270,277,restriccion
270,278,restriccion
270,279,restriccion
270,280,restriccion
270,281,restriccion
270,288,restriccion
270,289,restriccion
270,290,restriccion
270,297,restriccion
270,306,restriccion
270,315,restriccion
271,272,restriccion
271,273,restriccion
271,274,restriccion
271,275,restriccion
271,276,restriccion
271,277,restriccion
271,278,restriccion
271,279,restriccion
271,280,restriccion
271,281,restriccion
271,288,restriccion
271,289,restriccion
271,290,restriccion
271,298,restriccion
271,307,restriccion
271,316,restriccion
272,273,restriccion
272,274,restriccion
272,275,restriccion
272,276,restriccion
272,277,restriccion
272,278,restriccion
272,279,restriccion
272,280,restriccion
272,281,restriccion
272,288,restriccion
272,289,restriccion
272,290,restriccion
272,299,restriccion
272,308,restriccion
272,317,restriccion
273,274,restriccion
273,275,restriccion
273,276,restriccion
273,277,restriccion
273,278,restriccion
273,282,restriccion
273,283,restriccion
273,284,restriccion
273,291,restriccion
273,292,restriccion
273,293,restriccion
273,300,restriccion
273,309,restriccion
273,318,restriccion
274,275,restriccion
274,276,restriccion
274,277,restriccion
274,278,restriccion
274,282,restriccion
274,283,restriccion
274,284,restriccion
274,291,restriccion
274,292,restriccion
274,293,restriccion
274,301,restriccion
274,310,restriccion
274,319,restriccion
275,276,restriccion
275,277,restriccion
275,278,restriccion
275,282,restriccion
275,283,restriccion
275,284,restriccion
275,291,restriccion
275,292,restriccion
275,293,restriccion
275,302,restriccion
275,311,restriccion
275,320,restriccion
276,277,restriccion
276,278,restriccion
276,285,restriccion
276,286,restriccion
276,287,restriccion
276,294,restriccion
276,295,restriccion
276,296,restriccion
276,303,restriccion
276,312,restriccion
276,321,restriccion
277,278,restriccion
277,285,restriccion
277,286,restriccion
277,287,restriccion
277,294,restriccion
277,295,restriccion
277,296,restriccion
277,304,restriccion
277,313,restriccion
277,322,restriccion
278,285,restriccion
278,286,restriccion
278,287,restriccion
278,294,restriccion
278,295,restriccion
278,296,restriccion
278,305,restriccion
278,314,restriccion
278,323,restriccion
279,280,restriccion
279,281,restriccion
279,282,restriccion
279,283,restriccion
279,284,restriccion
279,285,restriccion
279,286,restriccion
279,287,restriccion
279,288,restriccion
279,289,restriccion
279,290,restriccion
279,297,restriccion
279,306,restriccion
279,315,restriccion
280,281,restriccion
280,282,restriccion
280,283,restriccion
280,284,restriccion
280,285,restriccion
280,286,restriccion
280,287,restriccion
280,288,restriccion
280,289,restriccion
280,290,restriccion
280,298,restriccion
280,307,restriccion
280,316,restriccion
281,282,restriccion
281,283,restriccion
281,284,restriccion
281,285,restriccion
281,286,restriccion
281,287,restriccion
281,288,restriccion
281,289,restriccion
281,290,restriccion
281,299,restriccion
281,308,restriccion
281,317,restriccion
282,283,restriccion
282,284,restriccion
282,285,restriccion
282,286,restriccion
282,287,restriccion
282,291,restriccion
282,292,restriccion
282,293,restriccion
282,300,restriccion
282,309,restriccion
282,318,restriccion
283,284,restriccion
283,285,restriccion
283,286,restriccion
283,287,restriccion
283,291,restriccion
283,292,restriccion
283,293,restriccion
283,301,restriccion
283,310,restriccion
283,319,restriccion
284,285,restriccion
284,286,restriccion
284,287,restriccion
284,291,restriccion
284,292,restriccion
284,293,restriccion
284,302,restriccion
284,311,restriccion
284,320,restriccion
285,286,restriccion
285,287,restriccion
285,294,restriccion
285,295,restriccion
285,296,restriccion
285,303,restriccion
285,312,restriccion
285,321,restriccion
286,287,restriccion
286,294,restriccion
286,295,restriccion
286,296,restriccion
286,304,restriccion
286,313,restriccion
286,322,restriccion
287,294,restriccion
287,295,restriccion
287,296,restriccion
287,305,restriccion
287,314,restriccion
287,323,restriccion
288,289,restriccion
288,290,restriccion
288,291,restriccion
288,292,restriccion
288,293,restriccion
288,294,restriccion
288,295,restriccion
288,296,restriccion
288,297,restriccion
288,306,restriccion
288,315,restriccion
289,290,restriccion
289,291,restriccion
289,292,restriccion
289,293,restriccion
289,294,restriccion
289,295,restriccion
289,296,restriccion
289,298,restriccion
289,307,restriccion
289,316,restriccion
290,291,restriccion
290,292,restriccion
290,293,restriccion
290,294,restriccion
290,295,restriccion
290,296,restriccion
290,299,restriccion
290,308,restriccion
290,317,restriccion
291,292,restriccion
291,293,restriccion
291,294,restriccion
291,295,restriccion
291,296,restriccion
291,300,restriccion
291,309,restriccion
291,318,restriccion
292,293,restriccion
292,294,restriccion
292,295,restriccion
292,296,restriccion
292,301,restriccion
292,310,restriccion
292,319,restriccion
293,294,restriccion
293,295,restriccion
293,296,restriccion
293,302,restriccion
293,311,restriccion
293,320,restriccion
294,295,restriccion
294,296,restriccion
294,303,restriccion
294,312,restriccion
294,321,restriccion
295,296,restriccion
295,304,restriccion
295,313,restriccion
295,322,restriccion
296,305,restriccion
296,314,restriccion
296,323,restriccion
297,298,restriccion
297,299,restriccion
297,300,restriccion
297,301,restriccion
297,302,restriccion
297,303,restriccion
297,304,restriccion
297,305,restriccion
297,306,restriccion
297,307,restriccion
297,308,restriccion
297,315,restriccion
297,316,restriccion
297,317,restriccion
298,299,restriccion
298,300,restriccion
298,301,restriccion
298,302,restriccion
298,303,restriccion
298,304,restriccion
298,305,restriccion
298,306,restriccion
298,307,restriccion
298,308,restriccion
298,315,restriccion
298,316,restriccion
298,317,restriccion
299,300,restriccion
299,301,restriccion
299,302,restriccion
299,303,restriccion
299,304,restriccion
299,305,restriccion
299,306,restriccion
299,307,restriccion
299,308,restriccion
299,315,restriccion
299,316,restriccion
299,317,restriccion
300,301,restriccion
300,302,restriccion
300,303,restriccion
300,304,restriccion
300,305,restriccion
300,309,restriccion
300,310,restriccion
300,311,restriccion
300,318,restriccion
300,319,restriccion
300,320,restriccion
301,302,restriccion
301,303,restriccion
301,304,restriccion
301,305,restriccion
301,309,restriccion
301,310,restriccion
301,311,restriccion
301,318,restriccion
301,319,restriccion
301,320,restriccion
302,303,restriccion
302,304,restriccion
302,305,restriccion
302,309,restriccion
302,310,restriccion
302,311,restriccion
302,318,restriccion
302,319,restriccion
302,320,restriccion
303,304,restriccion
303,305,restriccion
303,312,restriccion
303,313,restriccion
303,314,restriccion
303,321,restriccion
303,322,restriccion
303,323,restriccion
304,305,restriccion
304,312,restriccion
304,313,restriccion
304,314,restriccion
304,321,restriccion
304,322,restriccion
304,323,restriccion
305,312,restriccion
305,313,restriccion
305,314,restriccion
305,321,restriccion
305,322,restriccion
305,323,restriccion
306,307,restriccion
306,308,restriccion
306,309,restriccion
306,310,restriccion
306,311,restriccion
306,312,restriccion
306,313,restriccion
306,314,restriccion
306,315,restriccion
306,316,restriccion
306,317,restriccion
307,308,restriccion
307,309,restriccion
307,310,restriccion
307,311,restriccion
307,312,restriccion
307,313,restriccion
307,314,restriccion
307,315,restriccion
307,316,restriccion
307,317,restriccion
308,309,restriccion
308,310,restriccion
308,311,restriccion
308,312,restriccion
308,313,restriccion
308,314,restriccion
308,315,restriccion
308,316,restriccion
308,317,restriccion
309,310,restriccion
309,311,restriccion
309,312,restriccion
309,313,restriccion
309,314,restriccion
309,318,restriccion
309,319,restriccion
309,320,restriccion
310,311,restriccion
310,312,restriccion
310,313,restriccion
310,314,restriccion
310,318,restriccion
310,319,restriccion
310,320,restriccion
311,312,restriccion
311,313,restriccion
311,314,restriccion
311,318,restriccion
311,319,restriccion
311,320,restriccion
312,313,restriccion
312,314,restriccion
312,321,restriccion
312,322,restriccion
312,323,restriccion
313,314,restriccion
313,321,restriccion
313,322,restriccion
313,323,restriccion
314,321,restriccion
314,322,restriccion
314,323,restriccion
315,316,restriccion
315,317,restriccion
315,318,restriccion
315,319,restriccion
315,320,restriccion
315,321,restriccion
315,322,restriccion
315,323,restriccion
316,317,restriccion
316,318,restriccion
316,319,restriccion
316,320,restriccion
316,321,restriccion
316,322,restriccion
316,323,restriccion
317,318,restriccion
317,319,restriccion
317,320,restriccion
317,321,restriccion
317,322,restriccion
317,323,restriccion
318,319,restriccion
318,320,restriccion
318,321,restriccion
318,322,restriccion
318,323,restriccion
319,320,restriccion
319,321,restriccion
319,322,restriccion
319,323,restriccion
320,321,restriccion
320,322,restriccion
320,323,restriccion
321,322,restriccion
321,323,restriccion
322,323,restriccion
324,325,restriccion
324,326,restriccion
324,327,restriccion
324,328,restriccion
324,329,restriccion
324,330,restriccion
324,331,restriccion
324,332,restriccion
324,333,restriccion
324,334,restriccion
324,335,restriccion
324,342,restriccion
324,343,restriccion
324,344,restriccion
324,351,restriccion
324,360,restriccion
324,369,restriccion
324,378,restriccion
324,387,restriccion
324,396,restriccion
325,326,restriccion
325,327,restriccion
325,328,restriccion
325,329,restriccion
325,330,restriccion
325,331,restriccion
325,332,restriccion
325,333,restriccion
325,334,restriccion
325,335,restriccion
325,342,restriccion
325,343,restriccion
325,344,restriccion
325,352,restriccion
325,361,restriccion
325,370,restriccion
325,379,restriccion
325,388,restriccion
325,397,restriccion
326,327,restriccion
326,328,restriccion
326,329,restriccion
326,330,restriccion
326,331,restriccion
326,332,restriccion
326,333,restriccion
326,334,restriccion
326,335,restriccion
326,342,restriccion
326,343,restriccion
326,344,restriccion
326,353,restriccion
326,362,restriccion
326,371,restriccion
326,380,restriccion
326,389,restriccion
326,398,restriccion
327,328,restriccion
327,329,restriccion
327,330,restriccion
327,331,restriccion
327,332,restriccion
327,336,restriccion
327,337,restriccion
327,338,restriccion
327,345,restriccion
327,346,restriccion
327,347,restriccion
327,354,restriccion
327,363,restriccion
327,372,restriccion
327,381,restriccion
327,390,restriccion
327,399,restriccion
328,329,restriccion
328,330,restriccion
328,331,restriccion
328,332,restriccion
328,336,restriccion
328,337,restriccion
328,338,restriccion
328,345,restriccion
328,346,restriccion
328,347,restriccion
328,355,restriccion
328,364,restriccion
328,373,restriccion
328,382,restriccion
328,391,restriccion
328,400,restriccion
329,330,restriccion
329,331,restriccion
329,332,restriccion
329,336,restriccion
329,337,restriccion
329,338,restriccion
329,345,restriccion
329,346,restriccion
329,347,restriccion
329,356,restriccion
329,365,restriccion
329,374,restriccion
329,383,restriccion
329,392,restriccion
329,401,restriccion
330,331,restriccion
330,332,restriccion
330,339,restriccion
330,340,restriccion
330,341,restriccion
330,348,restriccion
330,349,restriccion
330,350,restriccion
330,357,restriccion
330,366,restriccion
330,375,restriccion
330,384,restriccion
330,393,restriccion
330,402,restriccion
331,332,restriccion
331,339,restriccion
331,340,restriccion
331,341,restriccion
331,348,restriccion
331,349,restriccion
331,350,restriccion
331,358,restriccion
331,367,restriccion
331,376,restriccion
331,385,restriccion
331,394,restriccion
331,403,restriccion
332,339,restriccion
332,340,restriccion
332,341,restriccion
332,348,restriccion
332,349,restriccion
332,350,restriccion
332,359,restriccion
332,368,restriccion
332,377,restriccion
332,386,restriccion
332,395,restriccion
332,404,restriccion
333,334,restriccion
333,335,restriccion
333,336,restriccion
333,337,restriccion
333,338,restriccion
333,339,restriccion
333,340,restriccion
333,341,restriccion
333,342,restriccion
333,343,restriccion
333,344,restriccion
333,351,restriccion
333,360,restriccion
333,369,restriccion
333,378,restriccion
333,387,restriccion
333,396,restriccion
334,335,restriccion
334,336,restriccion
334,337,restriccion
334,338,restriccion
334,339,restriccion
334,340,restriccion
334,341,restriccion
334,342,restriccion
334,343,restriccion
334,344,restriccion
334,352,restriccion
334,361,restriccion
334,370,restriccion
334,379,restriccion
334,388,restriccion
334,397,restriccion
335,336,restriccion
335,337,restriccion
335,338,restriccion
335,339,restriccion
335,340,restriccion
335,341,restriccion
335,342,restriccion
335,343,restriccion
335,344,restriccion
335,353,restriccion
335,362,restriccion
335,371,restriccion
335,380,restriccion
335,389,restriccion
335,398,restriccion
336,337,restriccion
336,338,restriccion
336,339,restriccion
336,340,restriccion
336,341,restriccion
336,345,restriccion
336,346,restriccion
336,347,restriccion
336,354,restriccion
336,363,restriccion
336,372,restriccion
336,381,restriccion
336,390,restriccion
336,399,restriccion
337,338,restriccion
337,339,restriccion
337,340,restriccion
337,341,restriccion
337,345,restriccion
337,346,restriccion
337,347,restriccion
337,355,restriccion
337,364,restriccion
337,373,restriccion
337,382,restriccion
337,391,restriccion
337,400,restriccion
338,339,restriccion
338,340,restriccion
338,341,restriccion
338,345,restriccion
338,346,restriccion
338,347,restriccion
338,356,restriccion
338,365,restriccion
338,374,restriccion
338,383,restriccion
338,392,restriccion
338,401,restriccion
339,340,restriccion
339,341,restriccion
339,348,restriccion
339,349,restriccion
339,350,restriccion
339,357,restriccion
339,366,restriccion
339,375,restriccion
339,384,restriccion
339,393,restriccion
339,402,restriccion
340,341,restriccion
340,348,restriccion
340,349,restriccion
340,350,restriccion
340,358,restriccion
340,367,restriccion
340,376,restriccion
340,385,restriccion
340,394,restriccion
340,403,restriccion
341,348,restriccion
341,349,restriccion
341,350,restriccion
341,359,restriccion
341,368,restriccion
341,377,restriccion
341,386,restriccion
341,395,restriccion
341,404,restriccion
342,343,restriccion
342,344,restriccion
342,345,restriccion
342,346,restriccion
342,347,restriccion
342,348,restriccion
342,349,restriccion
342,350,restriccion
342,351,restriccion
342,360,restriccion
342,369,restriccion
342,378,restriccion
342,387,restriccion
342,396,restriccion
343,344,restriccion
343,345,restriccion
343,346,restriccion
343,347,restriccion
343,348,restriccion
343,349,restriccion
343,350,restriccion
343,352,restriccion
343,361,restriccion
343,370,restriccion
343,379,restriccion
343,388,restriccion
343,397,restriccion
344,345,restriccion
344,346,restriccion
344,347,restriccion
344,348,restriccion
344,349,restriccion
344,350,restriccion
344,353,restriccion
344,362,restriccion
344,371,restriccion
344,380,restriccion
344,389,restriccion
344,398,restriccion
345,346,restriccion
345,347,restriccion
345,348,restriccion
345,349,restriccion
345,350,restriccion
345,354,restriccion
345,363,restriccion
345,372,restriccion
345,381,restriccion
345,390,restriccion
345,399,restriccion
346,347,restriccion
346,348,restriccion
346,349,restriccion
346,350,restriccion
346,355,restriccion
346,364,restriccion
346,373,restriccion
346,382,restriccion
346,391,restriccion
346,400,restriccion
347,348,restriccion
347,349,restriccion
347,350,restriccion
347,356,restriccion
347,365,restriccion
347,374,restriccion
347,383,restriccion
347,392,restriccion
347,401,restriccion
348,349,restriccion
348,350,restriccion
348,357,restriccion
348,366,restriccion
348,375,restriccion
348,384,restriccion
348,393,restriccion
348,402,restriccion
349,350,restriccion
349,358,restriccion
349,367,restriccion
349,376,restriccion
349,385,restriccion
349,394,restriccion
349,403,restriccion
350,359,restriccion
350,368,restriccion
350,377,restriccion
350,386,restriccion
350,395,restriccion
350,404,restriccion
351,352,restriccion
351,353,restriccion
351,354,restriccion
351,355,restriccion
351,356,restriccion
351,357,restriccion
351,358,restriccion
351,359,restriccion
351,360,restriccion
351,361,restriccion
351,362,restriccion
351,369,restriccion
351,370,restriccion
351,371,restriccion
351,378,restriccion
351,387,restriccion
351,396,restriccion
352,353,restriccion
352,354,restriccion
352,355,restriccion
352,356,restriccion
352,357,restriccion
352,358,restriccion
352,359,restriccion
352,360,restriccion
352,361,restriccion
352,362,restriccion
352,369,restriccion
352,370,restriccion
352,371,restriccion
352,379,restriccion
352,388,restriccion
352,397,restriccion
353,354,restriccion
353,355,restriccion
353,356,restriccion
353,357,restriccion
353,358,restriccion
353,359,restriccion
353,360,restriccion
353,361,restriccion
353,362,restriccion
353,369,restriccion
353,370,restriccion
353,371,restriccion
353,380,restriccion
353,389,restriccion
353,398,restriccion
354,355,restriccion
354,356,restriccion
354,357,restriccion
354,358,restriccion
354,359,restriccion
354,363,restriccion
354,364,restriccion
354,365,restriccion
354,372,restriccion
354,373,restriccion
354,374,restriccion
354,381,restriccion
354,390,restriccion
354,399,restriccion
355,356,restriccion
355,357,restriccion
355,358,restriccion
355,359,restriccion
355,363,restriccion
355,364,restriccion
355,365,restriccion
355,372,restriccion
355,373,restriccion
355,374,restriccion
355,382,restriccion
355,391,restriccion
355,400,restriccion
356,357,restriccion
356,358,restriccion
356,359,restriccion
356,363,restriccion
356,364,restriccion
356,365,restriccion
356,372,restriccion
356,373,restriccion
356,374,restriccion
356,383,restriccion
356,392,restriccion
356,401,restriccion
357,358,restriccion
357,359,restriccion
357,366,restriccion
357,367,restriccion
357,368,restriccion
357,375,restriccion
357,376,restriccion
357,377,restriccion
357,384,restriccion
357,393,restriccion
357,402,restriccion
358,359,restriccion
358,366,restriccion
358,367,restriccion
358,368,restriccion
358,375,restriccion
358,376,restriccion
358,377,restriccion
358,385,restriccion
358,394,restriccion
358,403,restriccion
359,366,restriccion
359,367,restriccion
359,368,restriccion
359,375,restriccion
359,376,restriccion
359,377,restriccion
359,386,restriccion
359,395,restriccion
359,404,restriccion
360,361,restriccion
360,362,restriccion
360,363,restriccion
360,364,restriccion
360,365,restriccion
360,366,restriccion
360,367,restriccion
360,368,restriccion
360,369,restriccion
360,370,restriccion
360,371,restriccion
360,378,restriccion
360,387,restriccion
360,396,restriccion
361,362,restriccion
361,363,restriccion
361,364,restriccion
361,365,restriccion
361,366,restriccion
361,367,restriccion
361,368,restriccion
361,369,restriccion
361,370,restriccion
361,371,restriccion
361,379,restriccion
361,388,restriccion
361,397,restriccion
362,363,restriccion
362,364,restriccion
362,365,restriccion
362,366,restriccion
362,367,restriccion
362,368,restriccion
362,369,restriccion
362,370,restriccion
362,371,restriccion
362,380,restriccion
362,389,restriccion
362,398,restriccion
363,364,restriccion
363,365,restriccion
363,366,restriccion
363,367,restriccion
363,368,restriccion
363,372,restriccion
363,373,restriccion
363,374,restriccion
363,381,restriccion
363,390,restriccion
363,399,restriccion
364,365,restriccion
364,366,restriccion
364,367,restriccion
364,368,restriccion
364,372,restriccion
364,373,restriccion
364,374,restriccion
364,382,restriccion
364,391,restriccion
364,400,restriccion
365,366,restriccion
365,367,restriccion
365,368,restriccion
365,372,restriccion
365,373,restriccion
365,374,restriccion
365,383,restriccion
365,392,restriccion
365,401,restriccion
366,367,restriccion
366,368,restriccion
366,375,restriccion
366,376,restriccion
366,377,restriccion
366,384,restriccion
366,393,restriccion
366,402,restriccion
367,368,restriccion
367,375,restriccion
367,376,restriccion
367,377,restriccion
367,385,restriccion
367,394,restriccion
367,403,restriccion
368,375,restriccion
368,376,restriccion
368,377,restriccion
368,386,restriccion
368,395,restriccion
368,404,restriccion
369,370,restriccion
369,371,restriccion
369,372,restriccion
369,373,restriccion
369,374,restriccion
369,375,restriccion
369,376,restriccion
369,377,restriccion
369,378,restriccion
369,387,restriccion
369,396,restriccion
370,371,restriccion
370,372,restriccion
370,373,restriccion
370,374,restriccion
370,375,restriccion
370,376,restriccion
370,377,restriccion
370,379,restriccion
370,388,restriccion
370,397,restriccion
371,372,restriccion
371,373,restriccion
371,374,restriccion
371,375,restriccion
371,376,restriccion
371,377,restriccion
371,380,restriccion
371,389,restriccion
371,398,restriccion
372,373,restriccion
372,374,restriccion
372,375,restriccion
372,376,restriccion
372,377,restriccion
372,381,restriccion
372,390,restriccion
372,399,restriccion
373,374,restriccion
373,375,restriccion
373,376,restriccion
373,377,restriccion
373,382,restriccion
373,391,restriccion
373,400,restriccion
374,375,restriccion
374,376,restriccion
374,377,restriccion
374,383,restriccion
374,392,restriccion
374,401,restriccion
375,376,restriccion
375,377,restriccion
375,384,restriccion
375,393,restriccion
375,402,restriccion
376,377,restriccion
376,385,restriccion
376,394,restriccion
376,403,restriccion
377,386,restriccion
377,395,restriccion
377,404,restriccion
378,379,restriccion
378,380,restriccion
378,381,restriccion
378,382,restriccion
378,383,restriccion
378,384,restriccion
378,385,restriccion
378,386,restriccion
378,387,restriccion
378,388,restriccion
378,389,restriccion
378,396,restriccion
378,397,restriccion
378,398,restriccion
379,380,restriccion
379,381,restriccion
379,382,restriccion
379,383,restriccion
379,384,restriccion
379,385,restriccion
379,386,restriccion
379,387,restriccion
379,388,restriccion
379,389,restriccion
379,396,restriccion
379,397,restriccion
379,398,restriccion
380,381,restriccion
380,382,restriccion
380,383,restriccion
380,384,restriccion
380,385,restriccion
380,386,restriccion
380,387,restriccion
380,388,restriccion
380,389,restriccion
380,396,restriccion
380,397,restriccion
380,398,restriccion
381,382,restriccion
381,383,restriccion
381,384,restriccion
381,385,restriccion
381,386,restriccion
381,390,restriccion
381,391,restriccion
381,392,restriccion
381,399,restriccion
381,400,restriccion
381,401,restriccion
382,383,restriccion
382,384,restriccion
382,385,restriccion
382,386,restriccion
382,390,restriccion
382,391,restriccion
382,392,restriccion
382,399,restriccion
382,400,restriccion
382,401,restriccion
383,384,restriccion
383,385,restriccion
383,386,restriccion
383,390,restriccion
383,391,restriccion
383,392,restriccion
383,399,restriccion
383,400,restriccion
383,401,restriccion
384,385,restriccion
384,386,restriccion
384,393,restriccion
384,394,restriccion
384,395,restriccion
384,402,restriccion
384,403,restriccion
384,404,restriccion
385,386,restriccion
385,393,restriccion
385,394,restriccion
385,395,restriccion
385,402,restriccion
385,403,restriccion
385,404,restriccion
386,393,restriccion
386,394,restriccion
386,395,restriccion
386,402,restriccion
386,403,restriccion
386,404,restriccion
387,388,restriccion
387,389,restriccion
387,390,restriccion
387,391,restriccion
387,392,restriccion
387,393,restriccion
387,394,restriccion
387,395,restriccion
387,396,restriccion
387,397,restriccion
387,398,restriccion
388,389,restriccion
388,390,restriccion
388,391,restriccion
388,392,restriccion
388,393,restriccion
388,394,restriccion
388,395,restriccion
388,396,restriccion
388,397,restriccion
388,398,restriccion
389,390,restriccion
389,391,restriccion
389,392,restriccion
389,393,restriccion
389,394,restriccion
389,395,restriccion
389,396,restriccion
389,397,restriccion
389,398,restriccion
390,391,restriccion
390,392,restriccion
390,393,restriccion
390,394,restriccion
390,395,restriccion
390,399,restriccion
390,400,restriccion
390,401,restriccion
391,392,restriccion
391,393,restriccion
391,394,restriccion
391,395,restriccion
391,399,restriccion
391,400,restriccion
391,401,restriccion
392,393,restriccion
392,394,restriccion
392,395,restriccion
392,399,restriccion
392,400,restriccion
392,401,restriccion
393,394,restriccion
393,395,restriccion
393,402,restriccion
393,403,restriccion
393,404,restriccion
394,395,restriccion
394,402,restriccion
394,403,restriccion
394,404,restriccion
395,402,restriccion
395,403,restriccion
395,404,restriccion
396,397,restriccion
396,398,restriccion
396,399,restriccion
396,400,restriccion
396,401,restriccion
396,402,restriccion
396,403,restriccion
396,404,restriccion
397,398,restriccion
397,399,restriccion
397,400,restriccion
397,401,restriccion
397,402,restriccion
397,403,restriccion
397,404,restriccion
398,399,restriccion
398,400,restriccion
398,401,restriccion
398,402,restriccion
398,403,restriccion
398,404,restriccion
399,400,restriccion
399,401,restriccion
399,402,restriccion
399,403,restriccion
399,404,restriccion
400,401,restriccion
400,402,restriccion
400,403,restriccion
400,404,restriccion
401,402,restriccion
401,403,restriccion
401,404,restriccion
402,403,restriccion
402,404,restriccion
403,404,restriccion
405,406,restriccion
405,407,restriccion
405,408,restriccion
405,409,restriccion
405,410,restriccion
405,411,restriccion
405,412,restriccion
405,413,restriccion
405,414,restriccion
405,415,restriccion
405,416,restriccion
405,423,restriccion
405,424,restriccion
405,425,restriccion
405,432,restriccion
405,441,restriccion
405,450,restriccion
405,459,restriccion
405,468,restriccion
405,477,restriccion
406,407,restriccion
406,408,restriccion
406,409,restriccion
406,410,restriccion
406,411,restriccion
406,412,restriccion
406,413,restriccion
406,414,restriccion
406,415,restriccion
406,416,restriccion
406,423,restriccion
406,424,restriccion
406,425,restriccion
406,433,restriccion
406,442,restriccion
406,451,restriccion
406,460,restriccion
406,469,restriccion
406,478,restriccion
407,408,restriccion
407,409,restriccion
407,410,restriccion
407,411,restriccion
407,412,restriccion
407,413,restriccion
407,414,restriccion
407,415,restriccion
407,416,restriccion
407,423,restriccion
407,424,restriccion
407,425,restriccion
407,434,restriccion
407,443,restriccion
407,452,restriccion
407,461,restriccion
407,470,restriccion
407,479,restriccion
408,409,restriccion
408,410,restriccion
408,411,restriccion
408,412,restriccion
408,413,restriccion
408,417,restriccion
408,418,restriccion
408,419,restriccion
408,426,restriccion
408,427,restriccion
408,428,restriccion
408,435,restriccion
408,444,restriccion
408,453,restriccion
408,462,restriccion
408,471,restriccion
408,480,restriccion
409,410,restriccion
409,411,restriccion
409,412,restriccion
409,413,restriccion
409,417,restriccion
409,418,restriccion
409,419,restriccion
409,426,restriccion
409,427,restriccion
409,428,restriccion
409,436,restriccion
409,445,restriccion
409,454,restriccion
409,463,restriccion
409,472,restriccion
409,481,restriccion
410,411,restriccion
410,412,restriccion
410,413,restriccion
410,417,restriccion
410,418,restriccion
410,419,restriccion
410,426,restriccion
410,427,restriccion
410,428,restriccion
410,437,restriccion
410,446,restriccion
410,455,restriccion
410,464,restriccion
410,473,restriccion
410,482,restriccion
411,412,restriccion
411,413,restriccion
411,420,restriccion
411,421,restriccion
411,422,restriccion
411,429,restriccion
411,430,restriccion
411,431,restriccion
411,438,restriccion
411,447,restriccion
411,456,restriccion
411,465,restriccion
411,474,restriccion
411,483,restriccion
412,413,restriccion
412,420,restriccion
412,421,restriccion
412,422,restriccion
412,429,restriccion
412,430,restriccion
412,431,restriccion
412,439,restriccion
412,448,restriccion
412,457,restriccion
412,466,restriccion
412,475,restriccion
412,484,restriccion
413,420,restriccion
413,421,restriccion
413,422,restriccion
413,429,restriccion
413,430,restriccion
413,431,restriccion
413,440,restriccion
413,449,restriccion
413,458,restriccion
413,467,restriccion
413,476,restriccion
413,485,restriccion
414,415,restriccion
414,416,restriccion
414,417,restriccion
414,418,restriccion
414,419,restriccion
414,420,restriccion
414,421,restriccion
414,422,restriccion
414,423,restriccion
414,424,restriccion
414,425,restriccion
414,432,restriccion
414,441,restriccion
414,450,restriccion
414,459,restriccion
414,468,restriccion
414,477,restriccion
415,416,restriccion
415,417,restriccion
415,418,restriccion
415,419,restriccion
415,420,restriccion
415,421,restriccion
415,422,restriccion
415,423,restriccion
415,424,restriccion
415,425,restriccion
415,433,restriccion
415,442,restriccion
415,451,restriccion
415,460,restriccion
415,469,restriccion
415,478,restriccion
416,417,restriccion
416,418,restriccion
416,419,restriccion
416,420,restriccion
416,421,restriccion
416,422,restriccion
416,423,restriccion
416,424,restriccion
416,425,restriccion
416,434,restriccion
416,443,restriccion
416,452,restriccion
416,461,restriccion
416,470,restriccion
416,479,restriccion
417,418,restriccion
417,419,restriccion
417,420,restriccion
417,421,restriccion
417,422,restriccion
417,426,restriccion
417,427,restriccion
417,428,restriccion
417,435,restriccion
417,444,restriccion
417,453,restriccion
417,462,restriccion
417,471,restriccion
417,480,restriccion
418,419,restriccion
418,420,restriccion
418,421,restriccion
418,422,restriccion
418,426,restriccion
418,427,restriccion
418,428,restriccion
418,436,restriccion
418,445,restriccion
418,454,restriccion
418,463,restriccion
418,472,restriccion
418,481,restriccion
419,420,restriccion
419,421,restriccion
419,422,restriccion
419,426,restriccion
419,427,restriccion
419,428,restriccion
419,437,restriccion
419,446,restriccion
419,455,restriccion
419,464,restriccion
419,473,restriccion
419,482,restriccion
420,421,restriccion
420,422,restriccion
420,429,restriccion
420,430,restriccion
420,431,restriccion
420,438,restriccion
420,447,restriccion
420,456,restriccion
420,465,restriccion
420,474,restriccion
420,483,restriccion
421,422,restriccion
421,429,restriccion
421,430,restriccion
421,431,restriccion
421,439,restriccion
421,448,restriccion
421,457,restriccion
421,466,restriccion
421,475,restriccion
421,484,restriccion
422,429,restriccion
422,430,restriccion
422,431,restriccion
422,440,restriccion
422,449,restriccion
422,458,restriccion
422,467,restriccion
422,476,restriccion
422,485,restriccion
423,424,restriccion
423,425,restriccion
423,426,restriccion
423,427,restriccion
423,428,restriccion
423,429,restriccion
423,430,restriccion
423,431,restriccion
423,432,restriccion
423,441,restriccion
423,450,restriccion
423,459,restriccion
423,468,restriccion
423,477,restriccion
424,425,restriccion
424,426,restriccion
424,427,restriccion
424,428,restriccion
424,429,restriccion
424,430,restriccion
424,431,restriccion
424,433,restriccion
424,442,restriccion
424,451,restriccion
424,460,restriccion
424,469,restriccion
424,478,restriccion
425,426,restriccion
425,427,restriccion
425,428,restriccion
425,429,restriccion
425,430,restriccion
425,431,restriccion
425,434,restriccion
425,443,restriccion
425,452,restriccion
425,461,restriccion
425,470,restriccion
425,479,restriccion
426,427,restriccion
426,428,restriccion
426,429,restriccion
426,430,restriccion
426,431,restriccion
426,435,restriccion
426,444,restriccion
426,453,restriccion
426,462,restriccion
426,471,restriccion
426,480,restriccion
427,428,restriccion
427,429,restriccion
427,430,restriccion
427,431,restriccion
427,436,restriccion
427,445,restriccion
427,454,restriccion
427,463,restriccion
427,472,restriccion
427,481,restriccion
428,429,restriccion
428,430,restriccion
428,431,restriccion
428,437,restriccion
428,446,restriccion
428,455,restriccion
428,464,restriccion
428,473,restriccion
428,482,restriccion
429,430,restriccion
429,431,restriccion
429,438,restriccion
429,447,restriccion
429,456,restriccion
429,465,restriccion
429,474,restriccion
429,483,restriccion
430,431,restriccion
430,439,restriccion
430,448,restriccion
430,457,restriccion
430,466,restriccion
430,475,restriccion
430,484,restriccion
431,440,restriccion
431,449,restriccion
431,458,restriccion
431,467,restriccion
431,476,restriccion
431,485,restriccion
432,433,restriccion
432,434,restriccion
432,435,restriccion
432,436,restriccion
432,437,restriccion
432,438,restriccion
432,439,restriccion
432,440,restriccion
432,441,restriccion
432,442,restriccion
432,443,restriccion
432,450,restriccion
432,451,restriccion
432,452,restriccion
432,459,restriccion
432,468,restriccion
432,477,restriccion
433,434,restriccion
433,435,restriccion
433,436,restriccion
433,437,restriccion
433,438,restriccion
433,439,restriccion
433,440,restriccion
433,441,restriccion
433,442,restriccion
433,443,restriccion
433,450,restriccion
433,451,restriccion
433,452,restriccion
433,460,restriccion
433,469,restriccion
433,478,restriccion
434,435,restriccion
434,436,restriccion
434,437,restriccion
434,438,restriccion
434,439,restriccion
434,440,restriccion
434,441,restriccion
434,442,restriccion
434,443,restriccion
434,450,restriccion
434,451,restriccion
434,452,restriccion
434,461,restriccion
434,470,restriccion
434,479,restriccion
435,436,restriccion
435,437,restriccion
435,438,restriccion
435,439,restriccion
435,440,restriccion
435,444,restriccion
435,445,restriccion
435,446,restriccion
435,453,restriccion
435,454,restriccion
435,455,restriccion
435,462,restriccion
435,471,restriccion
435,480,restriccion
436,437,restriccion
436,438,restriccion
436,439,restriccion
436,440,restriccion
436,444,restriccion
436,445,restriccion
436,446,restriccion
436,453,restriccion
436,454,restriccion
436,455,restriccion
436,463,restriccion
436,472,restriccion
436,481,restriccion
437,438,restriccion
437,439,restriccion
437,440,restriccion
437,444,restriccion
437,445,restriccion
437,446,restriccion
437,453,restriccion
437,454,restriccion
437,455,restriccion
437,464,restriccion
437,473,restriccion
437,482,restriccion
438,439,restriccion
438,440,restriccion
438,447,restriccion
438,448,restriccion
438,449,restriccion
438,456,restriccion
438,457,restriccion
438,458,restriccion
438,465,restriccion
438,474,restriccion
438,483,restriccion
439,440,restriccion
439,447,restriccion
439,448,restriccion
439,449,restriccion
439,456,restriccion
439,457,restriccion
439,458,restriccion
439,466,restriccion
439,475,restriccion
439,484,restriccion
440,447,restriccion
440,448,restriccion
440,449,restriccion
440,456,restriccion
440,457,restriccion
440,458,restriccion
440,467,restriccion
440,476,restriccion
440,485,restriccion
441,442,restriccion
441,443,restriccion
441,444,restriccion
441,445,restriccion
441,446,restriccion
441,447,restriccion
441,448,restriccion
441,449,restriccion
441,450,restriccion
441,451,restriccion
441,452,restriccion
441,459,restriccion
441,468,restriccion
441,477,restriccion
442,443,restriccion
442,444,restriccion
442,445,restriccion
442,446,restriccion
442,447,restriccion
442,448,restriccion
442,449,restriccion
442,450,restriccion
442,451,restriccion
442,452,restriccion
442,460,restriccion
442,469,restriccion
442,478,restriccion
443,444,restriccion
443,445,restriccion
443,446,restriccion
443,447,restriccion
443,448,restriccion
443,449,restriccion
443,450,restriccion
443,451,restriccion
443,452,restriccion
443,461,restriccion
443,470,restriccion
443,479,restriccion
444,445,restriccion
444,446,restriccion
444,447,restriccion
444,448,restriccion
444,449,restriccion
444,453,restriccion
444,454,restriccion
444,455,restriccion
444,462,restriccion
444,471,restriccion
444,480,restriccion
445,446,restriccion
445,447,restriccion
445,448,restriccion
445,449,restriccion
445,453,restriccion
445,454,restriccion
445,455,restriccion
445,463,restriccion
445,472,restriccion
445,481,restriccion
446,447,restriccion
446,448,restriccion
446,449,restriccion
446,453,restriccion
446,454,restriccion
446,455,restriccion
446,464,restriccion
446,473,restriccion
446,482,restriccion
447,448,restriccion
447,449,restriccion
447,456,restriccion
447,457,restriccion
447,458,restriccion
447,465,restriccion
447,474,restriccion
447,483,restriccion
448,449,restriccion
448,456,restriccion
448,457,restriccion
448,458,restriccion
448,466,restriccion
448,475,restriccion
448,484,restriccion
449,456,restriccion
449,457,restriccion
449,458,restriccion
449,467,restriccion
449,476,restriccion
449,485,restriccion
450,451,restriccion
450,452,restriccion
450,453,restriccion
450,454,restriccion
450,455,restriccion
450,456,restriccion
450,457,restriccion
450,458,restriccion
450,459,restriccion
450,468,restriccion
450,477,restriccion
451,452,restriccion
451,453,restriccion
451,454,restriccion
451,455,restriccion
451,456,restriccion
451,457,restriccion
451,458,restriccion
451,460,restriccion
451,469,restriccion
451,478,restriccion
452,453,restriccion
452,454,restriccion
452,455,restriccion
452,456,restriccion
452,457,restriccion
452,458,restriccion
452,461,restriccion
452,470,restriccion
452,479,restriccion
453,454,restriccion
453,455,restriccion
453,456,restriccion
453,457,restriccion
453,458,restriccion
453,462,restriccion
453,471,restriccion
453,480,restriccion
454,455,restriccion
454,456,restriccion
454,457,restriccion
454,458,restriccion
454,463,restriccion
454,472,restriccion
454,481,restriccion
455,456,restriccion
455,457,restriccion
455,458,restriccion
455,464,restriccion
455,473,restriccion
455,482,restriccion
456,457,restriccion
456,458,restriccion
456,465,restriccion
456,474,restriccion
456,483,restriccion
457,458,restriccion
457,466,restriccion
457,475,restriccion
457,484,restriccion
458,467,restriccion
458,476,restriccion
458,485,restriccion
459,460,restriccion
459,461,restriccion
459,462,restriccion
459,463,restriccion
459,464,restriccion
459,465,restriccion
459,466,restriccion
459,467,restriccion
459,468,restriccion
459,469,restriccion
459,470,restriccion
459,477,restriccion
459,478,restriccion
459,479,restriccion
460,461,restriccion
460,462,restriccion
460,463,restriccion
460,464,restriccion
460,465,restriccion
460,466,restriccion
460,467,restriccion
460,468,restriccion
460,469,restriccion
460,470,restriccion
460,477,restriccion
460,478,restriccion
460,479,restriccion
461,462,restriccion
461,463,restriccion
461,464,restriccion
461,465,restriccion
461,466,restriccion
461,467,restriccion
461,468,restriccion
461,469,restriccion
461,470,restriccion
461,477,restriccion
461,478,restriccion
461,479,restriccion
462,463,restriccion
462,464,restriccion
462,465,restriccion
462,466,restriccion
462,467,restriccion
462,471,restriccion
462,472,restriccion
462,473,restriccion
462,480,restriccion
462,481,restriccion
462,482,restriccion
463,464,restriccion
463,465,restriccion
463,466,restriccion
463,467,restriccion
463,471,restriccion
463,472,restriccion
463,473,restriccion
463,480,restriccion
463,481,restriccion
463,482,restriccion
464,465,restriccion
464,466,restriccion
464,467,restriccion
464,471,restriccion
464,472,restriccion
464,473,restriccion
464,480,restriccion
464,481,restriccion
464,482,restriccion
465,466,restriccion
465,467,restriccion
465,474,restriccion
465,475,restriccion
465,476,restriccion
465,483,restriccion
465,484,restriccion
465,485,restriccion
466,467,restriccion
466,474,restriccion
466,475,restriccion
466,476,restriccion
466,483,restriccion
466,484,restriccion
466,485,restriccion
467,474,restriccion
467,475,restriccion
467,476,restriccion
467,483,restriccion
467,484,restriccion
467,485,restriccion
468,469,restriccion
468,470,restriccion
468,471,restriccion
468,472,restriccion
468,473,restriccion
468,474,restriccion
468,475,restriccion
468,476,restriccion
468,477,restriccion
468,478,restriccion
468,479,restriccion
469,470,restriccion
469,471,restriccion
469,472,restriccion
469,473,restriccion
469,474,restriccion
469,475,restriccion
469,476,restriccion
469,477,restriccion
469,478,restriccion
469,479,restriccion
470,471,restriccion
470,472,restriccion
470,473,restriccion
470,474,restriccion
470,475,restriccion
470,476,restriccion
470,477,restriccion
470,478,restriccion
470,479,restriccion
471,472,restriccion
471,473,restriccion
471,474,restriccion
471,475,restriccion
471,476,restriccion
471,480,restriccion
471,481,restriccion
471,482,restriccion
472,473,restriccion
472,474,restriccion
472,475,restriccion
472,476,restriccion
472,480,restriccion
472,481,restriccion
472,482,restriccion
473,474,restriccion
473,475,restriccion
473,476,restriccion
473,480,restriccion
473,481,restriccion
473,482,restriccion
474,475,restriccion
474,476,restriccion
474,483,restriccion
474,484,restriccion
474,485,restriccion
475,476,restriccion
475,483,restriccion
475,484,restriccion
475,485,restriccion
476,483,restriccion
476,484,restriccion
476,485,restriccion
477,478,restriccion
477,479,restriccion
477,480,restriccion
477,481,restriccion
477,482,restriccion
477,483,restriccion
477,484,restriccion
477,485,restriccion
478,479,restriccion
478,480,restriccion
478,481,restriccion
478,482,restriccion
478,483,restriccion
478,484,restriccion
478,485,restriccion
479,480,restriccion
479,481,restriccion
479,482,restriccion
479,483,restriccion
479,484,restriccion
479,485,restriccion
480,481,restriccion
480,482,restriccion
480,483,restriccion
480,484,restriccion
480,485,restriccion
481,482,restriccion
481,483,restriccion
481,484,restriccion
481,485,restriccion
482,483,restriccion
482,484,restriccion
482,485,restriccion
483,484,restriccion
483,485,restriccion
484,485,restriccion
486,487,restriccion
486,488,restriccion
486,489,restriccion
486,490,restriccion
486,491,restriccion
486,492,restriccion
486,493,restriccion
486,494,restriccion
486,495,restriccion
486,496,restriccion
486,497,restriccion
486,504,restriccion
486,505,restriccion
486,506,restriccion
486,513,restriccion
486,522,restriccion
486,531,restriccion
486,540,restriccion
486,549,restriccion
486,558,restriccion
487,488,restriccion
487,489,restriccion
487,490,restriccion
487,491,restriccion
487,492,restriccion
487,493,restriccion
487,494,restriccion
487,495,restriccion
487,496,restriccion
487,497,restriccion
487,504,restriccion
487,505,restriccion
487,506,restriccion
487,514,restriccion
487,523,restriccion
487,532,restriccion
487,541,restriccion
487,550,restriccion
487,559,restriccion
488,489,restriccion
488,490,restriccion
488,491,restriccion
488,492,restriccion
488,493,restriccion
488,494,restriccion
488,495,restriccion
488,496,restriccion
488,497,restriccion
488,504,restriccion
488,505,restriccion
488,506,restriccion
488,515,restriccion
488,524,restriccion
488,533,restriccion
488,542,restriccion
488,551,restriccion
488,560,restriccion
489,490,restriccion
489,491,restriccion
489,492,restriccion
489,493,restriccion
489,494,restriccion
489,498,restriccion
489,499,restriccion
489,500,restriccion
489,507,restriccion
489,508,restriccion
489,509,restriccion
489,516,restriccion
489,525,restriccion
489,534,restriccion
489,543,restriccion
489,552,restriccion
489,561,restriccion
490,491,restriccion
490,492,restriccion
490,493,restriccion
490,494,restriccion
490,498,restriccion
490,499,restriccion
490,500,restriccion
490,507,restriccion
490,508,restriccion
490,509,restriccion
490,517,restriccion
490,526,restriccion
490,535,restriccion
490,544,restriccion
490,553,restriccion
490,562,restriccion
491,492,restriccion
491,493,restriccion
491,494,restriccion
491,498,restriccion
491,499,restriccion
491,500,restriccion
491,507,restriccion
491,508,restriccion
491,509,restriccion
491,518,restriccion
491,527,restriccion
491,536,restriccion
491,545,restriccion
491,554,restriccion
491,563,restriccion
492,493,restriccion
492,494,restriccion
492,501,restriccion
492,502,restriccion
492,503,restriccion
492,510,restriccion
492,511,restriccion
492,512,restriccion
492,519,restriccion
492,528,restriccion
492,537,restriccion
492,546,restriccion
492,555,restriccion
492,564,restriccion
493,494,restriccion
493,501,restriccion
493,502,restriccion
493,503,restriccion
493,510,restriccion
493,511,restriccion
493,512,restriccion
493,520,restriccion
493,529,restriccion
493,538,restriccion
493,547,restriccion
493,556,restriccion
493,565,restriccion
494,501,restriccion
494,502,restriccion
494,503,restriccion
494,510,restriccion
494,511,restriccion
494,512,restriccion
494,521,restriccion
494,530,restriccion
494,539,restriccion
494,548,restriccion
494,557,restriccion
494,566,restriccion
495,496,restriccion
495,497,restriccion
495,498,restriccion
495,499,restriccion
495,500,restriccion
495,501,restriccion
495,502,restriccion
495,503,restriccion
495,504,restriccion
495,505,restriccion
495,506,restriccion
495,513,restriccion
495,522,restriccion
495,531,restriccion
495,540,restriccion
495,549,restriccion
495,558,restriccion
496,497,restriccion
496,498,restriccion
496,499,restriccion
496,500,restriccion
496,501,restriccion
496,502,restriccion
496,503,restriccion
496,504,restriccion
496,505,restriccion
496,506,restriccion
496,514,restriccion
496,523,restriccion
496,532,restriccion
496,541,restriccion
496,550,restriccion
496,559,restriccion
497,498,restriccion
497,499,restriccion
497,500,restriccion
497,501,restriccion
497,502,restriccion
497,503,restriccion
497,504,restriccion
497,505,restriccion
497,506,restriccion
497,515,restriccion
497,524,restriccion
497,533,restriccion
497,542,restriccion
497,551,restriccion
497,560,restriccion
498,499,restriccion
498,500,restriccion
498,501,restriccion
498,502,restriccion
498,503,restriccion
498,507,restriccion
498,508,restriccion
498,509,restriccion
498,516,restriccion
498,525,restriccion
498,534,restriccion
498,543,restriccion
498,552,restriccion
498,561,restriccion
499,500,restriccion
499,501,restriccion
499,502,restriccion
499,503,restriccion
499,507,restriccion
499,508,restriccion
499,509,restriccion
499,517,restriccion
499,526,restriccion
499,535,restriccion
499,544,restriccion
499,553,restriccion
499,562,restriccion
500,501,restriccion
500,502,restriccion
500,503,restriccion
500,507,restriccion
500,508,restriccion
500,509,restriccion
500,518,restriccion
500,527,restriccion
500,536,restriccion
500,545,restriccion
500,554,restriccion
500,563,restriccion
501,502,restriccion
501,503,restriccion
501,510,restriccion
501,511,restriccion
501,512,restriccion
501,519,restriccion
501,528,restriccion
501,537,restriccion
501,546,restriccion
501,555,restriccion
501,564,restriccion
502,503,restriccion
502,510,restriccion
502,511,restriccion
502,512,restriccion
502,520,restriccion
502,529,restriccion
502,538,restriccion
502,547,restriccion
502,556,restriccion
502,565,restriccion
503,510,restriccion
503,511,restriccion
503,512,restriccion
503,521,restriccion
503,530,restriccion
503,539,restriccion
503,548,restriccion
503,557,restriccion
503,566,restriccion
504,505,restriccion
504,506,restriccion
504,507,restriccion
504,508,restriccion
504,509,restriccion
504,510,restriccion
504,511,restriccion
504,512,restriccion
504,513,restriccion
504,522,restriccion
504,531,restriccion
504,540,restriccion
504,549,restriccion
504,558,restriccion
505,506,restriccion
505,507,restriccion
505,508,restriccion
505,509,restriccion
505,510,restriccion
505,511,restriccion
505,512,restriccion
505,514,restriccion
505,523,restriccion
505,532,restriccion
505,541,restriccion
505,550,restriccion
505,559,restriccion
506,507,restriccion
506,508,restriccion
506,509,restriccion
506,510,restriccion
506,511,restriccion
506,512,restriccion
506,515,restriccion
506,524,restriccion
506,533,restriccion
506,542,restriccion
506,551,restriccion
506,560,restriccion
507,508,restriccion
507,509,restriccion
507,510,restriccion
507,511,restriccion
507,512,restriccion
507,516,restriccion
507,525,restriccion
507,534,restriccion
507,543,restriccion
507,552,restriccion
507,561,restriccion
508,509,restriccion
508,510,restriccion
508,511,restriccion
508,512,restriccion
508,517,restriccion
508,526,restriccion
508,535,restriccion
508,544,restriccion
508,553,restriccion
508,562,restriccion
509,510,restriccion
509,511,restriccion
509,512,restriccion
509,518,restriccion
509,527,restriccion
509,536,restriccion
509,545,restriccion
509,554,restriccion
509,563,restriccion
510,511,restriccion
510,512,restriccion
510,519,restriccion
510,528,restriccion
510,537,restriccion
510,546,restriccion
510,555,restriccion
510,564,restriccion
511,512,restriccion
511,520,restriccion
511,529,restriccion
511,538,restriccion
511,547,restriccion
511,556,restriccion
511,565,restriccion
512,521,restriccion
512,530,restriccion
512,539,restriccion
512,548,restriccion
512,557,restriccion
512,566,restriccion
513,514,restriccion
513,515,restriccion
513,516,restriccion
513,517,restriccion
513,518,restriccion
513,519,restriccion
513,520,restriccion
513,521,restriccion
513,522,restriccion
513,523,restriccion
513,524,restriccion
513,531,restriccion
513,532,restriccion
513,533,restriccion
513,540,restriccion
513,549,restriccion
513,558,restriccion
514,515,restriccion
514,516,restriccion
514,517,restriccion
514,518,restriccion
514,519,restriccion
514,520,restriccion
514,521,restriccion
514,522,restriccion
514,523,restriccion
514,524,restriccion
514,531,restriccion
514,532,restriccion
514,533,restriccion
514,541,restriccion
514,550,restriccion
514,559,restriccion
515,516,restriccion
515,517,restriccion
515,518,restriccion
515,519,restriccion
515,520,restriccion
515,521,restriccion
515,522,restriccion
515,523,restriccion
515,524,restriccion
515,531,restriccion
515,532,restriccion
515,533,restriccion
515,542,restriccion
515,551,restriccion
515,560,restriccion
516,517,restriccion
516,518,restriccion
516,519,restriccion
516,520,restriccion
516,521,restriccion
516,525,restriccion
516,526,restriccion
516,527,restriccion
516,534,restriccion
516,535,restriccion
516,536,restriccion
516,543,restriccion
516,552,restriccion
516,561,restriccion
517,518,restriccion
517,519,restriccion
517,520,restriccion
517,521,restriccion
517,525,restriccion
517,526,restriccion
517,527,restriccion
517,534,restriccion
517,535,restriccion
517,536,restriccion
517,544,restriccion
517,553,restriccion
517,562,restriccion
518,519,restriccion
518,520,restriccion
518,521,restriccion
518,525,restriccion
518,526,restriccion
518,527,restriccion
518,534,restriccion
518,535,restriccion
518,536,restriccion
518,545,restriccion
518,554,restriccion
518,563,restriccion
519,520,restriccion
519,521,restriccion
519,528,restriccion
519,529,restriccion
519,530,restriccion
519,537,restriccion
519,538,restriccion
519,539,restriccion
519,546,restriccion
519,555,restriccion
519,564,restriccion
520,521,restriccion
520,528,restriccion
520,529,restriccion
520,530,restriccion
520,537,restriccion
520,538,restriccion
520,539,restriccion
520,547,restriccion
520,556,restriccion
520,565,restriccion
521,528,restriccion
521,529,restriccion
521,530,restriccion
521,537,restriccion
521,538,restriccion
521,539,restriccion
521,548,restriccion
521,557,restriccion
521,566,restriccion
522,523,restriccion
522,524,restriccion
522,525,restriccion
522,526,restriccion
522,527,restriccion
522,528,restriccion
522,529,restriccion
522,530,restriccion
522,531,restriccion
522,532,restriccion
522,533,restriccion
522,540,restriccion
522,549,restriccion
522,558,restriccion
523,524,restriccion
523,525,restriccion
523,526,restriccion
523,527,restriccion
523,528,restriccion
523,529,restriccion
523,530,restriccion
523,531,restriccion
523,532,restriccion
523,533,restriccion
523,541,restriccion
523,550,restriccion
523,559,restriccion
524,525,restriccion
524,526,restriccion
524,527,restriccion
524,528,restriccion
524,529,restriccion
524,530,restriccion
524,531,restriccion
524,532,restriccion
524,533,restriccion
524,542,restriccion
524,551,restriccion
524,560,restriccion
525,526,restriccion
525,527,restriccion
525,528,restriccion
525,529,restriccion
525,530,restriccion
525,534,restriccion
525,535,restriccion
525,536,restriccion
525,543,restriccion
525,552,restriccion
525,561,restriccion
526,527,restriccion
526,528,restriccion
526,529,restriccion
526,530,restriccion
526,534,restriccion
526,535,restriccion
526,536,restriccion
526,544,restriccion
526,553,restriccion
526,562,restriccion
527,528,restriccion
527,529,restriccion
527,530,restriccion
527,534,restriccion
527,535,restriccion
527,536,restriccion
527,545,restriccion
527,554,restriccion
527,563,restriccion
528,529,restriccion
528,530,restriccion
528,537,restriccion
528,538,restriccion
528,539,restriccion
528,546,restriccion
528,555,restriccion
528,564,restriccion
529,530,restriccion
529,537,restriccion
529,538,restriccion
529,539,restriccion
529,547,restriccion
529,556,restriccion
529,565,restriccion
530,537,restriccion
530,538,restriccion
530,539,restriccion
530,548,restriccion
530,557,restriccion
530,566,restriccion
531,532,restriccion
531,533,restriccion
531,534,restriccion
531,535,restriccion
531,536,restriccion
531,537,restriccion
531,538,restriccion
531,539,restriccion
531,540,restriccion
531,549,restriccion
531,558,restriccion
532,533,restriccion
532,534,restriccion
532,535,restriccion
532,536,restriccion
532,537,restriccion
532,538,restriccion
532,539,restriccion
532,541,restriccion
532,550,restriccion
532,559,restriccion
533,534,restriccion
533,535,restriccion
533,536,restriccion
533,537,restriccion
533,538,restriccion
533,539,restriccion
533,542,restriccion
533,551,restriccion
533,560,restriccion
534,535,restriccion
534,536,restriccion
534,537,restriccion
534,538,restriccion
534,539,restriccion
534,543,restriccion
534,552,restriccion
534,561,restriccion
535,536,restriccion
535,537,restriccion
535,538,restriccion
535,539,restriccion
535,544,restriccion
535,553,restriccion
535,562,restriccion
536,537,restriccion
536,538,restriccion
536,539,restriccion
536,545,restriccion
536,554,restriccion
536,563,restriccion
537,538,restriccion
537,539,restriccion
537,546,restriccion
537,555,restriccion
537,564,restriccion
538,539,restriccion
538,547,restriccion
538,556,restriccion
538,565,restriccion
539,548,restriccion
539,557,restriccion
539,566,restriccion
540,541,restriccion
540,542,restriccion
540,543,restriccion
540,544,restriccion
540,545,restriccion
540,546,restriccion
540,547,restriccion
540,548,restriccion
540,549,restriccion
540,550,restriccion
540,551,restriccion
540,558,restriccion
540,559,restriccion
540,560,restriccion
541,542,restriccion
541,543,restriccion
541,544,restriccion
541,545,restriccion
541,546,restriccion
541,547,restriccion
541,548,restriccion
541,549,restriccion
541,550,restriccion
541,551,restriccion
541,558,restriccion
541,559,restriccion
541,560,restriccion
542,543,restriccion
542,544,restriccion
542,545,restriccion
542,546,restriccion
542,547,restriccion
542,548,restriccion
542,549,restriccion
542,550,restriccion
542,551,restriccion
542,558,restriccion
542,559,restriccion
542,560,restriccion
543,544,restriccion
543,545,restriccion
543,546,restriccion
543,547,restriccion
543,548,restriccion
543,552,restriccion
543,553,restriccion
543,554,restriccion
543,561,restriccion
543,562,restriccion
543,563,restriccion
544,545,restriccion
544,546,restriccion
544,547,restriccion
544,548,restriccion
544,552,restriccion
544,553,restriccion
544,554,restriccion
544,561,restriccion
544,562,restriccion
544,563,restriccion
545,546,restriccion
545,547,restriccion
545,548,restriccion
545,552,restriccion
545,553,restriccion
545,554,restriccion
545,561,restriccion
545,562,restriccion
545,563,restriccion
546,547,restriccion
546,548,restriccion
546,555,restriccion
546,556,restriccion
546,557,restriccion
546,564,restriccion
546,565,restriccion
546,566,restriccion
547,548,restriccion
547,555,restriccion
547,556,restriccion
547,557,restriccion
547,564,restriccion
547,565,restriccion
547,566,restriccion
548,555,restriccion
548,556,restriccion
548,557,restriccion
548,564,restriccion
548,565,restriccion
548,566,restriccion
549,550,restriccion
549,551,restriccion
549,552,restriccion
549,553,restriccion
549,554,restriccion
549,555,restriccion
549,556,restriccion
549,557,restriccion
549,558,restriccion
549,559,restriccion
549,560,restriccion
550,551,restriccion
550,552,restriccion
550,553,restriccion
550,554,restriccion
550,555,restriccion
550,556,restriccion
550,557,restriccion
550,558,restriccion
550,559,restriccion
550,560,restriccion
551,552,restriccion
551,553,restriccion
551,554,restriccion
551,555,restriccion
551,556,restriccion
551,557,restriccion
551,558,restriccion
551,559,restriccion
551,560,restriccion
552,553,restriccion
552,554,restriccion
552,555,restriccion
552,556,restriccion
552,557,restriccion
552,561,restriccion
552,562,restriccion
552,563,restriccion
553,554,restriccion
553,555,restriccion
553,556,restriccion
553,557,restriccion
553,561,restriccion
553,562,restriccion
553,563,restriccion
554,555,restriccion
554,556,restriccion
554,557,restriccion
554,561,restriccion
554,562,restriccion
554,563,restriccion
555,556,restriccion
555,557,restriccion
555,564,restriccion
555,565,restriccion
555,566,restriccion
556,557,restriccion
556,564,restriccion
556,565,restriccion
556,566,restriccion
557,564,restriccion
557,565,restriccion
557,566,restriccion
558,559,restriccion
558,560,restriccion
558,561,restriccion
558,562,restriccion
558,563,restriccion
558,564,restriccion
558,565,restriccion
558,566,restriccion
559,560,restriccion
559,561,restriccion
559,562,restriccion
559,563,restriccion
559,564,restriccion
559,565,restriccion
559,566,restriccion
560,561,restriccion
560,562,restriccion
560,563,restriccion
560,564,restriccion
560,565,restriccion
560,566,restriccion
561,562,restriccion
561,563,restriccion
561,564,restriccion
561,565,restriccion
561,566,restriccion
562,563,restriccion
562,564,restriccion
562,565,restriccion
562,566,restriccion
563,564,restriccion
563,565,restriccion
563,566,restriccion
564,565,restriccion
564,566,restriccion
565,566,restriccion
567,568,restriccion
567,569,restriccion
567,570,restriccion
567,571,restriccion
567,572,restriccion
567,573,restriccion
567,574,restriccion
567,575,restriccion
567,576,restriccion
567,577,restriccion
567,578,restriccion
567,585,restriccion
567,586,restriccion
567,587,restriccion
567,594,restriccion
567,603,restriccion
567,612,restriccion
567,621,restriccion
567,630,restriccion
567,639,restriccion
568,569,restriccion
568,570,restriccion
568,571,restriccion
568,572,restriccion
568,573,restriccion
568,574,restriccion
568,575,restriccion
568,576,restriccion
568,577,restriccion
568,578,restriccion
568,585,restriccion
568,586,restriccion
568,587,restriccion
568,595,restriccion
568,604,restriccion
568,613,restriccion
568,622,restriccion
568,631,restriccion
568,640,restriccion
569,570,restriccion
569,571,restriccion
569,572,restriccion
569,573,restriccion
569,574,restriccion
569,575,restriccion
569,576,restriccion
569,577,restriccion
569,578,restriccion
569,585,restriccion
569,586,restriccion
569,587,restriccion
569,596,restriccion
569,605,restriccion
569,614,restriccion
569,623,restriccion
569,632,restriccion
569,641,restriccion
570,571,restriccion
570,572,restriccion
570,573,restriccion
570,574,restriccion
570,575,restriccion
570,579,restriccion
570,580,restriccion
570,581,restriccion
570,588,restriccion
570,589,restriccion
570,590,restriccion
570,597,restriccion
570,606,restriccion
570,615,restriccion
570,624,restriccion
570,633,restriccion
570,642,restriccion
571,572,restriccion
571,573,restriccion
571,574,restriccion
571,575,restriccion
571,579,restriccion
571,580,restriccion
571,581,restriccion
571,588,restriccion
571,589,restriccion
571,590,restriccion
571,598,restriccion
571,607,restriccion
571,616,restriccion
571,625,restriccion
571,634,restriccion
571,643,restriccion
572,573,restriccion
572,574,restriccion
572,575,restriccion
572,579,restriccion
572,580,restriccion
572,581,restriccion
572,588,restriccion
572,589,restriccion
572,590,restriccion
572,599,restriccion
572,608,restriccion
572,617,restriccion
572,626,restriccion
572,635,restriccion
572,644,restriccion
573,574,restriccion
573,575,restriccion
573,582,restriccion
573,583,restriccion
573,584,restriccion
573,591,restriccion
573,592,restriccion
573,593,restriccion
573,600,restriccion
573,609,restriccion
573,618,restriccion
573,627,restriccion
573,636,restriccion
573,645,restriccion
574,575,restriccion
574,582,restriccion
574,583,restriccion
574,584,restriccion
574,591,restriccion
574,592,restriccion
574,593,restriccion
574,601,restriccion
574,610,restriccion
574,619,restriccion
574,628,restriccion
574,637,restriccion
574,646,restriccion
575,582,restriccion
575,583,restriccion
575,584,restriccion
575,591,restriccion
575,592,restriccion
575,593,restriccion
575,602,restriccion
575,611,restriccion
575,620,restriccion
575,629,restriccion
575,638,restriccion
575,647,restriccion
576,577,restriccion
576,578,restriccion
576,579,restriccion
576,580,restriccion
576,581,restriccion
576,582,restriccion
576,583,restriccion
576,584,restriccion
576,585,restriccion
576,586,restriccion
576,587,restriccion
576,594,restriccion
576,603,restriccion
576,612,restriccion
576,621,restriccion
576,630,restriccion
576,639,restriccion
577,578,restriccion
577,579,restriccion
577,580,restriccion
577,581,restriccion
577,582,restriccion
577,583,restriccion
577,584,restriccion
577,585,restriccion
577,586,restriccion
577,587,restriccion
577,595,restriccion
577,604,restriccion
577,613,restriccion
577,622,restriccion
577,631,restriccion
577,640,restriccion
578,579,restriccion
578,580,restriccion
578,581,restriccion
578,582,restriccion
578,583,restriccion
578,584,restriccion
578,585,restriccion
578,586,restriccion
578,587,restriccion
578,596,restriccion
578,605,restriccion
578,614,restriccion
578,623,restriccion
578,632,restriccion
578,641,restriccion
579,580,restriccion
579,581,restriccion
579,582,restriccion
579,583,restriccion
579,584,restriccion
579,588,restriccion
579,589,restriccion
579,590,restriccion
579,597,restriccion
579,606,restriccion
579,615,restriccion
579,624,restriccion
579,633,restriccion
579,642,restriccion
580,581,restriccion
580,582,restriccion
580,583,restriccion
580,584,restriccion
580,588,restriccion
580,589,restriccion
580,590,restriccion
580,598,restriccion
580,607,restriccion
580,616,restriccion
580,625,restriccion
580,634,restriccion
580,643,restriccion
581,582,restriccion
581,583,restriccion
581,584,restriccion
581,588,restriccion
581,589,restriccion
581,590,restriccion
581,599,restriccion
581,608,restriccion
581,617,restriccion
581,626,restriccion
581,635,restriccion
581,644,restriccion
582,583,restriccion
582,584,restriccion
582,591,restriccion
582,592,restriccion
582,593,restriccion
582,600,restriccion
582,609,restriccion
582,618,restriccion
582,627,restriccion
582,636,restriccion
582,645,restriccion
583,584,restriccion
583,591,restriccion
583,592,restriccion
583,593,restriccion
583,601,restriccion
583,610,restriccion
583,619,restriccion
583,628,restriccion
583,637,restriccion
583,646,restriccion
584,591,restriccion
584,592,restriccion
584,593,restriccion
584,602,restriccion
584,611,restriccion
584,620,restriccion
584,629,restriccion
584,638,restriccion
584,647,restriccion
585,586,restriccion
585,587,restriccion
585,588,restriccion
585,589,restriccion
585,590,restriccion
585,591,restriccion
585,592,restriccion
585,593,restriccion
585,594,restriccion
585,603,restriccion
585,612,restriccion
585,621,restriccion
585,630,restriccion
585,639,restriccion
586,587,restriccion
586,588,restriccion
586,589,restriccion
586,590,restriccion
586,591,restriccion
586,592,restriccion
586,593,restriccion
586,595,restriccion
586,604,restriccion
586,613,restriccion
586,622,restriccion
586,631,restriccion
586,640,restriccion
587,588,restriccion
587,589,restriccion
587,590,restriccion
587,591,restriccion
587,592,restriccion
587,593,restriccion
587,596,restriccion
587,605,restriccion
587,614,restriccion
587,623,restriccion
587,632,restriccion
587,641,restriccion
588,589,restriccion
588,590,restriccion
588,591,restriccion
588,592,restriccion
588,593,restriccion
588,597,restriccion
588,606,restriccion
588,615,restriccion
588,624,restriccion
588,633,restriccion
588,642,restriccion
589,590,restriccion
589,591,restriccion
589,592,restriccion
589,593,restriccion
589,598,restriccion
589,607,restriccion
589,616,restriccion
589,625,restriccion
589,634,restriccion
589,643,restriccion
590,591,restriccion
590,592,restriccion
590,593,restriccion
590,599,restriccion
590,608,restriccion
590,617,restriccion
590,626,restriccion
590,635,restriccion
590,644,restriccion
591,592,restriccion
591,593,restriccion
591,600,restriccion
591,609,restriccion
591,618,restriccion
591,627,restriccion
591,636,restriccion
591,645,restriccion
592,593,restriccion
592,601,restriccion
592,610,restriccion
592,619,restriccion
592,628,restriccion
592,637,restriccion
592,646,restriccion
593,602,restriccion
593,611,restriccion
593,620,restriccion
593,629,restriccion
593,638,restriccion
593,647,restriccion
594,595,restriccion
594,596,restriccion
594,597,restriccion
594,598,restriccion
594,599,restriccion
594,600,restriccion
594,601,restriccion
594,602,restriccion
594,603,restriccion
594,604,restriccion
594,605,restriccion
594,612,restriccion
594,613,restriccion
594,614,restriccion
594,621,restriccion
594,630,restriccion
594,639,restriccion
595,596,restriccion
595,597,restriccion
595,598,restriccion
595,599,restriccion
595,600,restriccion
595,601,restriccion
595,602,restriccion
595,603,restriccion
595,604,restriccion
595,605,restriccion
595,612,restriccion
595,613,restriccion
595,614,restriccion
595,622,restriccion
595,631,restriccion
595,640,restriccion
596,597,restriccion
596,598,restriccion
596,599,restriccion
596,600,restriccion
596,601,restriccion
596,602,restriccion
596,603,restriccion
596,604,restriccion
596,605,restriccion
596,612,restriccion
596,613,restriccion
596,614,restriccion
596,623,restriccion
596,632,restriccion
596,641,restriccion
597,598,restriccion
597,599,restriccion
597,600,restriccion
597,601,restriccion
597,602,restriccion
597,606,restriccion
597,607,restriccion
597,608,restriccion
597,615,restriccion
597,616,restriccion
597,617,restriccion
597,624,restriccion
597,633,restriccion
597,642,restriccion
598,599,restriccion
598,600,restriccion
598,601,restriccion
598,602,restriccion
598,606,restriccion
598,607,restriccion
598,608,restriccion
598,615,restriccion
598,616,restriccion
598,617,restriccion
598,625,restriccion
598,634,restriccion
598,643,restriccion
599,600,restriccion
599,601,restriccion
599,602,restriccion
599,606,restriccion
599,607,restriccion
599,608,restriccion
599,615,restriccion
599,616,restriccion
599,617,restriccion
599,626,restriccion
599,635,restriccion
599,644,restriccion
600,601,restriccion
600,602,restriccion
600,609,restriccion
600,610,restriccion
600,611,restriccion
600,618,restriccion
600,619,restriccion
600,620,restriccion
600,627,restriccion
600,636,restriccion
600,645,restriccion
601,602,restriccion
601,609,restriccion
601,610,restriccion
601,611,restriccion
601,618,restriccion
601,619,restriccion
601,620,restriccion
601,628,restriccion
601,637,restriccion
601,646,restriccion
602,609,restriccion
602,610,restriccion
602,611,restriccion
602,618,restriccion
602,619,restriccion
602,620,restriccion
602,629,restriccion
602,638,restriccion
602,647,restriccion
603,604,restriccion
603,605,restriccion
603,606,restriccion
603,607,restriccion
603,608,restriccion
603,609,restriccion
603,610,restriccion
603,611,restriccion
603,612,restriccion
603,613,restriccion
603,614,restriccion
603,621,restriccion
603,630,restriccion
603,639,restriccion
604,605,restriccion
604,606,restriccion
604,607,restriccion
604,608,restriccion
604,609,restriccion
604,610,restriccion
604,611,restriccion
604,612,restriccion
604,613,restriccion
604,614,restriccion
604,622,restriccion
604,631,restriccion
604,640,restriccion
605,606,restriccion
605,607,restriccion
605,608,restriccion
605,609,restriccion
605,610,restriccion
605,611,restriccion
605,612,restriccion
605,613,restriccion
605,614,restriccion
605,623,restriccion
605,632,restriccion
605,641,restriccion
606,607,restriccion
606,608,restriccion
606,609,restriccion
606,610,restriccion
606,611,restriccion
606,615,restriccion
606,616,restriccion
606,617,restriccion
606,624,restriccion
606,633,restriccion
606,642,restriccion
607,608,restriccion
607,609,restriccion
607,610,restriccion
607,611,restriccion
607,615,restriccion
607,616,restriccion
607,617,restriccion
607,625,restriccion
607,634,restriccion
607,643,restriccion
608,609,restriccion
608,610,restriccion
608,611,restriccion
608,615,restriccion
608,616,restriccion
608,617,restriccion
608,626,restriccion
608,635,restriccion
608,644,restriccion
609,610,restriccion
609,611,restriccion
609,618,restriccion
609,619,restriccion
609,620,restriccion
609,627,restriccion
609,636,restriccion
609,645,restriccion
610,611,restriccion
610,618,restriccion
610,619,restriccion
610,620,restriccion
610,628,restriccion
610,637,restriccion
610,646,restriccion
611,618,restriccion
611,619,restriccion
611,620,restriccion
611,629,restriccion
611,638,restriccion
611,647,restriccion
612,613,restriccion
612,614,restriccion
612,615,restriccion
612,616,restriccion
612,617,restriccion
612,618,restriccion
612,619,restriccion
612,620,restriccion
612,621,restriccion
612,630,restriccion
612,639,restriccion
613,614,restriccion
613,615,restriccion
613,616,restriccion
613,617,restriccion
613,618,restriccion
613,619,restriccion
613,620,restriccion
613,622,restriccion
613,631,restriccion
613,640,restriccion
614,615,restriccion
614,616,restriccion
614,617,restriccion
614,618,restriccion
614,619,restriccion
614,620,restriccion
614,623,restriccion
614,632,restriccion
614,641,restriccion
615,616,restriccion
615,617,restriccion
615,618,restriccion
615,619,restriccion
615,620,restriccion
615,624,restriccion
615,633,restriccion
615,642,restriccion
616,617,restriccion
616,618,restriccion
616,619,restriccion
616,620,restriccion
616,625,restriccion
616,634,restriccion
616,643,restriccion
617,618,restriccion
617,619,restriccion
617,620,restriccion
617,626,restriccion
617,635,restriccion
617,644,restriccion
618,619,restriccion
618,620,restriccion
618,627,restriccion
618,636,restriccion
618,645,restriccion
619,620,restriccion
619,628,restriccion
619,637,restriccion
619,646,restriccion
620,629,restriccion
620,638,restriccion
620,647,restriccion
621,622,restriccion
621,623,restriccion
621,624,restriccion
621,625,restriccion
621,626,restriccion
621,627,restriccion
621,628,restriccion
621,629,restriccion
621,630,restriccion
621,631,restriccion
621,632,restriccion
621,639,restriccion
621,640,restriccion
621,641,restriccion
622,623,restriccion
622,624,restriccion
622,625,restriccion
622,626,restriccion
622,627,restriccion
622,628,restriccion
622,629,restriccion
622,630,restriccion
622,631,restriccion
622,632,restriccion
622,639,restriccion
622,640,restriccion
622,641,restriccion
623,624,restriccion
623,625,restriccion
623,626,restriccion
623,627,restriccion
623,628,restriccion
623,629,restriccion
623,630,restriccion
623,631,restriccion
623,632,restriccion
623,639,restriccion
623,640,restriccion
623,641,restriccion
624,625,restriccion
624,626,restriccion
624,627,restriccion
624,628,restriccion
624,629,restriccion
624,633,restriccion
624,634,restriccion
624,635,restriccion
624,642,restriccion
624,643,restriccion
624,644,restriccion
625,626,restriccion
625,627,restriccion
625,628,restriccion
625,629,restriccion
625,633,restriccion
625,634,restriccion
625,635,restriccion
625,642,restriccion
625,643,restriccion
625,644,restriccion
626,627,restriccion
626,628,restriccion
626,629,restriccion
626,633,restriccion
626,634,restriccion
626,635,restriccion
626,642,restriccion
626,643,restriccion
626,644,restriccion
627,628,restriccion
627,629,restriccion
627,636,restriccion
627,637,restriccion
627,638,restriccion
627,645,restriccion
627,646,restriccion
627,647,restriccion
628,629,restriccion
628,636,restriccion
628,637,restriccion
628,638,restriccion
628,645,restriccion
628,646,restriccion
628,647,restriccion
629,636,restriccion
629,637,restriccion
629,638,restriccion
629,645,restriccion
629,646,restriccion
629,647,restriccion
630,631,restriccion
630,632,restriccion
630,633,restriccion
630,634,restriccion
630,635,restriccion
630,636,restriccion
630,637,restriccion
630,638,restriccion
630,639,restriccion
630,640,restriccion
630,641,restriccion
631,632,restriccion
631,633,restriccion
631,634,restriccion
631,635,restriccion
631,636,restriccion
631,637,restriccion
631,638,restriccion
631,639,restriccion
631,640,restriccion
631,641,restriccion
632,633,restriccion
632,634,restriccion
632,635,restriccion
632,636,restriccion
632,637,restriccion
632,638,restriccion
632,639,restriccion
632,640,restriccion
632,641,restriccion
633,634,restriccion
633,635,restriccion
633,636,restriccion
633,637,restriccion
633,638,restriccion
633,642,restriccion
633,643,restriccion
633,644,restriccion
634,635,restriccion
634,636,restriccion
634,637,restriccion
634,638,restriccion
634,642,restriccion
634,643,restriccion
634,644,restriccion
635,636,restriccion
635,637,restriccion
635,638,restriccion
635,642,restriccion
635,643,restriccion
635,644,restriccion
636,637,restriccion
636,638,restriccion
636,645,restriccion
636,646,restriccion
636,647,restriccion
637,638,restriccion
637,645,restriccion
637,646,restriccion
637,647,restriccion
638,645,restriccion
638,646,restriccion
638,647,restriccion
639,640,restriccion
639,641,restriccion
639,642,restriccion
639,643,restriccion
639,644,restriccion
639,645,restriccion
639,646,restriccion
639,647,restriccion
640,641,restriccion
640,642,restriccion
640,643,restriccion
640,644,restriccion
640,645,restriccion
640,646,restriccion
640,647,restriccion
641,642,restriccion
641,643,restriccion
641,644,restriccion
641,645,restriccion
641,646,restriccion
641,647,restriccion
642,643,restriccion
642,644,restriccion
642,645,restriccion
642,646,restriccion
642,647,restriccion
643,644,restriccion
643,645,restriccion
643,646,restriccion
643,647,restriccion
644,645,restriccion
644,646,restriccion
644,647,restriccion
645,646,restriccion
645,647,restriccion
646,647,restriccion
648,649,restriccion
648,650,restriccion
648,651,restriccion
648,652,restriccion
648,653,restriccion
648,654,restriccion
648,655,restriccion
648,656,restriccion
648,657,restriccion
648,658,restriccion
648,659,restriccion
648,666,restriccion
648,667,restriccion
648,668,restriccion
648,675,restriccion
648,684,restriccion
648,693,restriccion
648,702,restriccion
648,711,restriccion
648,720,restriccion
649,650,restriccion
649,651,restriccion
649,652,restriccion
649,653,restriccion
649,654,restriccion
649,655,restriccion
649,656,restriccion
649,657,restriccion
649,658,restriccion
649,659,restriccion
649,666,restriccion
649,667,restriccion
649,668,restriccion
649,676,restriccion
649,685,restriccion
649,694,restriccion
649,703,restriccion
649,712,restriccion
649,721,restriccion
650,651,restriccion
650,652,restriccion
650,653,restriccion
650,654,restriccion
650,655,restriccion
650,656,restriccion
650,657,restriccion
650,658,restriccion
650,659,restriccion
650,666,restriccion
650,667,restriccion
650,668,restriccion
650,677,restriccion
650,686,restriccion
650,695,restriccion
650,704,restriccion
650,713,restriccion
650,722,restriccion
651,652,restriccion
651,653,restriccion
651,654,restriccion
651,655,restriccion
651,656,restriccion
651,660,restriccion
651,661,restriccion
651,662,restriccion
651,669,restriccion
651,670,restriccion
651,671,restriccion
651,678,restriccion
651,687,restriccion
651,696,restriccion
651,705,restriccion
651,714,restriccion
651,723,restriccion
652,653,restriccion
652,654,restriccion
652,655,restriccion
652,656,restriccion
652,660,restriccion
652,661,restriccion
652,662,restriccion
652,669,restriccion
652,670,restriccion
652,671,restriccion
652,679,restriccion
652,688,restriccion
652,697,restriccion
652,706,restriccion
652,715,restriccion
652,724,restriccion
653,654,restriccion
653,655,restriccion
653,656,restriccion
653,660,restriccion
653,661,restriccion
653,662,restriccion
653,669,restriccion
653,670,restriccion
653,671,restriccion
653,680,restriccion
653,689,restriccion
653,698,restriccion
653,707,restriccion
653,716,restriccion
653,725,restriccion
654,655,restriccion
654,656,restriccion
654,663,restriccion
654,664,restriccion
654,665,restriccion
654,672,restriccion
654,673,restriccion
654,674,restriccion
654,681,restriccion
654,690,restriccion
654,699,restriccion
654,708,restriccion
654,717,restriccion
654,726,restriccion
655,656,restriccion
655,663,restriccion
655,664,restriccion
655,665,restriccion
655,672,restriccion
655,673,restriccion
655,674,restriccion
655,682,restriccion
655,691,restriccion
655,700,restriccion
655,709,restriccion
655,718,restriccion
655,727,restriccion
656,663,restriccion
656,664,restriccion
656,665,restriccion
656,672,restriccion
656,673,restriccion
656,674,restriccion
656,683,restriccion
656,692,restriccion
656,701,restriccion
656,710,restriccion
656,719,restriccion
656,728,restriccion
657,658,restriccion
657,659,restriccion
657,660,restriccion
657,661,restriccion
657,662,restriccion
657,663,restriccion
657,664,restriccion
657,665,restriccion
657,666,restriccion
657,667,restriccion
657,668,restriccion
657,675,restriccion
657,684,restriccion
657,693,restriccion
657,702,restriccion
657,711,restriccion
657,720,restriccion
658,659,restriccion
658,660,restriccion
658,661,restriccion
658,662,restriccion
658,663,restriccion
658,664,restriccion
658,665,restriccion
658,666,restriccion
658,667,restriccion
658,668,restriccion
658,676,restriccion
658,685,restriccion
658,694,restriccion
658,703,restriccion
658,712,restriccion
658,721,restriccion
659,660,restriccion
659,661,restriccion
659,662,restriccion
659,663,restriccion
659,664,restriccion
659,665,restriccion
659,666,restriccion
659,667,restriccion
659,668,restriccion
659,677,restriccion
659,686,restriccion
659,695,restriccion
659,704,restriccion
659,713,restriccion
659,722,restriccion
660,661,restriccion
660,662,restriccion
660,663,restriccion
660,664,restriccion
660,665,restriccion
660,669,restriccion
660,670,restriccion
660,671,restriccion
660,678,restriccion
660,687,restriccion
660,696,restriccion
660,705,restriccion
660,714,restriccion
660,723,restriccion
661,662,restriccion
661,663,restriccion
661,664,restriccion
661,665,restriccion
661,669,restriccion
661,670,restriccion
661,671,restriccion
661,679,restriccion
661,688,restriccion
661,697,restriccion
661,706,restriccion
661,715,restriccion
661,724,restriccion
662,663,restriccion
662,664,restriccion
662,665,restriccion
662,669,restriccion
662,670,restriccion
662,671,restriccion
662,680,restriccion
662,689,restriccion
662,698,restriccion
662,707,restriccion
662,716,restriccion
662,725,restriccion
663,664,restriccion
663,665,restriccion
663,672,restriccion
663,673,restriccion
663,674,restriccion
663,681,restriccion
663,690,restriccion
663,699,restriccion
663,708,restriccion
663,717,restriccion
663,726,restriccion
664,665,restriccion
664,672,restriccion
664,673,restriccion
664,674,restriccion
664,682,restriccion
664,691,restriccion
664,700,restriccion
664,709,restriccion
664,718,restriccion
664,727,restriccion
665,672,restriccion
665,673,restriccion
665,674,restriccion
665,683,restriccion
665,692,restriccion
665,701,restriccion
665,710,restriccion
665,719,restriccion
665,728,restriccion
666,667,restriccion
666,668,restriccion
666,669,restriccion
666,670,restriccion
666,671,restriccion
666,672,restriccion
666,673,restriccion
666,674,restriccion
666,675,restriccion
666,684,restriccion
666,693,restriccion
666,702,restriccion
666,711,restriccion
666,720,restriccion
667,668,restriccion
667,669,restriccion
667,670,restriccion
667,671,restriccion
667,672,restriccion
667,673,restriccion
667,674,restriccion
667,676,restriccion
667,685,restriccion
667,694,restriccion
667,703,restriccion
667,712,restriccion
667,721,restriccion
668,669,restriccion
668,670,restriccion
668,671,restriccion
668,672,restriccion
668,673,restriccion
668,674,restriccion
668,677,restriccion
668,686,restriccion
668,695,restriccion
668,704,restriccion
668,713,restriccion
668,722,restriccion
669,670,restriccion
669,671,restriccion
669,672,restriccion
669,673,restriccion
669,674,restriccion
669,678,restriccion
669,687,restriccion
669,696,restriccion
669,705,restriccion
669,714,restriccion
669,723,restriccion
670,671,restriccion
670,672,restriccion
670,673,restriccion
670,674,restriccion
670,679,restriccion
670,688,restriccion
670,697,restriccion
670,706,restriccion
670,715,restriccion
670,724,restriccion
671,672,restriccion
671,673,restriccion
671,674,restriccion
671,680,restriccion
671,689,restriccion
671,698,restriccion
671,707,restriccion
671,716,restriccion
671,725,restriccion
672,673,restriccion
672,674,restriccion
672,681,restriccion
672,690,restriccion
672,699,restriccion
672,708,restriccion
672,717,restriccion
672,726,restriccion
673,674,restriccion
673,682,restriccion
673,691,restriccion
673,700,restriccion
673,709,restriccion
673,718,restriccion
673,727,restriccion
674,683,restriccion
674,692,restriccion
674,701,restriccion
674,710,restriccion
674,719,restriccion
674,728,restriccion
675,676,restriccion
675,677,restriccion
675,678,restriccion
675,679,restriccion
675,680,restriccion
675,681,restriccion
675,682,restriccion
675,683,restriccion
675,684,restriccion
675,685,restriccion
675,686,restriccion
675,693,restriccion
675,694,restriccion
675,695,restriccion
675,702,restriccion
675,711,restriccion
675,720,restriccion
676,677,restriccion
676,678,restriccion
676,679,restriccion
676,680,restriccion
676,681,restriccion
676,682,restriccion
676,683,restriccion
676,684,restriccion
676,685,restriccion
676,686,restriccion
676,693,restriccion
676,694,restriccion
676,695,restriccion
676,703,restriccion
676,712,restriccion
676,721,restriccion
677,678,restriccion
677,679,restriccion
677,680,restriccion
677,681,restriccion
677,682,restriccion
677,683,restriccion
677,684,restriccion
677,685,restriccion
677,686,restriccion
677,693,restriccion
677,694,restriccion
677,695,restriccion
677,704,restriccion
677,713,restriccion
677,722,restriccion
678,679,restriccion
678,680,restriccion
678,681,restriccion
678,682,restriccion
678,683,restriccion
678,687,restriccion
678,688,restriccion
678,689,restriccion
678,696,restriccion
678,697,restriccion
678,698,restriccion
678,705,restriccion
678,714,restriccion
678,723,restriccion
679,680,restriccion
679,681,restriccion
679,682,restriccion
679,683,restriccion
679,687,restriccion
679,688,restriccion
679,689,restriccion
679,696,restriccion
679,697,restriccion
679,698,restriccion
679,706,restriccion
679,715,restriccion
679,724,restriccion
680,681,restriccion
680,682,restriccion
680,683,restriccion
680,687,restriccion
680,688,restriccion
680,689,restriccion
680,696,restriccion
680,697,restriccion
680,698,restriccion
680,707,restriccion
680,716,restriccion
680,725,restriccion
681,682,restriccion
681,683,restriccion
681,690,restriccion
681,691,restriccion
681,692,restriccion
681,699,restriccion
681,700,restriccion
681,701,restriccion
681,708,restriccion
681,717,restriccion
681,726,restriccion
682,683,restriccion
682,690,restriccion
682,691,restriccion
682,692,restriccion
682,699,restriccion
682,700,restriccion
682,701,restriccion
682,709,restriccion
682,718,restriccion
682,727,restriccion
683,690,restriccion
683,691,restriccion
683,692,restriccion
683,699,restriccion
683,700,restriccion
683,701,restriccion
683,710,restriccion
683,719,restriccion
683,728,restriccion
684,685,restriccion
684,686,restriccion
684,687,restriccion
684,688,restriccion
684,689,restriccion
684,690,restriccion
684,691,restriccion
684,692,restriccion
684,693,restriccion
684,694,restriccion
684,695,restriccion
684,702,restriccion
684,711,restriccion
684,720,restriccion
685,686,restriccion
685,687,restriccion
685,688,restriccion
685,689,restriccion
685,690,restriccion
685,691,restriccion
685,692,restriccion
685,693,restriccion
685,694,restriccion
685,695,restriccion
685,703,restriccion
685,712,restriccion
685,721,restriccion
686,687,restriccion
686,688,restriccion
686,689,restriccion
686,690,restriccion
686,691,restriccion
686,692,restriccion
686,693,restriccion
686,694,restriccion
686,695,restriccion
686,704,restriccion
686,713,restriccion
686,722,restriccion
687,688,restriccion
687,689,restriccion
687,690,restriccion
687,691,restriccion
687,692,restriccion
687,696,restriccion
687,697,restriccion
687,698,restriccion
687,705,restriccion
687,714,restriccion
687,723,restriccion
688,689,restriccion
688,690,restriccion
688,691,restriccion
688,692,restriccion
688,696,restriccion
688,697,restriccion
688,698,restriccion
688,706,restriccion
688,715,restriccion
688,724,restriccion
689,690,restriccion
689,691,restriccion
689,692,restriccion
689,696,restriccion
689,697,restriccion
689,698,restriccion
689,707,restriccion
689,716,restriccion
689,725,restriccion
690,691,restriccion
690,692,restriccion
690,699,restriccion
690,700,restriccion
690,701,restriccion
690,708,restriccion
690,717,restriccion
690,726,restriccion
691,692,restriccion
691,699,restriccion
691,700,restriccion
691,701,restriccion
691,709,restriccion
691,718,restriccion
691,727,restriccion
692,699,restriccion
692,700,restriccion
692,701,restriccion
692,710,restriccion
692,719,restriccion
692,728,restriccion
693,694,restriccion
693,695,restriccion
693,696,restriccion
693,697,restriccion
693,698,restriccion
693,699,restriccion
693,700,restriccion
693,701,restriccion
693,702,restriccion
693,711,restriccion
693,720,restriccion
694,695,restriccion
694,696,restriccion
694,697,restriccion
694,698,restriccion
694,699,restriccion
694,700,restriccion
694,701,restriccion
694,703,restriccion
694,712,restriccion
694,721,restriccion
695,696,restriccion
695,697,restriccion
695,698,restriccion
695,699,restriccion
695,700,restriccion
695,701,restriccion
695,704,restriccion
695,713,restriccion
695,722,restriccion
696,697,restriccion
696,698,restriccion
696,699,restriccion
696,700,restriccion
696,701,restriccion
696,705,restriccion
696,714,restriccion
696,723,restriccion
697,698,restriccion
697,699,restriccion
697,700,restriccion
697,701,restriccion
697,706,restriccion
697,715,restriccion
697,724,restriccion
698,699,restriccion
698,700,restriccion
698,701,restriccion
698,707,restriccion
698,716,restriccion
698,725,restriccion
699,700,restriccion
699,701,restriccion
699,708,restriccion
699,717,restriccion
699,726,restriccion
700,701,restriccion
700,709,restriccion
700,718,restriccion
700,727,restriccion
701,710,restriccion
701,719,restriccion
701,728,restriccion
702,703,restriccion
702,704,restriccion
702,705,restriccion
702,706,restriccion
702,707,restriccion
702,708,restriccion
702,709,restriccion
702,710,restriccion
702,711,restriccion
702,712,restriccion
702,713,restriccion
702,720,restriccion
702,721,restriccion
702,722,restriccion
703,704,restriccion
703,705,restriccion
703,706,restriccion
703,707,restriccion
703,708,restriccion
703,709,restriccion
703,710,restriccion
703,711,restriccion
703,712,restriccion
703,713,restriccion
703,720,restriccion
703,721,restriccion
703,722,restriccion
704,705,restriccion
704,706,restriccion
704,707,restriccion
704,708,restriccion
704,709,restriccion
704,710,restriccion
704,711,restriccion
704,712,restriccion
704,713,restriccion
704,720,restriccion
704,721,restriccion
704,722,restriccion
705,706,restriccion
705,707,restriccion
705,708,restriccion
705,709,restriccion
705,710,restriccion
705,714,restriccion
705,715,restriccion
705,716,restriccion
705,723,restriccion
705,724,restriccion
705,725,restriccion
706,707,restriccion
706,708,restriccion
706,709,restriccion
706,710,restriccion
706,714,restriccion
706,715,restriccion
706,716,restriccion
706,723,restriccion
706,724,restriccion
706,725,restriccion
707,708,restriccion
707,709,restriccion
707,710,restriccion
707,714,restriccion
707,715,restriccion
707,716,restriccion
707,723,restriccion
707,724,restriccion
707,725,restriccion
708,709,restriccion
708,710,restriccion
708,717,restriccion
708,718,restriccion
708,719,restriccion
708,726,restriccion
708,727,restriccion
708,728,restriccion
709,710,restriccion
709,717,restriccion
709,718,restriccion
709,719,restriccion
709,726,restriccion
709,727,restriccion
709,728,restriccion
710,717,restriccion
710,718,restriccion
710,719,restriccion
710,726,restriccion
710,727,restriccion
710,728,restriccion
711,712,restriccion
711,713,restriccion
711,714,restriccion
711,715,restriccion
711,716,restriccion
711,717,restriccion
711,718,restriccion
711,719,restriccion
711,720,restriccion
711,721,restriccion
711,722,restriccion
712,713,restriccion
712,714,restriccion
712,715,restriccion
712,716,restriccion
712,717,restriccion
712,718,restriccion
712,719,restriccion
712,720,restriccion
712,721,restriccion
712,722,restriccion
713,714,restriccion
713,715,restriccion
713,716,restriccion
713,717,restriccion
713,718,restriccion
713,719,restriccion
713,720,restriccion
713,721,restriccion
713,722,restriccion
714,715,restriccion
714,716,restriccion
714,717,restriccion
714,718,restriccion
714,719,restriccion
714,723,restriccion
714,724,restriccion
714,725,restriccion
715,716,restriccion
715,717,restriccion
715,718,restriccion
715,719,restriccion
715,723,restriccion
715,724,restriccion
715,725,restriccion
716,717,restriccion
716,718,restriccion
716,719,restriccion
716,723,restriccion
716,724,restriccion
716,725,restriccion
717,718,restriccion
717,719,restriccion
717,726,restriccion
717,727,restriccion
717,728,restriccion
718,719,restriccion
718,726,restriccion
718,727,restriccion
718,728,restriccion
719,726,restriccion
719,727,restriccion
719,728,restriccion
720,721,restriccion
720,722,restriccion
720,723,restriccion
720,724,restriccion
720,725,restriccion
720,726,restriccion
720,727,restriccion
720,728,restriccion
721,722,restriccion
721,723,restriccion
721,724,restriccion
721,725,restriccion
721,726,restriccion
721,727,restriccion
721,728,restriccion
722,723,restriccion
722,724,restriccion
722,725,restriccion
722,726,restriccion
722,727,restriccion
722,728,restriccion
723,724,restriccion
723,725,restriccion
723,726,restriccion
723,727,restriccion
723,728,restriccion
724,725,restriccion
724,726,restriccion
724,727,restriccion
724,728,restriccion
725,726,restriccion
725,727,restriccion
725,728,restriccion
726,727,restriccion
726,728,restriccion
727,728,restriccion
729,730,restriccion
729,731,restriccion
729,732,restriccion
729,733,restriccion
729,734,restriccion
729,735,restriccion
729,736,restriccion
729,737,restriccion
729,738,restriccion
729,739,restriccion
729,740,restriccion
729,747,restriccion
729,748,restriccion
729,749,restriccion
729,756,restriccion
729,765,restriccion
729,774,restriccion
729,783,restriccion
729,792,restriccion
729,801,restriccion
730,731,restriccion
730,732,restriccion
730,733,restriccion
730,734,restriccion
730,735,restriccion
730,736,restriccion
730,737,restriccion
730,738,restriccion
730,739,restriccion
730,740,restriccion
730,747,restriccion
730,748,restriccion
730,749,restriccion
730,757,restriccion
730,766,restriccion
730,775,restriccion
730,784,restriccion
730,793,restriccion
730,802,restriccion
731,732,restriccion
731,733,restriccion
731,734,restriccion
731,735,restriccion
731,736,restriccion
731,737,restriccion
731,738,restriccion
731,739,restriccion
731,740,restriccion
731,747,restriccion
731,748,restriccion
731,749,restriccion
731,758,restriccion
731,767,restriccion
731,776,restriccion
731,785,restriccion
731,794,restriccion
731,803,restriccion
732,733,restriccion
732,734,restriccion
732,735,restriccion
732,736,restriccion
732,737,restriccion
732,741,restriccion
732,742,restriccion
732,743,restriccion
732,750,restriccion
732,751,restriccion
732,752,restriccion
732,759,restriccion
732,768,restriccion
732,777,restriccion
732,786,restriccion
732,795,restriccion
732,804,restriccion
733,734,restriccion
733,735,restriccion
733,736,restriccion
733,737,restriccion
733,741,restriccion
733,742,restriccion
733,743,restriccion
733,750,restriccion
733,751,restriccion
733,752,restriccion
733,760,restriccion
733,769,restriccion
733,778,restriccion
733,787,restriccion
733,796,restriccion
733,805,restriccion
734,735,restriccion
734,736,restriccion
734,737,restriccion
734,741,restriccion
734,742,restriccion
734,743,restriccion
734,750,restriccion
734,751,restriccion
734,752,restriccion
734,761,restriccion
734,770,restriccion
734,779,restriccion
734,788,restriccion
734,797,restriccion
734,806,restriccion
735,736,restriccion
735,737,restriccion
735,744,restriccion
735,745,restriccion
735,746,restriccion
735,753,restriccion
735,754,restriccion
735,755,restriccion
735,762,restriccion
735,771,restriccion
735,780,restriccion
735,789,restriccion
735,798,restriccion
735,807,restriccion
736,737,restriccion
736,744,restriccion
736,745,restriccion
736,746,restriccion
736,753,restriccion
736,754,restriccion
736,755,restriccion
736,763,restriccion
736,772,restriccion
736,781,restriccion
736,790,restriccion
736,799,restriccion
736,808,restriccion
737,744,restriccion
737,745,restriccion
737,746,restriccion
737,753,restriccion
737,754,restriccion
737,755,restriccion
737,764,restriccion
737,773,restriccion
737,782,restriccion
737,791,restriccion
737,800,restriccion
737,809,restriccion
738,739,restriccion
738,740,restriccion
738,741,restriccion
738,742,restriccion
738,743,restriccion
738,744,restriccion
738,745,restriccion
738,746,restriccion
738,747,restriccion
738,748,restriccion
738,749,restriccion
738,756,restriccion
738,765,restriccion
738,774,restriccion
738,783,restriccion
738,792,restriccion
738,801,restriccion
739,740,restriccion
739,741,restriccion
739,742,restriccion
739,743,restriccion
739,744,restriccion
739,745,restriccion
739,746,restriccion
739,747,restriccion
739,748,restriccion
739,749,restriccion
739,757,restriccion
739,766,restriccion
739,775,restriccion
739,784,restriccion
739,793,restriccion
739,802,restriccion
740,741,restriccion
740,742,restriccion
740,743,restriccion
740,744,restriccion
740,745,restriccion
740,746,restriccion
740,747,restriccion
740,748,restriccion
740,749,restriccion
740,758,restriccion
740,767,restriccion
740,776,restriccion
740,785,restriccion
740,794,restriccion
740,803,restriccion
741,742,restriccion
741,743,restriccion
741,744,restriccion
741,745,restriccion
741,746,restriccion
741,750,restriccion
741,751,restriccion
741,752,restriccion
741,759,restriccion
741,768,restriccion
741,777,restriccion
741,786,restriccion
741,795,restriccion
741,804,restriccion
742,743,restriccion
742,744,restriccion
742,745,restriccion
742,746,restriccion
742,750,restriccion
742,751,restriccion
742,752,restriccion
742,760,restriccion
742,769,restriccion
742,778,restriccion
742,787,restriccion
742,796,restriccion
742,805,restriccion
743,744,restriccion
743,745,restriccion
743,746,restriccion
743,750,restriccion
743,751,restriccion
743,752,restriccion
743,761,restriccion
743,770,restriccion
743,779,restriccion
743,788,restriccion
743,797,restriccion
743,806,restriccion
744,745,restriccion
744,746,restriccion
744,753,restriccion
744,754,restriccion
744,755,restriccion
744,762,restriccion
744,771,restriccion
744,780,restriccion
744,789,restriccion
744,798,restriccion
744,807,restriccion
745,746,restriccion
745,753,restriccion
745,754,restriccion
745,755,restriccion
745,763,restriccion
745,772,restriccion
745,781,restriccion
745,790,restriccion
745,799,restriccion
745,808,restriccion
746,753,restriccion
746,754,restriccion
746,755,restriccion
746,764,restriccion
746,773,restriccion
746,782,restriccion
746,791,restriccion
746,800,restriccion
746,809,restriccion
747,748,restriccion
747,749,restriccion
747,750,restriccion
747,751,restriccion
747,752,restriccion
747,753,restriccion
747,754,restriccion
747,755,restriccion
747,756,restriccion
747,765,restriccion
747,774,restriccion
747,783,restriccion
747,792,restriccion
747,801,restriccion
748,749,restriccion
748,750,restriccion
748,751,restriccion
748,752,restriccion
748,753,restriccion
748,754,restriccion
748,755,restriccion
748,757,restriccion
748,766,restriccion
748,775,restriccion
748,784,restriccion
748,793,restriccion
748,802,restriccion
749,750,restriccion
749,751,restriccion
749,752,restriccion
749,753,restriccion
749,754,restriccion
749,755,restriccion
749,758,restriccion
749,767,restriccion
749,776,restriccion
749,785,restriccion
749,794,restriccion
749,803,restriccion
750,751,restriccion
750,752,restriccion
750,753,restriccion
750,754,restriccion
750,755,restriccion
750,759,restriccion
750,768,restriccion
750,777,restriccion
750,786,restriccion
750,795,restriccion
750,804,restriccion
751,752,restriccion
751,753,restriccion
751,754,restriccion
751,755,restriccion
751,760,restriccion
751,769,restriccion
751,778,restriccion
751,787,restriccion
751,796,restriccion
751,805,restriccion
752,753,restriccion
752,754,restriccion
752,755,restriccion
752,761,restriccion
752,770,restriccion
752,779,restriccion
752,788,restriccion
752,797,restriccion
752,806,restriccion
753,754,restriccion
753,755,restriccion
753,762,restriccion
753,771,restriccion
753,780,restriccion
753,789,restriccion
753,798,restriccion
753,807,restriccion
754,755,restriccion
754,763,restriccion
754,772,restriccion
754,781,restriccion
754,790,restriccion
754,799,restriccion
754,808,restriccion
755,764,restriccion
755,773,restriccion
755,782,restriccion
755,791,restriccion
755,800,restriccion
755,809,restriccion
756,757,restriccion
756,758,restriccion
756,759,restriccion
756,760,restriccion
756,761,restriccion
756,762,restriccion
756,763,restriccion
756,764,restriccion
756,765,restriccion
756,766,restriccion
756,767,restriccion
756,774,restriccion
756,775,restriccion
756,776,restriccion
756,783,restriccion
756,792,restriccion
756,801,restriccion
757,758,restriccion
757,759,restriccion
757,760,restriccion
757,761,restriccion
757,762,restriccion
757,763,restriccion
757,764,restriccion
757,765,restriccion
757,766,restriccion
757,767,restriccion
757,774,restriccion
757,775,restriccion
757,776,restriccion
757,784,restriccion
757,793,restriccion
757,802,restriccion
758,759,restriccion
758,760,restriccion
758,761,restriccion
758,762,restriccion
758,763,restriccion
758,764,restriccion
758,765,restriccion
758,766,restriccion
758,767,restriccion
758,774,restriccion
758,775,restriccion
758,776,restriccion
758,785,restriccion
758,794,restriccion
758,803,restriccion
759,760,restriccion
759,761,restriccion
759,762,restriccion
759,763,restriccion
759,764,restriccion
759,768,restriccion
759,769,restriccion
759,770,restriccion
759,777,restriccion
759,778,restriccion
759,779,restriccion
759,786,restriccion
759,795,restriccion
759,804,restriccion
760,761,restriccion
760,762,restriccion
760,763,restriccion
760,764,restriccion
760,768,restriccion
760,769,restriccion
760,770,restriccion
760,777,restriccion
760,778,restriccion
760,779,restriccion
760,787,restriccion
760,796,restriccion
760,805,restriccion
761,762,restriccion
761,763,restriccion
761,764,restriccion
761,768,restriccion
761,769,restriccion
761,770,restriccion
761,777,restriccion
761,778,restriccion
761,779,restriccion
761,788,restriccion
761,797,restriccion
761,806,restriccion
762,763,restriccion
762,764,restriccion
762,771,restriccion
762,772,restriccion
762,773,restriccion
762,780,restriccion
762,781,restriccion
762,782,restriccion
762,789,restriccion
762,798,restriccion
762,807,restriccion
763,764,restriccion
763,771,restriccion
763,772,restriccion
763,773,restriccion
763,780,restriccion
763,781,restriccion
763,782,restriccion
763,790,restriccion
763,799,restriccion
763,808,restriccion
764,771,restriccion
764,772,restriccion
764,773,restriccion
764,780,restriccion
764,781,restriccion
764,782,restriccion
764,791,restriccion
764,800,restriccion
764,809,restriccion
765,766,restriccion
765,767,restriccion
765,768,restriccion
765,769,restriccion
765,770,restriccion
765,771,restriccion
765,772,restriccion
765,773,restriccion
765,774,restriccion
765,775,restriccion
765,776,restriccion
765,783,restriccion
765,792,restriccion
765,801,restriccion
766,767,restriccion
766,768,restriccion
766,769,restriccion
766,770,restriccion
766,771,restriccion
766,772,restriccion
766,773,restriccion
766,774,restriccion
766,775,restriccion
766,776,restriccion
766,784,restriccion
766,793,restriccion
766,802,restriccion
767,768,restriccion
767,769,restriccion
767,770,restriccion
767,771,restriccion
767,772,restriccion
767,773,restriccion
767,774,restriccion
767,775,restriccion
767,776,restriccion
767,785,restriccion
767,794,restriccion
767,803,restriccion
768,769,restriccion
768,770,restriccion
768,771,restriccion
768,772,restriccion
768,773,restriccion
768,777,restriccion
768,778,restriccion
768,779,restriccion
768,786,restriccion
768,795,restriccion
768,804,restriccion
769,770,restriccion
769,771,restriccion
769,772,restriccion
769,773,restriccion
769,777,restriccion
769,778,restriccion
769,779,restriccion
769,787,restriccion
769,796,restriccion
769,805,restriccion
770,771,restriccion
770,772,restriccion
770,773,restriccion
770,777,restriccion
770,778,restriccion
770,779,restriccion
770,788,restriccion
770,797,restriccion
770,806,restriccion
771,772,restriccion
771,773,restriccion
771,780,restriccion
771,781,restriccion
771,782,restriccion
771,789,restriccion
771,798,restriccion
771,807,restriccion
772,773,restriccion
772,780,restriccion
772,781,restriccion
772,782,restriccion
772,790,restriccion
772,799,restriccion
772,808,restriccion
773,780,restriccion
773,781,restriccion
773,782,restriccion
773,791,restriccion
773,800,restriccion
773,809,restriccion
774,775,restriccion
774,776,restriccion
774,777,restriccion
774,778,restriccion
774,779,restriccion
774,780,restriccion
774,781,restriccion
774,782,restriccion
774,783,restriccion
774,792,restriccion
774,801,restriccion
775,776,restriccion
775,777,restriccion
775,778,restriccion
775,779,restriccion
775,780,restriccion
775,781,restriccion
775,782,restriccion
775,784,restriccion
775,793,restriccion
775,802,restriccion
776,777,restriccion
776,778,restriccion
776,779,restriccion
776,780,restriccion
776,781,restriccion
776,782,restriccion
776,785,restriccion
776,794,restriccion
776,803,restriccion
777,778,restriccion
777,779,restriccion
777,780,restriccion
777,781,restriccion
777,782,restriccion
777,786,restriccion
777,795,restriccion
777,804,restriccion
778,779,restriccion
778,780,restriccion
778,781,restriccion
778,782,restriccion
778,787,restriccion
778,796,restriccion
778,805,restriccion
779,780,restriccion
779,781,restriccion
779,782,restriccion
779,788,restriccion
779,797,restriccion
779,806,restriccion
780,781,restriccion
780,782,restriccion
780,789,restriccion
780,798,restriccion
780,807,restriccion
781,782,restriccion
781,790,restriccion
781,799,restriccion
781,808,restriccion
782,791,restriccion
782,800,restriccion
782,809,restriccion
783,784,restriccion
783,785,restriccion
783,786,restriccion
783,787,restriccion
783,788,restriccion
783,789,restriccion
783,790,restriccion
783,791,restriccion
783,792,restriccion
783,793,restriccion
783,794,restriccion
783,801,restriccion
783,802,restriccion
783,803,restriccion
784,785,restriccion
784,786,restriccion
784,787,restriccion
784,788,restriccion
784,789,restriccion
784,790,restriccion
784,791,restriccion
784,792,restriccion
784,793,restriccion
784,794,restriccion
784,801,restriccion
784,802,restriccion
784,803,restriccion
785,786,restriccion
785,787,restriccion
785,788,restriccion
785,789,restriccion
785,790,restriccion
785,791,restriccion
785,792,restriccion
785,793,restriccion
785,794,restriccion
785,801,restriccion
785,802,restriccion
785,803,restriccion
786,787,restriccion
786,788,restriccion
786,789,restriccion
786,790,restriccion
786,791,restriccion
786,795,restriccion
786,796,restriccion
786,797,restriccion
786,804,restriccion
786,805,restriccion
786,806,restriccion
787,788,restriccion
787,789,restriccion
787,790,restriccion
787,791,restriccion
787,795,restriccion
787,796,restriccion
787,797,restriccion
787,804,restriccion
787,805,restriccion
787,806,restriccion
788,789,restriccion
788,790,restriccion
788,791,restriccion
788,795,restriccion
788,796,restriccion
788,797,restriccion
788,804,restriccion
788,805,restriccion
788,806,restriccion
789,790,restriccion
789,791,restriccion
789,798,restriccion
789,799,restriccion
789,800,restriccion
789,807,restriccion
789,808,restriccion
789,809,restriccion
790,791,restriccion
790,798,restriccion
790,799,restriccion
790,800,restriccion
790,807,restriccion
790,808,restriccion
790,809,restriccion
791,798,restriccion
791,799,restriccion
791,800,restriccion
791,807,restriccion
791,808,restriccion
791,809,restriccion
792,793,restriccion
792,794,restriccion
792,795,restriccion
792,796,restriccion
792,797,restriccion
792,798,restriccion
792,799,restriccion
792,800,restriccion
792,801,restriccion
792,802,restriccion
792,803,restriccion
793,794,restriccion
793,795,restriccion
793,796,restriccion
793,797,restriccion
793,798,restriccion
793,799,restriccion
793,800,restriccion
793,801,restriccion
793,802,restriccion
793,803,restriccion
794,795,restriccion
794,796,restriccion
794,797,restriccion
794,798,restriccion
794,799,restriccion
794,800,restriccion
794,801,restriccion
794,802,restriccion
794,803,restriccion
795,796,restriccion
795,797,restriccion
795,798,restriccion
795,799,restriccion
795,800,restriccion
795,804,restriccion
795,805,restriccion
795,806,restriccion
796,797,restriccion
796,798,restriccion
796,799,restriccion
796,800,restriccion
796,804,restriccion
796,805,restriccion
796,806,restriccion
797,798,restriccion
797,799,restriccion
797,800,restriccion
797,804,restriccion
797,805,restriccion
797,806,restriccion
798,799,restriccion
798,800,restriccion
798,807,restriccion
798,808,restriccion
798,809,restriccion
799,800,restriccion
799,807,restriccion
799,808,restriccion
799,809,restriccion
800,807,restriccion
800,808,restriccion
800,809,restriccion
801,802,restriccion
801,803,restriccion
801,804,restriccion
801,805,restriccion
801,806,restriccion
801,807,restriccion
801,808,restriccion
801,809,restriccion
802,803,restriccion
802,804,restriccion
802,805,restriccion
802,806,restriccion
802,807,restriccion
802,808,restriccion
802,809,restriccion
803,804,restriccion
803,805,restriccion
803,806,restriccion
803,807,restriccion
803,808,restriccion
803,809,restriccion
804,805,restriccion
804,806,restriccion
804,807,restriccion
804,808,restriccion
804,809,restriccion
805,806,restriccion
805,807,restriccion
805,808,restriccion
805,809,restriccion
806,807,restriccion
806,808,restriccion
806,809,restriccion
807,808,restriccion
807,809,restriccion
808,809,restriccion
810,811,restriccion
810,812,restriccion
810,813,restriccion
810,814,restriccion
810,815,restriccion
810,816,restriccion
810,817,restriccion
810,818,restriccion
810,819,restriccion
810,820,restriccion
810,821,restriccion
810,828,restriccion
810,829,restriccion
810,830,restriccion
810,837,restriccion
810,846,restriccion
810,855,restriccion
810,864,restriccion
810,873,restriccion
810,882,restriccion
811,812,restriccion
811,813,restriccion
811,814,restriccion
811,815,restriccion
811,816,restriccion
811,817,restriccion
811,818,restriccion
811,819,restriccion
811,820,restriccion
811,821,restriccion
811,828,restriccion
811,829,restriccion
811,830,restriccion
811,838,restriccion
811,847,restriccion
811,856,restriccion
811,865,restriccion
811,874,restriccion
811,883,restriccion
812,813,restriccion
812,814,restriccion
812,815,restriccion
812,816,restriccion
812,817,restriccion
812,818,restriccion
812,819,restriccion
812,820,restriccion
812,821,restriccion
812,828,restriccion
812,829,restriccion
812,830,restriccion
812,839,restriccion
812,848,restriccion
812,857,restriccion
812,866,restriccion
812,875,restriccion
812,884,restriccion
813,814,restriccion
813,815,restriccion
813,816,restriccion
813,817,restriccion
813,818,restriccion
813,822,restriccion
813,823,restriccion
813,824,restriccion
813,831,restriccion
813,832,restriccion
813,833,restriccion
813,840,restriccion
813,849,restriccion
813,858,restriccion
813,867,restriccion
813,876,restriccion
813,885,restriccion
814,815,restriccion
814,816,restriccion
814,817,restriccion
814,818,restriccion
814,822,restriccion
814,823,restriccion
814,824,restriccion
814,831,restriccion
814,832,restriccion
814,833,restriccion
814,841,restriccion
814,850,restriccion
814,859,restriccion
814,868,restriccion
814,877,restriccion
814,886,restriccion
815,816,restriccion
815,817,restriccion
815,818,restriccion
815,822,restriccion
815,823,restriccion
815,824,restriccion
815,831,restriccion
815,832,restriccion
815,833,restriccion
815,842,restriccion
815,851,restriccion
815,860,restriccion
815,869,restriccion
815,878,restriccion
815,887,restriccion
816,817,restriccion
816,818,restriccion
816,825,restriccion
816,826,restriccion
816,827,restriccion
816,834,restriccion
816,835,restriccion
816,836,restriccion
816,843,restriccion
816,852,restriccion
816,861,restriccion
816,870,restriccion
816,879,restriccion
816,888,restriccion
817,818,restriccion
817,825,restriccion
817,826,restriccion
817,827,restriccion
817,834,restriccion
817,835,restriccion
817,836,restriccion
817,844,restriccion
817,853,restriccion
817,862,restriccion
817,871,restriccion
817,880,restriccion
817,889,restriccion
818,825,restriccion
818,826,restriccion
818,827,restriccion
818,834,restriccion
818,835,restriccion
818,836,restriccion
818,845,restriccion
818,854,restriccion
818,863,restriccion
818,872,restriccion
818,881,restriccion
818,890,restriccion
819,820,restriccion
819,821,restriccion
819,822,restriccion
819,823,restriccion
819,824,restriccion
819,825,restriccion
819,826,restriccion
819,827,restriccion
819,828,restriccion
819,829,restriccion
819,830,restriccion
819,837,restriccion
819,846,restriccion
819,855,restriccion
819,864,restriccion
819,873,restriccion
819,882,restriccion
820,821,restriccion
820,822,restriccion
820,823,restriccion
820,824,restriccion
820,825,restriccion
820,826,restriccion
820,827,restriccion
820,828,restriccion
820,829,restriccion
820,830,restriccion
820,838,restriccion
820,847,restriccion
820,856,restriccion
820,865,restriccion
820,874,restriccion
820,883,restriccion
821,822,restriccion
821,823,restriccion
821,824,restriccion
821,825,restriccion
821,826,restriccion
821,827,restriccion
821,828,restriccion
821,829,restriccion
821,830,restriccion
821,839,restriccion
821,848,restriccion
821,857,restriccion
821,866,restriccion
821,875,restriccion
821,884,restriccion
822,823,restriccion
822,824,restriccion
822,825,restriccion
822,826,restriccion
822,827,restriccion
822,831,restriccion
822,832,restriccion
822,833,restriccion
822,840,restriccion
822,849,restriccion
822,858,restriccion
822,867,restriccion
822,876,restriccion
822,885,restriccion
823,824,restriccion
823,825,restriccion
823,826,restriccion
823,827,restriccion
823,831,restriccion
823,832,restriccion
823,833,restriccion
823,841,restriccion
823,850,restriccion
823,859,restriccion
823,868,restriccion
823,877,restriccion
823,886,restriccion
824,825,restriccion
824,826,restriccion
824,827,restriccion
824,831,restriccion
824,832,restriccion
824,833,restriccion
824,842,restriccion
824,851,restriccion
824,860,restriccion
824,869,restriccion
824,878,restriccion
824,887,restriccion
825,826,restriccion
825,827,restriccion
825,834,restriccion
825,835,restriccion
825,836,restriccion
825,843,restriccion
825,852,restriccion
825,861,restriccion
825,870,restriccion
825,879,restriccion
825,888,restriccion
826,827,restriccion
826,834,restriccion
826,835,restriccion
826,836,restriccion
826,844,restriccion
826,853,restriccion
826,862,restriccion
826,871,restriccion
826,880,restriccion
826,889,restriccion
827,834,restriccion
827,835,restriccion
827,836,restriccion
827,845,restriccion
827,854,restriccion
827,863,restriccion
827,872,restriccion
827,881,restriccion
827,890,restriccion
828,829,restriccion
828,830,restriccion
828,831,restriccion
828,832,restriccion
828,833,restriccion
828,834,restriccion
828,835,restriccion
828,836,restriccion
828,837,restriccion
828,846,restriccion
828,855,restriccion
828,864,restriccion
828,873,restriccion
828,882,restriccion
829,830,restriccion
829,831,restriccion
829,832,restriccion
829,833,restriccion
829,834,restriccion
829,835,restriccion
829,836,restriccion
829,838,restriccion
829,847,restriccion
829,856,restriccion
829,865,restriccion
829,874,restriccion
829,883,restriccion
830,831,restriccion
830,832,restriccion
830,833,restriccion
830,834,restriccion
830,835,restriccion
830,836,restriccion
830,839,restriccion
830,848,restriccion
830,857,restriccion
830,866,restriccion
830,875,restriccion
830,884,restriccion
831,832,restriccion
831,833,restriccion
831,834,restriccion
831,835,restriccion
831,836,restriccion
831,840,restriccion
831,849,restriccion
831,858,restriccion
831,867,restriccion
831,876,restriccion
831,885,restriccion
832,833,restriccion
832,834,restriccion
832,835,restriccion
832,836,restriccion
832,841,restriccion
832,850,restriccion
832,859,restriccion
832,868,restriccion
832,877,restriccion
832,886,restriccion
833,834,restriccion
833,835,restriccion
833,836,restriccion
833,842,restriccion
833,851,restriccion
833,860,restriccion
833,869,restriccion
833,878,restriccion
833,887,restriccion
834,835,restriccion
834,836,restriccion
834,843,restriccion
834,852,restriccion
834,861,restriccion
834,870,restriccion
834,879,restriccion
834,888,restriccion
835,836,restriccion
835,844,restriccion
835,853,restriccion
835,862,restriccion
835,871,restriccion
835,880,restriccion
835,889,restriccion
836,845,restriccion
836,854,restriccion
836,863,restriccion
836,872,restriccion
836,881,restriccion
836,890,restriccion
837,838,restriccion
837,839,restriccion
837,840,restriccion
837,841,restriccion
837,842,restriccion
837,843,restriccion
837,844,restriccion
837,845,restriccion
837,846,restriccion
837,847,restriccion
837,848,restriccion
837,855,restriccion
837,856,restriccion
837,857,restriccion
837,864,restriccion
837,873,restriccion
837,882,restriccion
838,839,restriccion
838,840,restriccion
838,841,restriccion
838,842,restriccion
838,843,restriccion
838,844,restriccion
838,845,restriccion
838,846,restriccion
838,847,restriccion
838,848,restriccion
838,855,restriccion
838,856,restriccion
838,857,restriccion
838,865,restriccion
838,874,restriccion
838,883,restriccion
839,840,restriccion
839,841,restriccion
839,842,restriccion
839,843,restriccion
839,844,restriccion
839,845,restriccion
839,846,restriccion
839,847,restriccion
839,848,restriccion
839,855,restriccion
839,856,restriccion
839,857,restriccion
839,866,restriccion
839,875,restriccion
839,884,restriccion
840,841,restriccion
840,842,restriccion
840,843,restriccion
840,844,restriccion
840,845,restriccion
840,849,restriccion
840,850,restriccion
840,851,restriccion
840,858,restriccion
840,859,restriccion
840,860,restriccion
840,867,restriccion
840,876,restriccion
840,885,restriccion
841,842,restriccion
841,843,restriccion
841,844,restriccion
841,845,restriccion
841,849,restriccion
841,850,restriccion
841,851,restriccion
841,858,restriccion
841,859,restriccion
841,860,restriccion
841,868,restriccion
841,877,restriccion
841,886,restriccion
842,843,restriccion
842,844,restriccion
842,845,restriccion
842,849,restriccion
842,850,restriccion
842,851,restriccion
842,858,restriccion
842,859,restriccion
842,860,restriccion
842,869,restriccion
842,878,restriccion
842,887,restriccion
843,844,restriccion
843,845,restriccion
843,852,restriccion
843,853,restriccion
843,854,restriccion
843,861,restriccion
843,862,restriccion
843,863,restriccion
843,870,restriccion
843,879,restriccion
843,888,restriccion
844,845,restriccion
844,852,restriccion
844,853,restriccion
844,854,restriccion
844,861,restriccion
844,862,restriccion
844,863,restriccion
844,871,restriccion
844,880,restriccion
844,889,restriccion
845,852,restriccion
845,853,restriccion
845,854,restriccion
845,861,restriccion
845,862,restriccion
845,863,restriccion
845,872,restriccion
845,881,restriccion
845,890,restriccion
846,847,restriccion
846,848,restriccion
846,849,restriccion
846,850,restriccion
846,851,restriccion
846,852,restriccion
846,853,restriccion
846,854,restriccion
846,855,restriccion
846,856,restriccion
846,857,restriccion
846,864,restriccion
846,873,restriccion
846,882,restriccion
847,848,restriccion
847,849,restriccion
847,850,restriccion
847,851,restriccion
847,852,restriccion
847,853,restriccion
847,854,restriccion
847,855,restriccion
847,856,restriccion
847,857,restriccion
847,865,restriccion
847,874,restriccion
847,883,restriccion
848,849,restriccion
848,850,restriccion
848,851,restriccion
848,852,restriccion
848,853,restriccion
848,854,restriccion
848,855,restriccion
848,856,restriccion
848,857,restriccion
848,866,restriccion
848,875,restriccion
848,884,restriccion
849,850,restriccion
849,851,restriccion
849,852,restriccion
849,853,restriccion
849,854,restriccion
849,858,restriccion
849,859,restriccion
849,860,restriccion
849,867,restriccion
849,876,restriccion
849,885,restriccion
850,851,restriccion
850,852,restriccion
850,853,restriccion
850,854,restriccion
850,858,restriccion
850,859,restriccion
850,860,restriccion
850,868,restriccion
850,877,restriccion
850,886,restriccion
851,852,restriccion
851,853,restriccion
851,854,restriccion
851,858,restriccion
851,859,restriccion
851,860,restriccion
851,869,restriccion
851,878,restriccion
851,887,restriccion
852,853,restriccion
852,854,restriccion
852,861,restriccion
852,862,restriccion
852,863,restriccion
852,870,restriccion
852,879,restriccion
852,888,restriccion
853,854,restriccion
853,861,restriccion
853,862,restriccion
853,863,restriccion
853,871,restriccion
853,880,restriccion
853,889,restriccion
854,861,restriccion
854,862,restriccion
854,863,restriccion
854,872,restriccion
854,881,restriccion
854,890,restriccion
855,856,restriccion
855,857,restriccion
855,858,restriccion
855,859,restriccion
855,860,restriccion
855,861,restriccion
855,862,restriccion
855,863,restriccion
855,864,restriccion
855,873,restriccion
855,882,restriccion
856,857,restriccion
856,858,restriccion
856,859,restriccion
856,860,restriccion
856,861,restriccion
856,862,restriccion
856,863,restriccion
856,865,restriccion
856,874,restriccion
856,883,restriccion
857,858,restriccion
857,859,restriccion
857,860,restriccion
857,861,restriccion
857,862,restriccion
857,863,restriccion
857,866,restriccion
857,875,restriccion
857,884,restriccion
858,859,restriccion
858,860,restriccion
858,861,restriccion
858,862,restriccion
858,863,restriccion
858,867,restriccion
858,876,restriccion
858,885,restriccion
859,860,restriccion
859,861,restriccion
859,862,restriccion
859,863,restriccion
859,868,restriccion
859,877,restriccion
859,886,restriccion
860,861,restriccion
860,862,restriccion
860,863,restriccion
860,869,restriccion
860,878,restriccion
860,887,restriccion
861,862,restriccion
861,863,restriccion
861,870,restriccion
861,879,restriccion
861,888,restriccion
862,863,restriccion
862,871,restriccion
862,880,restriccion
862,889,restriccion
863,872,restriccion
863,881,restriccion
863,890,restriccion
864,865,restriccion
864,866,restriccion
864,867,restriccion
864,868,restriccion
864,869,restriccion
864,870,restriccion
864,871,restriccion
864,872,restriccion
864,873,restriccion
864,874,restriccion
864,875,restriccion
864,882,restriccion
864,883,restriccion
864,884,restriccion
865,866,restriccion
865,867,restriccion
865,868,restriccion
865,869,restriccion
865,870,restriccion
865,871,restriccion
865,872,restriccion
865,873,restriccion
865,874,restriccion
865,875,restriccion
865,882,restriccion
865,883,restriccion
865,884,restriccion
866,867,restriccion
866,868,restriccion
866,869,restriccion
866,870,restriccion
866,871,restriccion
866,872,restriccion
866,873,restriccion
866,874,restriccion
866,875,restriccion
866,882,restriccion
866,883,restriccion
866,884,restriccion
867,868,restriccion
867,869,restriccion
867,870,restriccion
867,871,restriccion
867,872,restriccion
867,876,restriccion
867,877,restriccion
867,878,restriccion
867,885,restriccion
867,886,restriccion
867,887,restriccion
868,869,restriccion
868,870,restriccion
868,871,restriccion
868,872,restriccion
868,876,restriccion
868,877,restriccion
868,878,restriccion
868,885,restriccion
868,886,restriccion
868,887,restriccion
869,870,restriccion
869,871,restriccion
869,872,restriccion
869,876,restriccion
869,877,restriccion
869,878,restriccion
869,885,restriccion
869,886,restriccion
869,887,restriccion
870,871,restriccion
870,872,restriccion
870,879,restriccion
870,880,restriccion
870,881,restriccion
870,888,restriccion
870,889,restriccion
870,890,restriccion
871,872,restriccion
871,879,restriccion
871,880,restriccion
871,881,restriccion
871,888,restriccion
871,889,restriccion
871,890,restriccion
872,879,restriccion
872,880,restriccion
872,881,restriccion
872,888,restriccion
872,889,restriccion
872,890,restriccion
873,874,restriccion
873,875,restriccion
873,876,restriccion
873,877,restriccion
873,878,restriccion
873,879,restriccion
873,880,restriccion
873,881,restriccion
873,882,restriccion
873,883,restriccion
873,884,restriccion
874,875,restriccion
874,876,restriccion
874,877,restriccion
874,878,restriccion
874,879,restriccion
874,880,restriccion
874,881,restriccion
874,882,restriccion
874,883,restriccion
874,884,restriccion
875,876,restriccion
875,877,restriccion
875,878,restriccion
875,879,restriccion
875,880,restriccion
875,881,restriccion
875,882,restriccion
875,883,restriccion
875,884,restriccion
876,877,restriccion
876,878,restriccion
876,879,restriccion
876,880,restriccion
876,881,restriccion
876,885,restriccion
876,886,restriccion
876,887,restriccion
877,878,restriccion
877,879,restriccion
877,880,restriccion
877,881,restriccion
877,885,restriccion
877,886,restriccion
877,887,restriccion
878,879,restriccion
878,880,restriccion
878,881,restriccion
878,885,restriccion
878,886,restriccion
878,887,restriccion
879,880,restriccion
879,881,restriccion
879,888,restriccion
879,889,restriccion
879,890,restriccion
880,881,restriccion
880,888,restriccion
880,889,restriccion
880,890,restriccion
881,888,restriccion
881,889,restriccion
881,890,restriccion
882,883,restriccion
882,884,restriccion
882,885,restriccion
882,886,restriccion
882,887,restriccion
882,888,restriccion
882,889,restriccion
882,890,restriccion
883,884,restriccion
883,885,restriccion
883,886,restriccion
883,887,restriccion
883,888,restriccion
883,889,restriccion
883,890,restriccion
884,885,restriccion
884,886,restriccion
884,887,restriccion
884,888,restriccion
884,889,restriccion
884,890,restriccion
885,886,restriccion
885,887,restriccion
885,888,restriccion
885,889,restriccion
885,890,restriccion
886,887,restriccion
886,888,restriccion
886,889,restriccion
886,890,restriccion
887,888,restriccion
887,889,restriccion
887,890,restriccion
888,889,restriccion
888,890,restriccion
889,890,restriccion
891,892,restriccion
891,893,restriccion
891,894,restriccion
891,895,restriccion
891,896,restriccion
891,897,restriccion
891,898,restriccion
891,899,restriccion
891,900,restriccion
891,901,restriccion
891,902,restriccion
891,909,restriccion
891,910,restriccion
891,911,restriccion
891,918,restriccion
891,927,restriccion
891,936,restriccion
891,945,restriccion
891,954,restriccion
891,963,restriccion
892,893,restriccion
892,894,restriccion
892,895,restriccion
892,896,restriccion
892,897,restriccion
892,898,restriccion
892,899,restriccion
892,900,restriccion
892,901,restriccion
892,902,restriccion
892,909,restriccion
892,910,restriccion
892,911,restriccion
892,919,restriccion
892,928,restriccion
892,937,restriccion
892,946,restriccion
892,955,restriccion
892,964,restriccion
893,894,restriccion
893,895,restriccion
893,896,restriccion
893,897,restriccion
893,898,restriccion
893,899,restriccion
893,900,restriccion
893,901,restriccion
893,902,restriccion
893,909,restriccion
893,910,restriccion
893,911,restriccion
893,920,restriccion
893,929,restriccion
893,938,restriccion
893,947,restriccion
893,956,restriccion
893,965,restriccion
894,895,restriccion
894,896,restriccion
894,897,restriccion
894,898,restriccion
894,899,restriccion
894,903,restriccion
894,904,restriccion
894,905,restriccion
894,912,restriccion
894,913,restriccion
894,914,restriccion
894,921,restriccion
894,930,restriccion
894,939,restriccion
894,948,restriccion
894,957,restriccion
894,966,restriccion
895,896,restriccion
895,897,restriccion
895,898,restriccion
895,899,restriccion
895,903,restriccion
895,904,restriccion
895,905,restriccion
895,912,restriccion
895,913,restriccion
895,914,restriccion
895,922,restriccion
895,931,restriccion
895,940,restriccion
895,949,restriccion
895,958,restriccion
895,967,restriccion
896,897,restriccion
896,898,restriccion
896,899,restriccion
896,903,restriccion
896,904,restriccion
896,905,restriccion
896,912,restriccion
896,913,restriccion
896,914,restriccion
896,923,restriccion
896,932,restriccion
896,941,restriccion
896,950,restriccion
896,959,restriccion
896,968,restriccion
897,898,restriccion
897,899,restriccion
897,906,restriccion
897,907,restriccion
897,908,restriccion
897,915,restriccion
897,916,restriccion
897,917,restriccion
897,924,restriccion
897,933,restriccion
897,942,restriccion
897,951,restriccion
897,960,restriccion
897,969,restriccion
898,899,restriccion
898,906,restriccion
898,907,restriccion
898,908,restriccion
898,915,restriccion
898,916,restriccion
898,917,restriccion
898,925,restriccion
898,934,restriccion
898,943,restriccion
898,952,restriccion
898,961,restriccion
898,970,restriccion
899,906,restriccion
899,907,restriccion
899,908,restriccion
899,915,restriccion
899,916,restriccion
899,917,restriccion
899,926,restriccion
899,935,restriccion
899,944,restriccion
899,953,restriccion
899,962,restriccion
899,971,restriccion
900,901,restriccion
900,902,restriccion
900,903,restriccion
900,904,restriccion
900,905,restriccion
900,906,restriccion
900,907,restriccion
900,908,restriccion
900,909,restriccion
900,910,restriccion
900,911,restriccion
900,918,restriccion
900,927,restriccion
900,936,restriccion
900,945,restriccion
900,954,restriccion
900,963,restriccion
901,902,restriccion
901,903,restriccion
901,904,restriccion
901,905,restriccion
901,906,restriccion
901,907,restriccion
901,908,restriccion
901,909,restriccion
901,910,restriccion
901,911,restriccion
901,919,restriccion
901,928,restriccion
901,937,restriccion
901,946,restriccion
901,955,restriccion
901,964,restriccion
902,903,restriccion
902,904,restriccion
902,905,restriccion
902,906,restriccion
902,907,restriccion
902,908,restriccion
902,909,restriccion
902,910,restriccion
902,911,restriccion
902,920,restriccion
902,929,restriccion
902,938,restriccion
902,947,restriccion
902,956,restriccion
902,965,restriccion
903,904,restriccion
903,905,restriccion
903,906,restriccion
903,907,restriccion
903,908,restriccion
903,912,restriccion
903,913,restriccion
903,914,restriccion
903,921,restriccion
903,930,restriccion
903,939,restriccion
903,948,restriccion
903,957,restriccion
903,966,restriccion
904,905,restriccion
904,906,restriccion
904,907,restriccion
904,908,restriccion
904,912,restriccion
904,913,restriccion
904,914,restriccion
904,922,restriccion
904,931,restriccion
904,940,restriccion
904,949,restriccion
904,958,restriccion
904,967,restriccion
905,906,restriccion
905,907,restriccion
905,908,restriccion
905,912,restriccion
905,913,restriccion
905,914,restriccion
905,923,restriccion
905,932,restriccion
905,941,restriccion
905,950,restriccion
905,959,restriccion
905,968,restriccion
906,907,restriccion
906,908,restriccion
906,915,restriccion
906,916,restriccion
906,917,restriccion
906,924,restriccion
906,933,restriccion
906,942,restriccion
906,951,restriccion
906,960,restriccion
906,969,restriccion
907,908,restriccion
907,915,restriccion
907,916,restriccion
907,917,restriccion
907,925,restriccion
907,934,restriccion
907,943,restriccion
907,952,restriccion
907,961,restriccion
907,970,restriccion
908,915,restriccion
908,916,restriccion
908,917,restriccion
908,926,restriccion
908,935,restriccion
908,944,restriccion
908,953,restriccion
908,962,restriccion
908,971,restriccion
909,910,restriccion
909,911,restriccion
909,912,restriccion
909,913,restriccion
909,914,restriccion
909,915,restriccion
909,916,restriccion
909,917,restriccion
909,918,restriccion
909,927,restriccion
909,936,restriccion
909,945,restriccion
909,954,restriccion
909,963,restriccion
910,911,restriccion
910,912,restriccion
910,913,restriccion
910,914,restriccion
910,915,restriccion
910,916,restriccion
910,917,restriccion
910,919,restriccion
910,928,restriccion
910,937,restriccion
910,946,restriccion
910,955,restriccion
910,964,restriccion
911,912,restriccion
911,913,restriccion
911,914,restriccion
911,915,restriccion
911,916,restriccion
911,917,restriccion
911,920,restriccion
911,929,restriccion
911,938,restriccion
911,947,restriccion
911,956,restriccion
911,965,restriccion
912,913,restriccion
912,914,restriccion
912,915,restriccion
912,916,restriccion
912,917,restriccion
912,921,restriccion
912,930,restriccion
912,939,restriccion
912,948,restriccion
912,957,restriccion
912,966,restriccion
913,914,restriccion
913,915,restriccion
913,916,restriccion
913,917,restriccion
913,922,restriccion
913,931,restriccion
913,940,restriccion
913,949,restriccion
913,958,restriccion
913,967,restriccion
914,915,restriccion
914,916,restriccion
914,917,restriccion
914,923,restriccion
914,932,restriccion
914,941,restriccion
914,950,restriccion
914,959,restriccion
914,968,restriccion
915,916,restriccion
915,917,restriccion
915,924,restriccion
915,933,restriccion
915,942,restriccion
915,951,restriccion
915,960,restriccion
915,969,restriccion
916,917,restriccion
916,925,restriccion
916,934,restriccion
916,943,restriccion
916,952,restriccion
916,961,restriccion
916,970,restriccion
917,926,restriccion
917,935,restriccion
917,944,restriccion
917,953,restriccion
917,962,restriccion
917,971,restriccion
918,919,restriccion
918,920,restriccion
918,921,restriccion
918,922,restriccion
918,923,restriccion
918,924,restriccion
918,925,restriccion
918,926,restriccion
918,927,restriccion
918,928,restriccion
918,929,restriccion
918,936,restriccion
918,937,restriccion
918,938,restriccion
918,945,restriccion
918,954,restriccion
918,963,restriccion
919,920,restriccion
919,921,restriccion
919,922,restriccion
919,923,restriccion
919,924,restriccion
919,925,restriccion
919,926,restriccion
919,927,restriccion
919,928,restriccion
919,929,restriccion
919,936,restriccion
919,937,restriccion
919,938,restriccion
919,946,restriccion
919,955,restriccion
919,964,restriccion
920,921,restriccion
920,922,restriccion
920,923,restriccion
920,924,restriccion
920,925,restriccion
920,926,restriccion
920,927,restriccion
920,928,restriccion
920,929,restriccion
920,936,restriccion
920,937,restriccion
920,938,restriccion
920,947,restriccion
920,956,restriccion
920,965,restriccion
921,922,restriccion
921,923,restriccion
921,924,restriccion
921,925,restriccion
921,926,restriccion
921,930,restriccion
921,931,restriccion
921,932,restriccion
921,939,restriccion
921,940,restriccion
921,941,restriccion
921,948,restriccion
921,957,restriccion
921,966,restriccion
922,923,restriccion
922,924,restriccion
922,925,restriccion
922,926,restriccion
922,930,restriccion
922,931,restriccion
922,932,restriccion
922,939,restriccion
922,940,restriccion
922,941,restriccion
922,949,restriccion
922,958,restriccion
922,967,restriccion
923,924,restriccion
923,925,restriccion
923,926,restriccion
923,930,restriccion
923,931,restriccion
923,932,restriccion
923,939,restriccion
923,940,restriccion
923,941,restriccion
923,950,restriccion
923,959,restriccion
923,968,restriccion
924,925,restriccion
924,926,restriccion
924,933,restriccion
924,934,restriccion
924,935,restriccion
924,942,restriccion
924,943,restriccion
924,944,restriccion
924,951,restriccion
924,960,restriccion
924,969,restriccion
925,926,restriccion
925,933,restriccion
925,934,restriccion
925,935,restriccion
925,942,restriccion
925,943,restriccion
925,944,restriccion
925,952,restriccion
925,961,restriccion
925,970,restriccion
926,933,restriccion
926,934,restriccion
926,935,restriccion
926,942,restriccion
926,943,restriccion
926,944,restriccion
926,953,restriccion
926,962,restriccion
926,971,restriccion
927,928,restriccion
927,929,restriccion
927,930,restriccion
927,931,restriccion
927,932,restriccion
927,933,restriccion
927,934,restriccion
927,935,restriccion
927,936,restriccion
927,937,restriccion
927,938,restriccion
927,945,restriccion
927,954,restriccion
927,963,restriccion
928,929,restriccion
928,930,restriccion
928,931,restriccion
928,932,restriccion
928,933,restriccion
928,934,restriccion
928,935,restriccion
928,936,restriccion
928,937,restriccion
928,938,restriccion
928,946,restriccion
928,955,restriccion
928,964,restriccion
929,930,restriccion
929,931,restriccion
929,932,restriccion
929,933,restriccion
929,934,restriccion
929,935,restriccion
929,936,restriccion
929,937,restriccion
929,938,restriccion
929,947,restriccion
929,956,restriccion
929,965,restriccion
930,931,restriccion
930,932,restriccion
930,933,restriccion
930,934,restriccion
930,935,restriccion
930,939,restriccion
930,940,restriccion
930,941,restriccion
930,948,restriccion
930,957,restriccion
930,966,restriccion
931,932,restriccion
931,933,restriccion
931,934,restriccion
931,935,restriccion
931,939,restriccion
931,940,restriccion
931,941,restriccion
931,949,restriccion
931,958,restriccion
931,967,restriccion
932,933,restriccion
932,934,restriccion
932,935,restriccion
932,939,restriccion
932,940,restriccion
932,941,restriccion
932,950,restriccion
932,959,restriccion
932,968,restriccion
933,934,restriccion
933,935,restriccion
933,942,restriccion
933,943,restriccion
933,944,restriccion
933,951,restriccion
933,960,restriccion
933,969,restriccion
934,935,restriccion
934,942,restriccion
934,943,restriccion
934,944,restriccion
934,952,restriccion
934,961,restriccion
934,970,restriccion
935,942,restriccion
935,943,restriccion
935,944,restriccion
935,953,restriccion
935,962,restriccion
935,971,restriccion
936,937,restriccion
936,938,restriccion
936,939,restriccion
936,940,restriccion
936,941,restriccion
936,942,restriccion
936,943,restriccion
936,944,restriccion
936,945,restriccion
936,954,restriccion
936,963,restriccion
937,938,restriccion
937,939,restriccion
937,940,restriccion
937,941,restriccion
937,942,restriccion
937,943,restriccion
937,944,restriccion
937,946,restriccion
937,955,restriccion
937,964,restriccion
938,939,restriccion
938,940,restriccion
938,941,restriccion
938,942,restriccion
938,943,restriccion
938,944,restriccion
938,947,restriccion
938,956,restriccion
938,965,restriccion
939,940,restriccion
939,941,restriccion
939,942,restriccion
939,943,restriccion
939,944,restriccion
939,948,restriccion
939,957,restriccion
939,966,restriccion
940,941,restriccion
940,942,restriccion
940,943,restriccion
940,944,restriccion
940,949,restriccion
940,958,restriccion
940,967,restriccion
941,942,restriccion
941,943,restriccion
941,944,restriccion
941,950,restriccion
941,959,restriccion
941,968,restriccion
942,943,restriccion
942,944,restriccion
942,951,restriccion
942,960,restriccion
942,969,restriccion
943,944,restriccion
943,952,restriccion
943,961,restriccion
943,970,restriccion
944,953,restriccion
944,962,restriccion
944,971,restriccion
945,946,restriccion
945,947,restriccion
945,948,restriccion
945,949,restriccion
945,950,restriccion
945,951,restriccion
945,952,restriccion
945,953,restriccion
945,954,restriccion
945,955,restriccion
945,956,restriccion
945,963,restriccion
945,964,restriccion
945,965,restriccion
946,947,restriccion
946,948,restriccion
946,949,restriccion
946,950,restriccion
946,951,restriccion
946,952,restriccion
946,953,restriccion
946,954,restriccion
946,955,restriccion
946,956,restriccion
946,963,restriccion
946,964,restriccion
946,965,restriccion
947,948,restriccion
947,949,restriccion
947,950,restriccion
947,951,restriccion
947,952,restriccion
947,953,restriccion
947,954,restriccion
947,955,restriccion
947,956,restriccion
947,963,restriccion
947,964,restriccion
947,965,restriccion
948,949,restriccion
948,950,restriccion
948,951,restriccion
948,952,restriccion
948,953,restriccion
948,957,restriccion
948,958,restriccion
948,959,restriccion
948,966,restriccion
948,967,restriccion
948,968,restriccion
949,950,restriccion
949,951,restriccion
949,952,restriccion
949,953,restriccion
949,957,restriccion
949,958,restriccion
949,959,restriccion
949,966,restriccion
949,967,restriccion
949,968,restriccion
950,951,restriccion
950,952,restriccion
950,953,restriccion
950,957,restriccion
950,958,restriccion
950,959,restriccion
950,966,restriccion
950,967,restriccion
950,968,restriccion
951,952,restriccion
951,953,restriccion
951,960,restriccion
951,961,restriccion
951,962,restriccion
951,969,restriccion
951,970,restriccion
951,971,restriccion
952,953,restriccion
952,960,restriccion
952,961,restriccion
952,962,restriccion
952,969,restriccion
952,970,restriccion
952,971,restriccion
953,960,restriccion
953,961,restriccion
953,962,restriccion
953,969,restriccion
953,970,restriccion
953,971,restriccion
954,955,restriccion
954,956,restriccion
954,957,restriccion
954,958,restriccion
954,959,restriccion
954,960,restriccion
954,961,restriccion
954,962,restriccion
954,963,restriccion
954,964,restriccion
954,965,restriccion
955,956,restriccion
955,957,restriccion
955,958,restriccion
955,959,restriccion
955,960,restriccion
955,961,restriccion
955,962,restriccion
955,963,restriccion
955,964,restriccion
955,965,restriccion
956,957,restriccion
956,958,restriccion
956,959,restriccion
956,960,restriccion
956,961,restriccion
956,962,restriccion
956,963,restriccion
956,964,restriccion
956,965,restriccion
957,958,restriccion
957,959,restriccion
957,960,restriccion
957,961,restriccion
957,962,restriccion
957,966,restriccion
957,967,restriccion
957,968,restriccion
958,959,restriccion
958,960,restriccion
958,961,restriccion
958,962,restriccion
958,966,restriccion
958,967,restriccion
958,968,restriccion
959,960,restriccion
959,961,restriccion
959,962,restriccion
959,966,restriccion
959,967,restriccion
959,968,restriccion
960,961,restriccion
960,962,restriccion
960,969,restriccion
960,970,restriccion
960,971,restriccion
961,962,restriccion
961,969,restriccion
961,970,restriccion
961,971,restriccion
962,969,restriccion
962,970,restriccion
962,971,restriccion
963,964,restriccion
963,965,restriccion
963,966,restriccion
963,967,restriccion
963,968,restriccion
963,969,restriccion
963,970,restriccion
963,971,restriccion
964,965,restriccion
964,966,restriccion
964,967,restriccion
964,968,restriccion
964,969,restriccion
964,970,restriccion
964,971,restriccion
965,966,restriccion
965,967,restriccion
965,968,restriccion
965,969,restriccion
965,970,restriccion
965,971,restriccion
966,967,restriccion
966,968,restriccion
966,969,restriccion
966,970,restriccion
966,971,restriccion
967,968,restriccion
967,969,restriccion
967,970,restriccion
967,971,restriccion
968,969,restriccion
968,970,restriccion
968,971,restriccion
969,970,restriccion
969,971,restriccion
970,971,restriccion
972,973,restriccion
972,974,restriccion
972,975,restriccion
972,976,restriccion
972,977,restriccion
972,978,restriccion
972,979,restriccion
972,980,restriccion
972,981,restriccion
972,982,restriccion
972,983,restriccion
972,990,restriccion
972,991,restriccion
972,992,restriccion
972,999,restriccion
972,1008,restriccion
972,1017,restriccion
972,1026,restriccion
972,1035,restriccion
972,1044,restriccion
973,974,restriccion
973,975,restriccion
973,976,restriccion
973,977,restriccion
973,978,restriccion
973,979,restriccion
973,980,restriccion
973,981,restriccion
973,982,restriccion
973,983,restriccion
973,990,restriccion
973,991,restriccion
973,992,restriccion
973,1000,restriccion
973,1009,restriccion
973,1018,restriccion
973,1027,restriccion
973,1036,restriccion
973,1045,restriccion
974,975,restriccion
974,976,restriccion
974,977,restriccion
974,978,restriccion
974,979,restriccion
974,980,restriccion
974,981,restriccion
974,982,restriccion
974,983,restriccion
974,990,restriccion
974,991,restriccion
974,992,restriccion
974,1001,restriccion
974,1010,restriccion
974,1019,restriccion
974,1028,restriccion
974,1037,restriccion
974,1046,restriccion
975,976,restriccion
975,977,restriccion
975,978,restriccion
975,979,restriccion
975,980,restriccion
975,984,restriccion
975,985,restriccion
975,986,restriccion
975,993,restriccion
975,994,restriccion
975,995,restriccion
975,1002,restriccion
975,1011,restriccion
975,1020,restriccion
975,1029,restriccion
975,1038,restriccion
975,1047,restriccion
976,977,restriccion
976,978,restriccion
976,979,restriccion
976,980,restriccion
976,984,restriccion
976,985,restriccion
976,986,restriccion
976,993,restriccion
976,994,restriccion
976,995,restriccion
976,1003,restriccion
976,1012,restriccion
976,1021,restriccion
976,1030,restriccion
976,1039,restriccion
976,1048,restriccion
977,978,restriccion
977,979,restriccion
977,980,restriccion
977,984,restriccion
977,985,restriccion
977,986,restriccion
977,993,restriccion
977,994,restriccion
977,995,restriccion
977,1004,restriccion
977,1013,restriccion
977,1022,restriccion
977,1031,restriccion
977,1040,restriccion
977,1049,restriccion
978,979,restriccion
978,980,restriccion
978,987,restriccion
978,988,restriccion
978,989,restriccion
978,996,restriccion
978,997,restriccion
978,998,restriccion
978,1005,restriccion
978,1014,restriccion
978,1023,restriccion
978,1032,restriccion
978,1041,restriccion
978,1050,restriccion
979,980,restriccion
979,987,restriccion
979,988,restriccion
979,989,restriccion
979,996,restriccion
979,997,restriccion
979,998,restriccion
979,1006,restriccion
979,1015,restriccion
979,1024,restriccion
979,1033,restriccion
979,1042,restriccion
979,1051,restriccion
980,987,restriccion
980,988,restriccion
980,989,restriccion
980,996,restriccion
980,997,restriccion
980,998,restriccion
980,1007,restriccion
980,1016,restriccion
980,1025,restriccion
980,1034,restriccion
980,1043,restriccion
980,1052,restriccion
981,982,restriccion
981,983,restriccion
981,984,restriccion
981,985,restriccion
981,986,restriccion
981,987,restriccion
981,988,restriccion
981,989,restriccion
981,990,restriccion
981,991,restriccion
981,992,restriccion
981,999,restriccion
981,1008,restriccion
981,1017,restriccion
981,1026,restriccion
981,1035,restriccion
981,1044,restriccion
982,983,restriccion
982,984,restriccion
982,985,restriccion
982,986,restriccion
982,987,restriccion
982,988,restriccion
982,989,restriccion
982,990,restriccion
982,991,restriccion
982,992,restriccion
982,1000,restriccion
982,1009,restriccion
982,1018,restriccion
982,1027,restriccion
982,1036,restriccion
982,1045,restriccion
983,984,restriccion
983,985,restriccion
983,986,restriccion
983,987,restriccion
983,988,restriccion
983,989,restriccion
983,990,restriccion
983,991,restriccion
983,992,restriccion
983,1001,restriccion
983,1010,restriccion
983,1019,restriccion
983,1028,restriccion
983,1037,restriccion
983,1046,restriccion
984,985,restriccion
984,986,restriccion
984,987,restriccion
984,988,restriccion
984,989,restriccion
984,993,restriccion
984,994,restriccion
984,995,restriccion
984,1002,restriccion
984,1011,restriccion
984,1020,restriccion
984,1029,restriccion
984,1038,restriccion
984,1047,restriccion
985,986,restriccion
985,987,restriccion
985,988,restriccion
985,989,restriccion
985,993,restriccion
985,994,restriccion
985,995,restriccion
985,1003,restriccion
985,1012,restriccion
985,1021,restriccion
985,1030,restriccion
985,1039,restriccion
985,1048,restriccion
986,987,restriccion
986,988,restriccion
986,989,restriccion
986,993,restriccion
986,994,restriccion
986,995,restriccion
986,1004,restriccion
986,1013,restriccion
986,1022,restriccion
986,1031,restriccion
986,1040,restriccion
986,1049,restriccion
987,988,restriccion
987,989,restriccion
987,996,restriccion
987,997,restriccion
987,998,restriccion
987,1005,restriccion
987,1014,restriccion
987,1023,restriccion
987,1032,restriccion
987,1041,restriccion
987,1050,restriccion
988,989,restriccion
988,996,restriccion
988,997,restriccion
988,998,restriccion
988,1006,restriccion
988,1015,restriccion
988,1024,restriccion
988,1033,restriccion
988,1042,restriccion
988,1051,restriccion
989,996,restriccion
989,997,restriccion
989,998,restriccion
989,1007,restriccion
989,1016,restriccion
989,1025,restriccion
989,1034,restriccion
989,1043,restriccion
989,1052,restriccion
990,991,restriccion
990,992,restriccion
990,993,restriccion
990,994,restriccion
990,995,restriccion
990,996,restriccion
990,997,restriccion
990,998,restriccion
990,999,restriccion
990,1008,restriccion
990,1017,restriccion
990,1026,restriccion
990,1035,restriccion
990,1044,restriccion
991,992,restriccion
991,993,restriccion
991,994,restriccion
991,995,restriccion
991,996,restriccion
991,997,restriccion
991,998,restriccion
991,1000,restriccion
991,1009,restriccion
991,1018,restriccion
991,1027,restriccion
991,1036,restriccion
991,1045,restriccion
992,993,restriccion
992,994,restriccion
992,995,restriccion
992,996,restriccion
992,997,restriccion
992,998,restriccion
992,1001,restriccion
992,1010,restriccion
992,1019,restriccion
992,1028,restriccion
992,1037,restriccion
992,1046,restriccion
993,994,restriccion
993,995,restriccion
993,996,restriccion
993,997,restriccion
993,998,restriccion
993,1002,restriccion
993,1011,restriccion
993,1020,restriccion
993,1029,restriccion
993,1038,restriccion
993,1047,restriccion
994,995,restriccion
994,996,restriccion
994,997,restriccion
994,998,restriccion
994,1003,restriccion
994,1012,restriccion
994,1021,restriccion
994,1030,restriccion
994,1039,restriccion
994,1048,restriccion
995,996,restriccion
995,997,restriccion
995,998,restriccion
995,1004,restriccion
995,1013,restriccion
995,1022,restriccion
995,1031,restriccion
995,1040,restriccion
995,1049,restriccion
996,997,restriccion
996,998,restriccion
996,1005,restriccion
996,1014,restriccion
996,1023,restriccion
996,1032,restriccion
996,1041,restriccion
996,1050,restriccion
997,998,restriccion
997,1006,restriccion
997,1015,restriccion
997,1024,restriccion
997,1033,restriccion
997,1042,restriccion
997,1051,restriccion
998,1007,restriccion
998,1016,restriccion
998,1025,restriccion
998,1034,restriccion
998,1043,restriccion
998,1052,restriccion
999,1000,restriccion
999,1001,restriccion
999,1002,restriccion
999,1003,restriccion
999,1004,restriccion
999,1005,restriccion
999,1006,restriccion
999,1007,restriccion
999,1008,restriccion
999,1009,restriccion
999,1010,restriccion
999,1017,restriccion
999,1018,restriccion
999,1019,restriccion
999,1026,restriccion
999,1035,restriccion
999,1044,restriccion
1000,1001,restriccion
1000,1002,restriccion
1000,1003,restriccion
1000,1004,restriccion
1000,1005,restriccion
1000,1006,restriccion
1000,1007,restriccion
1000,1008,restriccion
1000,1009,restriccion
1000,1010,restriccion
1000,1017,restriccion
1000,1018,restriccion
1000,1019,restriccion
1000,1027,restriccion
1000,1036,restriccion
1000,1045,restriccion
1001,1002,restriccion
1001,1003,restriccion
1001,1004,restriccion
1001,1005,restriccion
1001,1006,restriccion
1001,1007,restriccion
1001,1008,restriccion
1001,1009,restriccion
1001,1010,restriccion
1001,1017,restriccion
1001,1018,restriccion
1001,1019,restriccion
1001,1028,restriccion
1001,1037,restriccion
1001,1046,restriccion
1002,1003,restriccion
1002,1004,restriccion
1002,1005,restriccion
1002,1006,restriccion
1002,1007,restriccion
1002,1011,restriccion
1002,1012,restriccion
1002,1013,restriccion
1002,1020,restriccion
1002,1021,restriccion
1002,1022,restriccion
1002,1029,restriccion
1002,1038,restriccion
1002,1047,restriccion
1003,1004,restriccion
1003,1005,restriccion
1003,1006,restriccion
1003,1007,restriccion
1003,1011,restriccion
1003,1012,restriccion
1003,1013,restriccion
1003,1020,restriccion
1003,1021,restriccion
1003,1022,restriccion
1003,1030,restriccion
1003,1039,restriccion
1003,1048,restriccion
1004,1005,restriccion
1004,1006,restriccion
1004,1007,restriccion
1004,1011,restriccion
1004,1012,restriccion
1004,1013,restriccion
1004,1020,restriccion
1004,1021,restriccion
1004,1022,restriccion
1004,1031,restriccion
1004,1040,restriccion
1004,1049,restriccion
1005,1006,restriccion
1005,1007,restriccion
1005,1014,restriccion
1005,1015,restriccion
1005,1016,restriccion
1005,1023,restriccion
1005,1024,restriccion
1005,1025,restriccion
1005,1032,restriccion
1005,1041,restriccion
1005,1050,restriccion
1006,1007,restriccion
1006,1014,restriccion
1006,1015,restriccion
1006,1016,restriccion
1006,1023,restriccion
1006,1024,restriccion
1006,1025,restriccion
1006,1033,restriccion
1006,1042,restriccion
1006,1051,restriccion
1007,1014,restriccion
1007,1015,restriccion
1007,1016,restriccion
1007,1023,restriccion
1007,1024,restriccion
1007,1025,restriccion
1007,1034,restriccion
1007,1043,restriccion
1007,1052,restriccion
1008,1009,restriccion
1008,1010,restriccion
1008,1011,restriccion
1008,1012,restriccion
1008,1013,restriccion
1008,1014,restriccion
1008,1015,restriccion
1008,1016,restriccion
1008,1017,restriccion
1008,1018,restriccion
1008,1019,restriccion
1008,1026,restriccion
1008,1035,restriccion
1008,1044,restriccion
1009,1010,restriccion
1009,1011,restriccion
1009,1012,restriccion
1009,1013,restriccion
1009,1014,restriccion
1009,1015,restriccion
1009,1016,restriccion
1009,1017,restriccion
1009,1018,restriccion
1009,1019,restriccion
1009,1027,restriccion
1009,1036,restriccion
1009,1045,restriccion
1010,1011,restriccion
1010,1012,restriccion
1010,1013,restriccion
1010,1014,restriccion
1010,1015,restriccion
1010,1016,restriccion
1010,1017,restriccion
1010,1018,restriccion
1010,1019,restriccion
1010,1028,restriccion
1010,1037,restriccion
1010,1046,restriccion
1011,1012,restriccion
1011,1013,restriccion
1011,1014,restriccion
1011,1015,restriccion
1011,1016,restriccion
1011,1020,restriccion
1011,1021,restriccion
1011,1022,restriccion
1011,1029,restriccion
1011,1038,restriccion
1011,1047,restriccion
1012,1013,restriccion
1012,1014,restriccion
1012,1015,restriccion
1012,1016,restriccion
1012,1020,restriccion
1012,1021,restriccion
1012,1022,restriccion
1012,1030,restriccion
1012,1039,restriccion
1012,1048,restriccion
1013,1014,restriccion
1013,1015,restriccion
1013,1016,restriccion
1013,1020,restriccion
1013,1021,restriccion
1013,1022,restriccion
1013,1031,restriccion
1013,1040,restriccion
1013,1049,restriccion
1014,1015,restriccion
1014,1016,restriccion
1014,1023,restriccion
1014,1024,restriccion
1014,1025,restriccion
1014,1032,restriccion
1014,1041,restriccion
1014,1050,restriccion
1015,1016,restriccion
1015,1023,restriccion
1015,1024,restriccion
1015,1025,restriccion
1015,1033,restriccion
1015,1042,restriccion
1015,1051,restriccion
1016,1023,restriccion
1016,1024,restriccion
1016,1025,restriccion
1016,1034,restriccion
1016,1043,restriccion
1016,1052,restriccion
1017,1018,restriccion
1017,1019,restriccion
1017,1020,restriccion
1017,1021,restriccion
1017,1022,restriccion
1017,1023,restriccion
1017,1024,restriccion
1017,1025,restriccion
1017,1026,restriccion
1017,1035,restriccion
1017,1044,restriccion
1018,1019,restriccion
1018,1020,restriccion
1018,1021,restriccion
1018,1022,restriccion
1018,1023,restriccion
1018,1024,restriccion
1018,1025,restriccion
1018,1027,restriccion
1018,1036,restriccion
1018,1045,restriccion
1019,1020,restriccion
1019,1021,restriccion
1019,1022,restriccion
1019,1023,restriccion
1019,1024,restriccion
1019,1025,restriccion
1019,1028,restriccion
1019,1037,restriccion
1019,1046,restriccion
1020,1021,restriccion
1020,1022,restriccion
1020,1023,restriccion
1020,1024,restriccion
1020,1025,restriccion
1020,1029,restriccion
1020,1038,restriccion
1020,1047,restriccion
1021,1022,restriccion
1021,1023,restriccion
1021,1024,restriccion
1021,1025,restriccion
1021,1030,restriccion
1021,1039,restriccion
1021,1048,restriccion
1022,1023,restriccion
1022,1024,restriccion
1022,1025,restriccion
1022,1031,restriccion
1022,1040,restriccion
1022,1049,restriccion
1023,1024,restriccion
1023,1025,restriccion
1023,1032,restriccion
1023,1041,restriccion
1023,1050,restriccion
1024,1025,restriccion
1024,1033,restriccion
1024,1042,restriccion
1024,1051,restriccion
1025,1034,restriccion
1025,1043,restriccion
1025,1052,restriccion
1026,1027,restriccion
1026,1028,restriccion
1026,1029,restriccion
1026,1030,restriccion
1026,1031,restriccion
1026,1032,restriccion
1026,1033,restriccion
1026,1034,restriccion
1026,1035,restriccion
1026,1036,restriccion
1026,1037,restriccion
1026,1044,restriccion
1026,1045,restriccion
1026,1046,restriccion
1027,1028,restriccion
1027,1029,restriccion
1027,1030,restriccion
1027,1031,restriccion
1027,1032,restriccion
1027,1033,restriccion
1027,1034,restriccion
1027,1035,restriccion
1027,1036,restriccion
1027,1037,restriccion
1027,1044,restriccion
1027,1045,restriccion
1027,1046,restriccion
1028,1029,restriccion
1028,1030,restriccion
1028,1031,restriccion
1028,1032,restriccion
1028,1033,restriccion
1028,1034,restriccion
1028,1035,restriccion
1028,1036,restriccion
1028,1037,restriccion
1028,1044,restriccion
1028,1045,restriccion
1028,1046,restriccion
1029,1030,restriccion
1029,1031,restriccion
1029,1032,restriccion
1029,1033,restriccion
1029,1034,restriccion
1029,1038,restriccion
1029,1039,restriccion
1029,1040,restriccion
1029,1047,restriccion
1029,1048,restriccion
1029,1049,restriccion
1030,1031,restriccion
1030,1032,restriccion
1030,1033,restriccion
1030,1034,restriccion
1030,1038,restriccion
1030,1039,restriccion
1030,1040,restriccion
1030,1047,restriccion
1030,1048,restriccion
1030,1049,restriccion
1031,1032,restriccion
1031,1033,restriccion
1031,1034,restriccion
1031,1038,restriccion
1031,1039,restriccion
1031,1040,restriccion
1031,1047,restriccion
1031,1048,restriccion
1031,1049,restriccion
1032,1033,restriccion
1032,1034,restriccion
1032,1041,restriccion
1032,1042,restriccion
1032,1043,restriccion
1032,1050,restriccion
1032,1051,restriccion
1032,1052,restriccion
1033,1034,restriccion
1033,1041,restriccion
1033,1042,restriccion
1033,1043,restriccion
1033,1050,restriccion
1033,1051,restriccion
1033,1052,restriccion
1034,1041,restriccion
1034,1042,restriccion
1034,1043,restriccion
1034,1050,restriccion
1034,1051,restriccion
1034,1052,restriccion
1035,1036,restriccion
1035,1037,restriccion
1035,1038,restriccion
1035,1039,restriccion
1035,1040,restriccion
1035,1041,restriccion
1035,1042,restriccion
1035,1043,restriccion
1035,1044,restriccion
1035,1045,restriccion
1035,1046,restriccion
1036,1037,restriccion
1036,1038,restriccion
1036,1039,restriccion
1036,1040,restriccion
1036,1041,restriccion
1036,1042,restriccion
1036,1043,restriccion
1036,1044,restriccion
1036,1045,restriccion
1036,1046,restriccion
1037,1038,restriccion
1037,1039,restriccion
1037,1040,restriccion
1037,1041,restriccion
1037,1042,restriccion
1037,1043,restriccion
1037,1044,restriccion
1037,1045,restriccion
1037,1046,restriccion
1038,1039,restriccion
1038,1040,restriccion
1038,1041,restriccion
1038,1042,restriccion
1038,1043,restriccion
1038,1047,restriccion
1038,1048,restriccion
1038,1049,restriccion
1039,1040,restriccion
1039,1041,restriccion
1039,1042,restriccion
1039,1043,restriccion
1039,1047,restriccion
1039,1048,restriccion
1039,1049,restriccion
1040,1041,restriccion
1040,1042,restriccion
1040,1043,restriccion
1040,1047,restriccion
1040,1048,restriccion
1040,1049,restriccion
1041,1042,restriccion
1041,1043,restriccion
1041,1050,restriccion
1041,1051,restriccion
1041,1052,restriccion
1042,1043,restriccion
1042,1050,restriccion
1042,1051,restriccion
1042,1052,restriccion
1043,1050,restriccion
1043,1051,restriccion
1043,1052,restriccion
1044,1045,restriccion
1044,1046,restriccion
1044,1047,restriccion
1044,1048,restriccion
1044,1049,restriccion
1044,1050,restriccion
1044,1051,restriccion
1044,1052,restriccion
1045,1046,restriccion
1045,1047,restriccion
1045,1048,restriccion
1045,1049,restriccion
1045,1050,restriccion
1045,1051,restriccion
1045,1052,restriccion
1046,1047,restriccion
1046,1048,restriccion
1046,1049,restriccion
1046,1050,restriccion
1046,1051,restriccion
1046,1052,restriccion
1047,1048,restriccion
1047,1049,restriccion
1047,1050,restriccion
1047,1051,restriccion
1047,1052,restriccion
1048,1049,restriccion
1048,1050,restriccion
1048,1051,restriccion
1048,1052,restriccion
1049,1050,restriccion
1049,1051,restriccion
1049,1052,restriccion
1050,1051,restriccion
1050,1052,restriccion
1051,1052,restriccion
1053,1054,restriccion
1053,1055,restriccion
1053,1056,restriccion
1053,1057,restriccion
1053,1058,restriccion
1053,1059,restriccion
1053,1060,restriccion
1053,1061,restriccion
1053,1062,restriccion
1053,1063,restriccion
1053,1064,restriccion
1053,1071,restriccion
1053,1072,restriccion
1053,1073,restriccion
1053,1080,restriccion
1053,1089,restriccion
1053,1098,restriccion
1053,1107,restriccion
1053,1116,restriccion
1053,1125,restriccion
1054,1055,restriccion
1054,1056,restriccion
1054,1057,restriccion
1054,1058,restriccion
1054,1059,restriccion
1054,1060,restriccion
1054,1061,restriccion
1054,1062,restriccion
1054,1063,restriccion
1054,1064,restriccion
1054,1071,restriccion
1054,1072,restriccion
1054,1073,restriccion
1054,1081,restriccion
1054,1090,restriccion
1054,1099,restriccion
1054,1108,restriccion
1054,1117,restriccion
1054,1126,restriccion
1055,1056,restriccion
1055,1057,restriccion
1055,1058,restriccion
1055,1059,restriccion
1055,1060,restriccion
1055,1061,restriccion
1055,1062,restriccion
1055,1063,restriccion
1055,1064,restriccion
1055,1071,restriccion
1055,1072,restriccion
1055,1073,restriccion
1055,1082,restriccion
1055,1091,restriccion
1055,1100,restriccion
1055,1109,restriccion
1055,1118,restriccion
1055,1127,restriccion
1056,1057,restriccion
1056,1058,restriccion
1056,1059,restriccion
1056,1060,restriccion
1056,1061,restriccion
1056,1065,restriccion
1056,1066,restriccion
1056,1067,restriccion
1056,1074,restriccion
1056,1075,restriccion
1056,1076,restriccion
1056,1083,restriccion
1056,1092,restriccion
1056,1101,restriccion
1056,1110,restriccion
1056,1119,restriccion
1056,1128,restriccion
1057,1058,restriccion
1057,1059,restriccion
1057,1060,restriccion
1057,1061,restriccion
1057,1065,restriccion
1057,1066,restriccion
1057,1067,restriccion
1057,1074,restriccion
1057,1075,restriccion
1057,1076,restriccion
1057,1084,restriccion
1057,1093,restriccion
1057,1102,restriccion
1057,1111,restriccion
1057,1120,restriccion
1057,1129,restriccion
1058,1059,restriccion
1058,1060,restriccion
1058,1061,restriccion
1058,1065,restriccion
1058,1066,restriccion
1058,1067,restriccion
1058,1074,restriccion
1058,1075,restriccion
1058,1076,restriccion
1058,1085,restriccion
1058,1094,restriccion
1058,1103,restriccion
1058,1112,restriccion
1058,1121,restriccion
1058,1130,restriccion
1059,1060,restriccion
1059,1061,restriccion
1059,1068,restriccion
1059,1069,restriccion
1059,1070,restriccion
1059,1077,restriccion
1059,1078,restriccion
1059,1079,restriccion
1059,1086,restriccion
1059,1095,restriccion
1059,1104,restriccion
1059,1113,restriccion
1059,1122,restriccion
1059,1131,restriccion
1060,1061,restriccion
1060,1068,restriccion
1060,1069,restriccion
1060,1070,restriccion
1060,1077,restriccion
1060,1078,restriccion
1060,1079,restriccion
1060,1087,restriccion
1060,1096,restriccion
1060,1105,restriccion
1060,1114,restriccion
1060,1123,restriccion
1060,1132,restriccion
1061,1068,restriccion
1061,1069,restriccion
1061,1070,restriccion
1061,1077,restriccion
1061,1078,restriccion
1061,1079,restriccion
1061,1088,restriccion
1061,1097,restriccion
1061,1106,restriccion
1061,1115,restriccion
1061,1124,restriccion
1061,1133,restriccion
1062,1063,restriccion
1062,1064,restriccion
1062,1065,restriccion
1062,1066,restriccion
1062,1067,restriccion
1062,1068,restriccion
1062,1069,restriccion
1062,1070,restriccion
1062,1071,restriccion
1062,1072,restriccion
1062,1073,restriccion
1062,1080,restriccion
1062,1089,restriccion
1062,1098,restriccion
1062,1107,restriccion
1062,1116,restriccion
1062,1125,restriccion
1063,1064,restriccion
1063,1065,restriccion
1063,1066,restriccion
1063,1067,restriccion
1063,1068,restriccion
1063,1069,restriccion
1063,1070,restriccion
1063,1071,restriccion
1063,1072,restriccion
1063,1073,restriccion
1063,1081,restriccion
1063,1090,restriccion
1063,1099,restriccion
1063,1108,restriccion
1063,1117,restriccion
1063,1126,restriccion
1064,1065,restriccion
1064,1066,restriccion
1064,1067,restriccion
1064,1068,restriccion
1064,1069,restriccion
1064,1070,restriccion
1064,1071,restriccion
1064,1072,restriccion
1064,1073,restriccion
1064,1082,restriccion
1064,1091,restriccion
1064,1100,restriccion
1064,1109,restriccion
1064,1118,restriccion
1064,1127,restriccion
1065,1066,restriccion
1065,1067,restriccion
1065,1068,restriccion
1065,1069,restriccion
1065,1070,restriccion
1065,1074,restriccion
1065,1075,restriccion
1065,1076,restriccion
1065,1083,restriccion
1065,1092,restriccion
1065,1101,restriccion
1065,1110,restriccion
1065,1119,restriccion
1065,1128,restriccion
1066,1067,restriccion
1066,1068,restriccion
1066,1069,restriccion
1066,1070,restriccion
1066,1074,restriccion
1066,1075,restriccion
1066,1076,restriccion
1066,1084,restriccion
1066,1093,restriccion
1066,1102,restriccion
1066,1111,restriccion
1066,1120,restriccion
1066,1129,restriccion
1067,1068,restriccion
1067,1069,restriccion
1067,1070,restriccion
1067,1074,restriccion
1067,1075,restriccion
1067,1076,restriccion
1067,1085,restriccion
1067,1094,restriccion
1067,1103,restriccion
1067,1112,restriccion
1067,1121,restriccion
1067,1130,restriccion
1068,1069,restriccion
1068,1070,restriccion
1068,1077,restriccion
1068,1078,restriccion
1068,1079,restriccion
1068,1086,restriccion
1068,1095,restriccion
1068,1104,restriccion
1068,1113,restriccion
1068,1122,restriccion
1068,1131,restriccion
1069,1070,restriccion
1069,1077,restriccion
1069,1078,restriccion
1069,1079,restriccion
1069,1087,restriccion
1069,1096,restriccion
1069,1105,restriccion
1069,1114,restriccion
1069,1123,restriccion
1069,1132,restriccion
1070,1077,restriccion
1070,1078,restriccion
1070,1079,restriccion
1070,1088,restriccion
1070,1097,restriccion
1070,1106,restriccion
1070,1115,restriccion
1070,1124,restriccion
1070,1133,restriccion
1071,1072,restriccion
1071,1073,restriccion
1071,1074,restriccion
1071,1075,restriccion
1071,1076,restriccion
1071,1077,restriccion
1071,1078,restriccion
1071,1079,restriccion
1071,1080,restriccion
1071,1089,restriccion
1071,1098,restriccion
1071,1107,restriccion
1071,1116,restriccion
1071,1125,restriccion
1072,1073,restriccion
1072,1074,restriccion
1072,1075,restriccion
1072,1076,restriccion
1072,1077,restriccion
1072,1078,restriccion
1072,1079,restriccion
1072,1081,restriccion
1072,1090,restriccion
1072,1099,restriccion
1072,1108,restriccion
1072,1117,restriccion
1072,1126,restriccion
1073,1074,restriccion
1073,1075,restriccion
1073,1076,restriccion
1073,1077,restriccion
1073,1078,restriccion
1073,1079,restriccion
1073,1082,restriccion
1073,1091,restriccion
1073,1100,restriccion
1073,1109,restriccion
1073,1118,restriccion
1073,1127,restriccion
1074,1075,restriccion
1074,1076,restriccion
1074,1077,restriccion
1074,1078,restriccion
1074,1079,restriccion
1074,1083,restriccion
1074,1092,restriccion
1074,1101,restriccion
1074,1110,restriccion
1074,1119,restriccion
1074,1128,restriccion
1075,1076,restriccion
1075,1077,restriccion
1075,1078,restriccion
1075,1079,restriccion
1075,1084,restriccion
1075,1093,restriccion
1075,1102,restriccion
1075,1111,restriccion
1075,1120,restriccion
1075,1129,restriccion
1076,1077,restriccion
1076,1078,restriccion
1076,1079,restriccion
1076,1085,restriccion
1076,1094,restriccion
1076,1103,restriccion
1076,1112,restriccion
1076,1121,restriccion
1076,1130,restriccion
1077,1078,restriccion
1077,1079,restriccion
1077,1086,restriccion
1077,1095,restriccion
1077,1104,restriccion
1077,1113,restriccion
1077,1122,restriccion
1077,1131,restriccion
1078,1079,restriccion
1078,1087,restriccion
1078,1096,restriccion
1078,1105,restriccion
1078,1114,restriccion
1078,1123,restriccion
1078,1132,restriccion
1079,1088,restriccion
1079,1097,restriccion
1079,1106,restriccion
1079,1115,restriccion
1079,1124,restriccion
1079,1133,restriccion
1080,1081,restriccion
1080,1082,restriccion
1080,1083,restriccion
1080,1084,restriccion
1080,1085,restriccion
1080,1086,restriccion
1080,1087,restriccion
1080,1088,restriccion
1080,1089,restriccion
1080,1090,restriccion
1080,1091,restriccion
1080,1098,restriccion
1080,1099,restriccion
1080,1100,restriccion
1080,1107,restriccion
1080,1116,restriccion
1080,1125,restriccion
1081,1082,restriccion
1081,1083,restriccion
1081,1084,restriccion
1081,1085,restriccion
1081,1086,restriccion
1081,1087,restriccion
1081,1088,restriccion
1081,1089,restriccion
1081,1090,restriccion
1081,1091,restriccion
1081,1098,restriccion
1081,1099,restriccion
1081,1100,restriccion
1081,1108,restriccion
1081,1117,restriccion
1081,1126,restriccion
1082,1083,restriccion
1082,1084,restriccion
1082,1085,restriccion
1082,1086,restriccion
1082,1087,restriccion
1082,1088,restriccion
1082,1089,restriccion
1082,1090,restriccion
1082,1091,restriccion
1082,1098,restriccion
1082,1099,restriccion
1082,1100,restriccion
1082,1109,restriccion
1082,1118,restriccion
1082,1127,restriccion
1083,1084,restriccion
1083,1085,restriccion
1083,1086,restriccion
1083,1087,restriccion
1083,1088,restriccion
1083,1092,restriccion
1083,1093,restriccion
1083,1094,restriccion
1083,1101,restriccion
1083,1102,restriccion
1083,1103,restriccion
1083,1110,restriccion
1083,1119,restriccion
1083,1128,restriccion
1084,1085,restriccion
1084,1086,restriccion
1084,1087,restriccion
1084,1088,restriccion
1084,1092,restriccion
1084,1093,restriccion
1084,1094,restriccion
1084,1101,restriccion
1084,1102,restriccion
1084,1103,restriccion
1084,1111,restriccion
1084,1120,restriccion
1084,1129,restriccion
1085,1086,restriccion
1085,1087,restriccion
1085,1088,restriccion
1085,1092,restriccion
1085,1093,restriccion
1085,1094,restriccion
1085,1101,restriccion
1085,1102,restriccion
1085,1103,restriccion
1085,1112,restriccion
1085,1121,restriccion
1085,1130,restriccion
1086,1087,restriccion
1086,1088,restriccion
1086,1095,restriccion
1086,1096,restriccion
1086,1097,restriccion
1086,1104,restriccion
1086,1105,restriccion
1086,1106,restriccion
1086,1113,restriccion
1086,1122,restriccion
1086,1131,restriccion
1087,1088,restriccion
1087,1095,restriccion
1087,1096,restriccion
1087,1097,restriccion
1087,1104,restriccion
1087,1105,restriccion
1087,1106,restriccion
1087,1114,restriccion
1087,1123,restriccion
1087,1132,restriccion
1088,1095,restriccion
1088,1096,restriccion
1088,1097,restriccion
1088,1104,restriccion
1088,1105,restriccion
1088,1106,restriccion
1088,1115,restriccion
1088,1124,restriccion
1088,1133,restriccion
1089,1090,restriccion
1089,1091,restriccion
1089,1092,restriccion
1089,1093,restriccion
1089,1094,restriccion
1089,1095,restriccion
1089,1096,restriccion
1089,1097,restriccion
1089,1098,restriccion
1089,1099,restriccion
1089,1100,restriccion
1089,1107,restriccion
1089,1116,restriccion
1089,1125,restriccion
1090,1091,restriccion
1090,1092,restriccion
1090,1093,restriccion
1090,1094,restriccion
1090,1095,restriccion
1090,1096,restriccion
1090,1097,restriccion
1090,1098,restriccion
1090,1099,restriccion
1090,1100,restriccion
1090,1108,restriccion
1090,1117,restriccion
1090,1126,restriccion
1091,1092,restriccion
1091,1093,restriccion
1091,1094,restriccion
1091,1095,restriccion
1091,1096,restriccion
1091,1097,restriccion
1091,1098,restriccion
1091,1099,restriccion
1091,1100,restriccion
1091,1109,restriccion
1091,1118,restriccion
1091,1127,restriccion
1092,1093,restriccion
1092,1094,restriccion
1092,1095,restriccion
1092,1096,restriccion
1092,1097,restriccion
1092,1101,restriccion
1092,1102,restriccion
1092,1103,restriccion
1092,1110,restriccion
1092,1119,restriccion
1092,1128,restriccion
1093,1094,restriccion
1093,1095,restriccion
1093,1096,restriccion
1093,1097,restriccion
1093,1101,restriccion
1093,1102,restriccion
1093,1103,restriccion
1093,1111,restriccion
1093,1120,restriccion
1093,1129,restriccion
1094,1095,restriccion
1094,1096,restriccion
1094,1097,restriccion
1094,1101,restriccion
1094,1102,restriccion
1094,1103,restriccion
1094,1112,restriccion
1094,1121,restriccion
1094,1130,restriccion
1095,1096,restriccion
1095,1097,restriccion
1095,1104,restriccion
1095,1105,restriccion
1095,1106,restriccion
1095,1113,restriccion
1095,1122,restriccion
1095,1131,restriccion
1096,1097,restriccion
1096,1104,restriccion
1096,1105,restriccion
1096,1106,restriccion
1096,1114,restriccion
1096,1123,restriccion
1096,1132,restriccion
1097,1104,restriccion
1097,1105,restriccion
1097,1106,restriccion
1097,1115,restriccion
1097,1124,restriccion
1097,1133,restriccion
1098,1099,restriccion
1098,1100,restriccion
1098,1101,restriccion
1098,1102,restriccion
1098,1103,restriccion
1098,1104,restriccion
1098,1105,restriccion
1098,1106,restriccion
1098,1107,restriccion
1098,1116,restriccion
1098,1125,restriccion
1099,1100,restriccion
1099,1101,restriccion
1099,1102,restriccion
1099,1103,restriccion
1099,1104,restriccion
1099,1105,restriccion
1099,1106,restriccion
1099,1108,restriccion
1099,1117,restriccion
1099,1126,restriccion
1100,1101,restriccion
1100,1102,restriccion
1100,1103,restriccion
1100,1104,restriccion
1100,1105,restriccion
1100,1106,restriccion
1100,1109,restriccion
1100,1118,restriccion
1100,1127,restriccion
1101,1102,restriccion
1101,1103,restriccion
1101,1104,restriccion
1101,1105,restriccion
1101,1106,restriccion
1101,1110,restriccion
1101,1119,restriccion
1101,1128,restriccion
1102,1103,restriccion
1102,1104,restriccion
1102,1105,restriccion
1102,1106,restriccion
1102,1111,restriccion
1102,1120,restriccion
1102,1129,restriccion
1103,1104,restriccion
1103,1105,restriccion
1103,1106,restriccion
1103,1112,restriccion
1103,1121,restriccion
1103,1130,restriccion
1104,1105,restriccion
1104,1106,restriccion
1104,1113,restriccion
1104,1122,restriccion
1104,1131,restriccion
1105,1106,restriccion
1105,1114,restriccion
1105,1123,restriccion
1105,1132,restriccion
1106,1115,restriccion
1106,1124,restriccion
1106,1133,restriccion
1107,1108,restriccion
1107,1109,restriccion
1107,1110,restriccion
1107,1111,restriccion
1107,1112,restriccion
1107,1113,restriccion
1107,1114,restriccion
1107,1115,restriccion
1107,1116,restriccion
1107,1117,restriccion
1107,1118,restriccion
1107,1125,restriccion
1107,1126,restriccion
1107,1127,restriccion
1108,1109,restriccion
1108,1110,restriccion
1108,1111,restriccion
1108,1112,restriccion
1108,1113,restriccion
1108,1114,restriccion
1108,1115,restriccion
1108,1116,restriccion
1108,1117,restriccion
1108,1118,restriccion
1108,1125,restriccion
1108,1126,restriccion
1108,1127,restriccion
1109,1110,restriccion
1109,1111,restriccion
1109,1112,restriccion
1109,1113,restriccion
1109,1114,restriccion
1109,1115,restriccion
1109,1116,restriccion
1109,1117,restriccion
1109,1118,restriccion
1109,1125,restriccion
1109,1126,restriccion
1109,1127,restriccion
1110,1111,restriccion
1110,1112,restriccion
1110,1113,restriccion
1110,1114,restriccion
1110,1115,restriccion
1110,1119,restriccion
1110,1120,restriccion
1110,1121,restriccion
1110,1128,restriccion
1110,1129,restriccion
1110,1130,restriccion
1111,1112,restriccion
1111,1113,restriccion
1111,1114,restriccion
1111,1115,restriccion
1111,1119,restriccion
1111,1120,restriccion
1111,1121,restriccion
1111,1128,restriccion
1111,1129,restriccion
1111,1130,restriccion
1112,1113,restriccion
1112,1114,restriccion
1112,1115,restriccion
1112,1119,restriccion
1112,1120,restriccion
1112,1121,restriccion
1112,1128,restriccion
1112,1129,restriccion
1112,1130,restriccion
1113,1114,restriccion
1113,1115,restriccion
1113,1122,restriccion
1113,1123,restriccion
1113,1124,restriccion
1113,1131,restriccion
1113,1132,restriccion
1113,1133,restriccion
1114,1115,restriccion
1114,1122,restriccion
1114,1123,restriccion
1114,1124,restriccion
1114,1131,restriccion
1114,1132,restriccion
1114,1133,restriccion
1115,1122,restriccion
1115,1123,restriccion
1115,1124,restriccion
1115,1131,restriccion
1115,1132,restriccion
1115,1133,restriccion
1116,1117,restriccion
1116,1118,restriccion
1116,1119,restriccion
1116,1120,restriccion
1116,1121,restriccion
1116,1122,restriccion
1116,1123,restriccion
1116,1124,restriccion
1116,1125,restriccion
1116,1126,restriccion
1116,1127,restriccion
1117,1118,restriccion
1117,1119,restriccion
1117,1120,restriccion
1117,1121,restriccion
1117,1122,restriccion
1117,1123,restriccion
1117,1124,restriccion
1117,1125,restriccion
1117,1126,restriccion
1117,1127,restriccion
1118,1119,restriccion
1118,1120,restriccion
1118,1121,restriccion
1118,1122,restriccion
1118,1123,restriccion
1118,1124,restriccion
1118,1125,restriccion
1118,1126,restriccion
1118,1127,restriccion
1119,1120,restriccion
1119,1121,restriccion
1119,1122,restriccion
1119,1123,restriccion
1119,1124,restriccion
1119,1128,restriccion
1119,1129,restriccion
1119,1130,restriccion
1120,1121,restriccion
1120,1122,restriccion
1120,1123,restriccion
1120,1124,restriccion
1120,1128,restriccion
1120,1129,restriccion
1120,1130,restriccion
1121,1122,restriccion
1121,1123,restriccion
1121,1124,restriccion
1121,1128,restriccion
1121,1129,restriccion
1121,1130,restriccion
1122,1123,restriccion
1122,1124,restriccion
1122,1131,restriccion
1122,1132,restriccion
1122,1133,restriccion
1123,1124,restriccion
1123,1131,restriccion
1123,1132,restriccion
1123,1133,restriccion
1124,1131,restriccion
1124,1132,restriccion
1124,1133,restriccion
1125,1126,restriccion
1125,1127,restriccion
1125,1128,restriccion
1125,1129,restriccion
1125,1130,restriccion
1125,1131,restriccion
1125,1132,restriccion
1125,1133,restriccion
1126,1127,restriccion
1126,1128,restriccion
1126,1129,restriccion
1126,1130,restriccion
1126,1131,restriccion
1126,1132,restriccion
1126,1133,restriccion
1127,1128,restriccion
1127,1129,restriccion
1127,1130,restriccion
1127,1131,restriccion
1127,1132,restriccion
1127,1133,restriccion
1128,1129,restriccion
1128,1130,restriccion
1128,1131,restriccion
1128,1132,restriccion
1128,1133,restriccion
1129,1130,restriccion
1129,1131,restriccion
1129,1132,restriccion
1129,1133,restriccion
1130,1131,restriccion
1130,1132,restriccion
1130,1133,restriccion
1131,1132,restriccion
1131,1133,restriccion
1132,1133,restriccion
1134,1135,restriccion
1134,1136,restriccion
1134,1137,restriccion
1134,1138,restriccion
1134,1139,restriccion
1134,1140,restriccion
1134,1141,restriccion
1134,1142,restriccion
1134,1143,restriccion
1134,1144,restriccion
1134,1145,restriccion
1134,1152,restriccion
1134,1153,restriccion
1134,1154,restriccion
1134,1161,restriccion
1134,1170,restriccion
1134,1179,restriccion
1134,1188,restriccion
1134,1197,restriccion
1134,1206,restriccion
1135,1136,restriccion
1135,1137,restriccion
1135,1138,restriccion
1135,1139,restriccion
1135,1140,restriccion
1135,1141,restriccion
1135,1142,restriccion
1135,1143,restriccion
1135,1144,restriccion
1135,1145,restriccion
1135,1152,restriccion
1135,1153,restriccion
1135,1154,restriccion
1135,1162,restriccion
1135,1171,restriccion
1135,1180,restriccion
1135,1189,restriccion
1135,1198,restriccion
1135,1207,restriccion
1136,1137,restriccion
1136,1138,restriccion
1136,1139,restriccion
1136,1140,restriccion
1136,1141,restriccion
1136,1142,restriccion
1136,1143,restriccion
1136,1144,restriccion
1136,1145,restriccion
1136,1152,restriccion
1136,1153,restriccion
1136,1154,restriccion
1136,1163,restriccion
1136,1172,restriccion
1136,1181,restriccion
1136,1190,restriccion
1136,1199,restriccion
1136,1208,restriccion
1137,1138,restriccion
1137,1139,restriccion
1137,1140,restriccion
1137,1141,restriccion
1137,1142,restriccion
1137,1146,restriccion
1137,1147,restriccion
1137,1148,restriccion
1137,1155,restriccion
1137,1156,restriccion
1137,1157,restriccion
1137,1164,restriccion
1137,1173,restriccion
1137,1182,restriccion
1137,1191,restriccion
1137,1200,restriccion
1137,1209,restriccion
1138,1139,restriccion
1138,1140,restriccion
1138,1141,restriccion
1138,1142,restriccion
1138,1146,restriccion
1138,1147,restriccion
1138,1148,restriccion
1138,1155,restriccion
1138,1156,restriccion
1138,1157,restriccion
1138,1165,restriccion
1138,1174,restriccion
1138,1183,restriccion
1138,1192,restriccion
1138,1201,restriccion
1138,1210,restriccion
1139,1140,restriccion
1139,1141,restriccion
1139,1142,restriccion
1139,1146,restriccion
1139,1147,restriccion
1139,1148,restriccion
1139,1155,restriccion
1139,1156,restriccion
1139,1157,restriccion
1139,1166,restriccion
1139,1175,restriccion
1139,1184,restriccion
1139,1193,restriccion
1139,1202,restriccion
1139,1211,restriccion
1140,1141,restriccion
1140,1142,restriccion
1140,1149,restriccion
1140,1150,restriccion
1140,1151,restriccion
1140,1158,restriccion
1140,1159,restriccion
1140,1160,restriccion
1140,1167,restriccion
1140,1176,restriccion
1140,1185,restriccion
1140,1194,restriccion
1140,1203,restriccion
1140,1212,restriccion
1141,1142,restriccion
1141,1149,restriccion
1141,1150,restriccion
1141,1151,restriccion
1141,1158,restriccion
1141,1159,restriccion
1141,1160,restriccion
1141,1168,restriccion
1141,1177,restriccion
1141,1186,restriccion
1141,1195,restriccion
1141,1204,restriccion
1141,1213,restriccion
1142,1149,restriccion
1142,1150,restriccion
1142,1151,restriccion
1142,1158,restriccion
1142,1159,restriccion
1142,1160,restriccion
1142,1169,restriccion
1142,1178,restriccion
1142,1187,restriccion
1142,1196,restriccion
1142,1205,restriccion
1142,1214,restriccion
1143,1144,restriccion
1143,1145,restriccion
1143,1146,restriccion
1143,1147,restriccion
1143,1148,restriccion
1143,1149,restriccion
1143,1150,restriccion
1143,1151,restriccion
1143,1152,restriccion
1143,1153,restriccion
1143,1154,restriccion
1143,1161,restriccion
1143,1170,restriccion
1143,1179,restriccion
1143,1188,restriccion
1143,1197,restriccion
1143,1206,restriccion
1144,1145,restriccion
1144,1146,restriccion
1144,1147,restriccion
1144,1148,restriccion
1144,1149,restriccion
1144,1150,restriccion
1144,1151,restriccion
1144,1152,restriccion
1144,1153,restriccion
1144,1154,restriccion
1144,1162,restriccion
1144,1171,restriccion
1144,1180,restriccion
1144,1189,restriccion
1144,1198,restriccion
1144,1207,restriccion
1145,1146,restriccion
1145,1147,restriccion
1145,1148,restriccion
1145,1149,restriccion
1145,1150,restriccion
1145,1151,restriccion
1145,1152,restriccion
1145,1153,restriccion
1145,1154,restriccion
1145,1163,restriccion
1145,1172,restriccion
1145,1181,restriccion
1145,1190,restriccion
1145,1199,restriccion
1145,1208,restriccion
1146,1147,restriccion
1146,1148,restriccion
1146,1149,restriccion
1146,1150,restriccion
1146,1151,restriccion
1146,1155,restriccion
1146,1156,restriccion
1146,1157,restriccion
1146,1164,restriccion
1146,1173,restriccion
1146,1182,restriccion
1146,1191,restriccion
1146,1200,restriccion
1146,1209,restriccion
1147,1148,restriccion
1147,1149,restriccion
1147,1150,restriccion
1147,1151,restriccion
1147,1155,restriccion
1147,1156,restriccion
1147,1157,restriccion
1147,1165,restriccion
1147,1174,restriccion
1147,1183,restriccion
1147,1192,restriccion
1147,1201,restriccion
1147,1210,restriccion
1148,1149,restriccion
1148,1150,restriccion
1148,1151,restriccion
1148,1155,restriccion
1148,1156,restriccion
1148,1157,restriccion
1148,1166,restriccion
1148,1175,restriccion
1148,1184,restriccion
1148,1193,restriccion
1148,1202,restriccion
1148,1211,restriccion
1149,1150,restriccion
1149,1151,restriccion
1149,1158,restriccion
1149,1159,restriccion
1149,1160,restriccion
1149,1167,restriccion
1149,1176,restriccion
1149,1185,restriccion
1149,1194,restriccion
1149,1203,restriccion
1149,1212,restriccion
1150,1151,restriccion
1150,1158,restriccion
1150,1159,restriccion
1150,1160,restriccion
1150,1168,restriccion
1150,1177,restriccion
1150,1186,restriccion
1150,1195,restriccion
1150,1204,restriccion
1150,1213,restriccion
1151,1158,restriccion
1151,1159,restriccion
1151,1160,restriccion
1151,1169,restriccion
1151,1178,restriccion
1151,1187,restriccion
1151,1196,restriccion
1151,1205,restriccion
1151,1214,restriccion
1152,1153,restriccion
1152,1154,restriccion
1152,1155,restriccion
1152,1156,restriccion
1152,1157,restriccion
1152,1158,restriccion
1152,1159,restriccion
1152,1160,restriccion
1152,1161,restriccion
1152,1170,restriccion
1152,1179,restriccion
1152,1188,restriccion
1152,1197,restriccion
1152,1206,restriccion
1153,1154,restriccion
1153,1155,restriccion
1153,1156,restriccion
1153,1157,restriccion
1153,1158,restriccion
1153,1159,restriccion
1153,1160,restriccion
1153,1162,restriccion
1153,1171,restriccion
1153,1180,restriccion
1153,1189,restriccion
1153,1198,restriccion
1153,1207,restriccion
1154,1155,restriccion
1154,1156,restriccion
1154,1157,restriccion
1154,1158,restriccion
1154,1159,restriccion
1154,1160,restriccion
1154,1163,restriccion
1154,1172,restriccion
1154,1181,restriccion
1154,1190,restriccion
1154,1199,restriccion
1154,1208,restriccion
1155,1156,restriccion
1155,1157,restriccion
1155,1158,restriccion
1155,1159,restriccion
1155,1160,restriccion
1155,1164,restriccion
1155,1173,restriccion
1155,1182,restriccion
1155,1191,restriccion
1155,1200,restriccion
1155,1209,restriccion
1156,1157,restriccion
1156,1158,restriccion
1156,1159,restriccion
1156,1160,restriccion
1156,1165,restriccion
1156,1174,restriccion
1156,1183,restriccion
1156,1192,restriccion
1156,1201,restriccion
1156,1210,restriccion
1157,1158,restriccion
1157,1159,restriccion
1157,1160,restriccion
1157,1166,restriccion
1157,1175,restriccion
1157,1184,restriccion
1157,1193,restriccion
1157,1202,restriccion
1157,1211,restriccion
1158,1159,restriccion
1158,1160,restriccion
1158,1167,restriccion
1158,1176,restriccion
1158,1185,restriccion
1158,1194,restriccion
1158,1203,restriccion
1158,1212,restriccion
1159,1160,restriccion
1159,1168,restriccion
1159,1177,restriccion
1159,1186,restriccion
1159,1195,restriccion
1159,1204,restriccion
1159,1213,restriccion
1160,1169,restriccion
1160,1178,restriccion
1160,1187,restriccion
1160,1196,restriccion
1160,1205,restriccion
1160,1214,restriccion
1161,1162,restriccion
1161,1163,restriccion
1161,1164,restriccion
1161,1165,restriccion
1161,1166,restriccion
1161,1167,restriccion
1161,1168,restriccion
1161,1169,restriccion
1161,1170,restriccion
1161,1171,restriccion
1161,1172,restriccion
1161,1179,restriccion
1161,1180,restriccion
1161,1181,restriccion
1161,1188,restriccion
1161,1197,restriccion
1161,1206,restriccion
1162,1163,restriccion
1162,1164,restriccion
1162,1165,restriccion
1162,1166,restriccion
1162,1167,restriccion
1162,1168,restriccion
1162,1169,restriccion
1162,1170,restriccion
1162,1171,restriccion
1162,1172,restriccion
1162,1179,restriccion
1162,1180,restriccion
1162,1181,restriccion
1162,1189,restriccion
1162,1198,restriccion
1162,1207,restriccion
1163,1164,restriccion
1163,1165,restriccion
1163,1166,restriccion
1163,1167,restriccion
1163,1168,restriccion
1163,1169,restriccion
1163,1170,restriccion
1163,1171,restriccion
1163,1172,restriccion
1163,1179,restriccion
1163,1180,restriccion
1163,1181,restriccion
1163,1190,restriccion
1163,1199,restriccion
1163,1208,restriccion
1164,1165,restriccion
1164,1166,restriccion
1164,1167,restriccion
1164,1168,restriccion
1164,1169,restriccion
1164,1173,restriccion
1164,1174,restriccion
1164,1175,restriccion
1164,1182,restriccion
1164,1183,restriccion
1164,1184,restriccion
1164,1191,restriccion
1164,1200,restriccion
1164,1209,restriccion
1165,1166,restriccion
1165,1167,restriccion
1165,1168,restriccion
1165,1169,restriccion
1165,1173,restriccion
1165,1174,restriccion
1165,1175,restriccion
1165,1182,restriccion
1165,1183,restriccion
1165,1184,restriccion
1165,1192,restriccion
1165,1201,restriccion
1165,1210,restriccion
1166,1167,restriccion
1166,1168,restriccion
1166,1169,restriccion
1166,1173,restriccion
1166,1174,restriccion
1166,1175,restriccion
1166,1182,restriccion
1166,1183,restriccion
1166,1184,restriccion
1166,1193,restriccion
1166,1202,restriccion
1166,1211,restriccion
1167,1168,restriccion
1167,1169,restriccion
1167,1176,restriccion
1167,1177,restriccion
1167,1178,restriccion
1167,1185,restriccion
1167,1186,restriccion
1167,1187,restriccion
1167,1194,restriccion
1167,1203,restriccion
1167,1212,restriccion
1168,1169,restriccion
1168,1176,restriccion
1168,1177,restriccion
1168,1178,restriccion
1168,1185,restriccion
1168,1186,restriccion
1168,1187,restriccion
1168,1195,restriccion
1168,1204,restriccion
1168,1213,restriccion
1169,1176,restriccion
1169,1177,restriccion
1169,1178,restriccion
1169,1185,restriccion
1169,1186,restriccion
1169,1187,restriccion
1169,1196,restriccion
1169,1205,restriccion
1169,1214,restriccion
1170,1171,restriccion
1170,1172,restriccion
1170,1173,restriccion
1170,1174,restriccion
1170,1175,restriccion
1170,1176,restriccion
1170,1177,restriccion
1170,1178,restriccion
1170,1179,restriccion
1170,1180,restriccion
1170,1181,restriccion
1170,1188,restriccion
1170,1197,restriccion
1170,1206,restriccion
1171,1172,restriccion
1171,1173,restriccion
1171,1174,restriccion
1171,1175,restriccion
1171,1176,restriccion
1171,1177,restriccion
1171,1178,restriccion
1171,1179,restriccion
1171,1180,restriccion
1171,1181,restriccion
1171,1189,restriccion
1171,1198,restriccion
1171,1207,restriccion
1172,1173,restriccion
1172,1174,restriccion
1172,1175,restriccion
1172,1176,restriccion
1172,1177,restriccion
1172,1178,restriccion
1172,1179,restriccion
1172,1180,restriccion
1172,1181,restriccion
1172,1190,restriccion
1172,1199,restriccion
1172,1208,restriccion
1173,1174,restriccion
1173,1175,restriccion
1173,1176,restriccion
1173,1177,restriccion
1173,1178,restriccion
1173,1182,restriccion
1173,1183,restriccion
1173,1184,restriccion
1173,1191,restriccion
1173,1200,restriccion
1173,1209,restriccion
1174,1175,restriccion
1174,1176,restriccion
1174,1177,restriccion
1174,1178,restriccion
1174,1182,restriccion
1174,1183,restriccion
1174,1184,restriccion
1174,1192,restriccion
1174,1201,restriccion
1174,1210,restriccion
1175,1176,restriccion
1175,1177,restriccion
1175,1178,restriccion
1175,1182,restriccion
1175,1183,restriccion
1175,1184,restriccion
1175,1193,restriccion
1175,1202,restriccion
1175,1211,restriccion
1176,1177,restriccion
1176,1178,restriccion
1176,1185,restriccion
1176,1186,restriccion
1176,1187,restriccion
1176,1194,restriccion
1176,1203,restriccion
1176,1212,restriccion
1177,1178,restriccion
1177,1185,restriccion
1177,1186,restriccion
1177,1187,restriccion
1177,1195,restriccion
1177,1204,restriccion
1177,1213,restriccion
1178,1185,restriccion
1178,1186,restriccion
1178,1187,restriccion
1178,1196,restriccion
1178,1205,restriccion
1178,1214,restriccion
1179,1180,restriccion
1179,1181,restriccion
1179,1182,restriccion
1179,1183,restriccion
1179,1184,restriccion
1179,1185,restriccion
1179,1186,restriccion
1179,1187,restriccion
1179,1188,restriccion
1179,1197,restriccion
1179,1206,restriccion
1180,1181,restriccion
1180,1182,restriccion
1180,1183,restriccion
1180,1184,restriccion
1180,1185,restriccion
1180,1186,restriccion
1180,1187,restriccion
1180,1189,restriccion
1180,1198,restriccion
1180,1207,restriccion
1181,1182,restriccion
1181,1183,restriccion
1181,1184,restriccion
1181,1185,restriccion
1181,1186,restriccion
1181,1187,restriccion
1181,1190,restriccion
1181,1199,restriccion
1181,1208,restriccion
1182,1183,restriccion
1182,1184,restriccion
1182,1185,restriccion
1182,1186,restriccion
1182,1187,restriccion
1182,1191,restriccion
1182,1200,restriccion
1182,1209,restriccion
1183,1184,restriccion
1183,1185,restriccion
1183,1186,restriccion
1183,1187,restriccion
1183,1192,restriccion
1183,1201,restriccion
1183,1210,restriccion
1184,1185,restriccion
1184,1186,restriccion
1184,1187,restriccion
1184,1193,restriccion
1184,1202,restriccion
1184,1211,restriccion
1185,1186,restriccion
1185,1187,restriccion
1185,1194,restriccion
1185,1203,restriccion
1185,1212,restriccion
1186,1187,restriccion
1186,1195,restriccion
1186,1204,restriccion
1186,1213,restriccion
1187,1196,restriccion
1187,1205,restriccion
1187,1214,restriccion
1188,1189,restriccion
1188,1190,restriccion
1188,1191,restriccion
1188,1192,restriccion
1188,1193,restriccion
1188,1194,restriccion
1188,1195,restriccion
1188,1196,restriccion
1188,1197,restriccion
1188,1198,restriccion
1188,1199,restriccion
1188,1206,restriccion
1188,1207,restriccion
1188,1208,restriccion
1189,1190,restriccion
1189,1191,restriccion
1189,1192,restriccion
1189,1193,restriccion
1189,1194,restriccion
1189,1195,restriccion
1189,1196,restriccion
1189,1197,restriccion
1189,1198,restriccion
1189,1199,restriccion
1189,1206,restriccion
1189,1207,restriccion
1189,1208,restriccion
1190,1191,restriccion
1190,1192,restriccion
1190,1193,restriccion
1190,1194,restriccion
1190,1195,restriccion
1190,1196,restriccion
1190,1197,restriccion
1190,1198,restriccion
1190,1199,restriccion
1190,1206,restriccion
1190,1207,restriccion
1190,1208,restriccion
1191,1192,restriccion
1191,1193,restriccion
1191,1194,restriccion
1191,1195,restriccion
1191,1196,restriccion
1191,1200,restriccion
1191,1201,restriccion
1191,1202,restriccion
1191,1209,restriccion
1191,1210,restriccion
1191,1211,restriccion
1192,1193,restriccion
1192,1194,restriccion
1192,1195,restriccion
1192,1196,restriccion
1192,1200,restriccion
1192,1201,restriccion
1192,1202,restriccion
1192,1209,restriccion
1192,1210,restriccion
1192,1211,restriccion
1193,1194,restriccion
1193,1195,restriccion
1193,1196,restriccion
1193,1200,restriccion
1193,1201,restriccion
1193,1202,restriccion
1193,1209,restriccion
1193,1210,restriccion
1193,1211,restriccion
1194,1195,restriccion
1194,1196,restriccion
1194,1203,restriccion
1194,1204,restriccion
1194,1205,restriccion
1194,1212,restriccion
1194,1213,restriccion
1194,1214,restriccion
1195,1196,restriccion
1195,1203,restriccion
1195,1204,restriccion
1195,1205,restriccion
1195,1212,restriccion
1195,1213,restriccion
1195,1214,restriccion
1196,1203,restriccion
1196,1204,restriccion
1196,1205,restriccion
1196,1212,restriccion
1196,1213,restriccion
1196,1214,restriccion
1197,1198,restriccion
1197,1199,restriccion
1197,1200,restriccion
1197,1201,restriccion
1197,1202,restriccion
1197,1203,restriccion
1197,1204,restriccion
1197,1205,restriccion
1197,1206,restriccion
1197,1207,restriccion
1197,1208,restriccion
1198,1199,restriccion
1198,1200,restriccion
1198,1201,restriccion
1198,1202,restriccion
1198,1203,restriccion
1198,1204,restriccion
1198,1205,restriccion
1198,1206,restriccion
1198,1207,restriccion
1198,1208,restriccion
1199,1200,restriccion
1199,1201,restriccion
1199,1202,restriccion
1199,1203,restriccion
1199,1204,restriccion
1199,1205,restriccion
1199,1206,restriccion
1199,1207,restriccion
1199,1208,restriccion
1200,1201,restriccion
1200,1202,restriccion
1200,1203,restriccion
1200,1204,restriccion
1200,1205,restriccion
1200,1209,restriccion
1200,1210,restriccion
1200,1211,restriccion
1201,1202,restriccion
1201,1203,restriccion
1201,1204,restriccion
1201,1205,restriccion
1201,1209,restriccion
1201,1210,restriccion
1201,1211,restriccion
1202,1203,restriccion
1202,1204,restriccion
1202,1205,restriccion
1202,1209,restriccion
1202,1210,restriccion
1202,1211,restriccion
1203,1204,restriccion
1203,1205,restriccion
1203,1212,restriccion
1203,1213,restriccion
1203,1214,restriccion
1204,1205,restriccion
1204,1212,restriccion
1204,1213,restriccion
1204,1214,restriccion
1205,1212,restriccion
1205,1213,restriccion
1205,1214,restriccion
1206,1207,restriccion
1206,1208,restriccion
1206,1209,restriccion
1206,1210,restriccion
1206,1211,restriccion
1206,1212,restriccion
1206,1213,restriccion
1206,1214,restriccion
1207,1208,restriccion
1207,1209,restriccion
1207,1210,restriccion
1207,1211,restriccion
1207,1212,restriccion
1207,1213,restriccion
1207,1214,restriccion
1208,1209,restriccion
1208,1210,restriccion
1208,1211,restriccion
1208,1212,restriccion
1208,1213,restriccion
1208,1214,restriccion
1209,1210,restriccion
1209,1211,restriccion
1209,1212,restriccion
1209,1213,restriccion
1209,1214,restriccion
1210,1211,restriccion
1210,1212,restriccion
1210,1213,restriccion
1210,1214,restriccion
1211,1212,restriccion
1211,1213,restriccion
1211,1214,restriccion
1212,1213,restriccion
1212,1214,restriccion
1213,1214,restriccion
1215,1216,restriccion
1215,1217,restriccion
1215,1218,restriccion
1215,1219,restriccion
1215,1220,restriccion
1215,1221,restriccion
1215,1222,restriccion
1215,1223,restriccion
1215,1224,restriccion
1215,1225,restriccion
1215,1226,restriccion
1215,1233,restriccion
1215,1234,restriccion
1215,1235,restriccion
1215,1242,restriccion
1215,1251,restriccion
1215,1260,restriccion
1215,1269,restriccion
1215,1278,restriccion
1215,1287,restriccion
1216,1217,restriccion
1216,1218,restriccion
1216,1219,restriccion
1216,1220,restriccion
1216,1221,restriccion
1216,1222,restriccion
1216,1223,restriccion
1216,1224,restriccion
1216,1225,restriccion
1216,1226,restriccion
1216,1233,restriccion
1216,1234,restriccion
1216,1235,restriccion
1216,1243,restriccion
1216,1252,restriccion
1216,1261,restriccion
1216,1270,restriccion
1216,1279,restriccion
1216,1288,restriccion
1217,1218,restriccion
1217,1219,restriccion
1217,1220,restriccion
1217,1221,restriccion
1217,1222,restriccion
1217,1223,restriccion
1217,1224,restriccion
1217,1225,restriccion
1217,1226,restriccion
1217,1233,restriccion
1217,1234,restriccion
1217,1235,restriccion
1217,1244,restriccion
1217,1253,restriccion
1217,1262,restriccion
1217,1271,restriccion
1217,1280,restriccion
1217,1289,restriccion
1218,1219,restriccion
1218,1220,restriccion
1218,1221,restriccion
1218,1222,restriccion
1218,1223,restriccion
1218,1227,restriccion
1218,1228,restriccion
1218,1229,restriccion
1218,1236,restriccion
1218,1237,restriccion
1218,1238,restriccion
1218,1245,restriccion
1218,1254,restriccion
1218,1263,restriccion
1218,1272,restriccion
1218,1281,restriccion
1218,1290,restriccion
1219,1220,restriccion
1219,1221,restriccion
1219,1222,restriccion
1219,1223,restriccion
1219,1227,restriccion
1219,1228,restriccion
1219,1229,restriccion
1219,1236,restriccion
1219,1237,restriccion
1219,1238,restriccion
1219,1246,restriccion
1219,1255,restriccion
1219,1264,restriccion
1219,1273,restriccion
1219,1282,restriccion
1219,1291,restriccion
1220,1221,restriccion
1220,1222,restriccion
1220,1223,restriccion
1220,1227,restriccion
1220,1228,restriccion
1220,1229,restriccion
1220,1236,restriccion
1220,1237,restriccion
1220,1238,restriccion
1220,1247,restriccion
1220,1256,restriccion
1220,1265,restriccion
1220,1274,restriccion
1220,1283,restriccion
1220,1292,restriccion
1221,1222,restriccion
1221,1223,restriccion
1221,1230,restriccion
1221,1231,restriccion
1221,1232,restriccion
1221,1239,restriccion
1221,1240,restriccion
1221,1241,restriccion
1221,1248,restriccion
1221,1257,restriccion
1221,1266,restriccion
1221,1275,restriccion
1221,1284,restriccion
1221,1293,restriccion
1222,1223,restriccion
1222,1230,restriccion
1222,1231,restriccion
1222,1232,restriccion
1222,1239,restriccion
1222,1240,restriccion
1222,1241,restriccion
1222,1249,restriccion
1222,1258,restriccion
1222,1267,restriccion
1222,1276,restriccion
1222,1285,restriccion
1222,1294,restriccion
1223,1230,restriccion
1223,1231,restriccion
1223,1232,restriccion
1223,1239,restriccion
1223,1240,restriccion
1223,1241,restriccion
1223,1250,restriccion
1223,1259,restriccion
1223,1268,restriccion
1223,1277,restriccion
1223,1286,restriccion
1223,1295,restriccion
1224,1225,restriccion
1224,1226,restriccion
1224,1227,restriccion
1224,1228,restriccion
1224,1229,restriccion
1224,1230,restriccion
1224,1231,restriccion
1224,1232,restriccion
1224,1233,restriccion
1224,1234,restriccion
1224,1235,restriccion
1224,1242,restriccion
1224,1251,restriccion
1224,1260,restriccion
1224,1269,restriccion
1224,1278,restriccion
1224,1287,restriccion
1225,1226,restriccion
1225,1227,restriccion
1225,1228,restriccion
1225,1229,restriccion
1225,1230,restriccion
1225,1231,restriccion
1225,1232,restriccion
1225,1233,restriccion
1225,1234,restriccion
1225,1235,restriccion
1225,1243,restriccion
1225,1252,restriccion
1225,1261,restriccion
1225,1270,restriccion
1225,1279,restriccion
1225,1288,restriccion
1226,1227,restriccion
1226,1228,restriccion
1226,1229,restriccion
1226,1230,restriccion
1226,1231,restriccion
1226,1232,restriccion
1226,1233,restriccion
1226,1234,restriccion
1226,1235,restriccion
1226,1244,restriccion
1226,1253,restriccion
1226,1262,restriccion
1226,1271,restriccion
1226,1280,restriccion
1226,1289,restriccion
1227,1228,restriccion
1227,1229,restriccion
1227,1230,restriccion
1227,1231,restriccion
1227,1232,restriccion
1227,1236,restriccion
1227,1237,restriccion
1227,1238,restriccion
1227,1245,restriccion
1227,1254,restriccion
1227,1263,restriccion
1227,1272,restriccion
1227,1281,restriccion
1227,1290,restriccion
1228,1229,restriccion
1228,1230,restriccion
1228,1231,restriccion
1228,1232,restriccion
1228,1236,restriccion
1228,1237,restriccion
1228,1238,restriccion
1228,1246,restriccion
1228,1255,restriccion
1228,1264,restriccion
1228,1273,restriccion
1228,1282,restriccion
1228,1291,restriccion
1229,1230,restriccion
1229,1231,restriccion
1229,1232,restriccion
1229,1236,restriccion
1229,1237,restriccion
1229,1238,restriccion
1229,1247,restriccion
1229,1256,restriccion
1229,1265,restriccion
1229,1274,restriccion
1229,1283,restriccion
1229,1292,restriccion
1230,1231,restriccion
1230,1232,restriccion
1230,1239,restriccion
1230,1240,restriccion
1230,1241,restriccion
1230,1248,restriccion
1230,1257,restriccion
1230,1266,restriccion
1230,1275,restriccion
1230,1284,restriccion
1230,1293,restriccion
1231,1232,restriccion
1231,1239,restriccion
1231,1240,restriccion
1231,1241,restriccion
1231,1249,restriccion
1231,1258,restriccion
1231,1267,restriccion
1231,1276,restriccion
1231,1285,restriccion
1231,1294,restriccion
1232,1239,restriccion
1232,1240,restriccion
1232,1241,restriccion
1232,1250,restriccion
1232,1259,restriccion
1232,1268,restriccion
1232,1277,restriccion
1232,1286,restriccion
1232,1295,restriccion
1233,1234,restriccion
1233,1235,restriccion
1233,1236,restriccion
1233,1237,restriccion
1233,1238,restriccion
1233,1239,restriccion
1233,1240,restriccion
1233,1241,restriccion
1233,1242,restriccion
1233,1251,restriccion
1233,1260,restriccion
1233,1269,restriccion
1233,1278,restriccion
1233,1287,restriccion
1234,1235,restriccion
1234,1236,restriccion
1234,1237,restriccion
1234,1238,restriccion
1234,1239,restriccion
1234,1240,restriccion
1234,1241,restriccion
1234,1243,restriccion
1234,1252,restriccion
1234,1261,restriccion
1234,1270,restriccion
1234,1279,restriccion
1234,1288,restriccion
1235,1236,restriccion
1235,1237,restriccion
1235,1238,restriccion
1235,1239,restriccion
1235,1240,restriccion
1235,1241,restriccion
1235,1244,restriccion
1235,1253,restriccion
1235,1262,restriccion
1235,1271,restriccion
1235,1280,restriccion
1235,1289,restriccion
1236,1237,restriccion
1236,1238,restriccion
1236,1239,restriccion
1236,1240,restriccion
1236,1241,restriccion
1236,1245,restriccion
1236,1254,restriccion
1236,1263,restriccion
1236,1272,restriccion
1236,1281,restriccion
1236,1290,restriccion
1237,1238,restriccion
1237,1239,restriccion
1237,1240,restriccion
1237,1241,restriccion
1237,1246,restriccion
1237,1255,restriccion
1237,1264,restriccion
1237,1273,restriccion
1237,1282,restriccion
1237,1291,restriccion
1238,1239,restriccion
1238,1240,restriccion
1238,1241,restriccion
1238,1247,restriccion
1238,1256,restriccion
1238,1265,restriccion
1238,1274,restriccion
1238,1283,restriccion
1238,1292,restriccion
1239,1240,restriccion
1239,1241,restriccion
1239,1248,restriccion
1239,1257,restriccion
1239,1266,restriccion
1239,1275,restriccion
1239,1284,restriccion
1239,1293,restriccion
1240,1241,restriccion
1240,1249,restriccion
1240,1258,restriccion
1240,1267,restriccion
1240,1276,restriccion
1240,1285,restriccion
1240,1294,restriccion
1241,1250,restriccion
1241,1259,restriccion
1241,1268,restriccion
1241,1277,restriccion
1241,1286,restriccion
1241,1295,restriccion
1242,1243,restriccion
1242,1244,restriccion
1242,1245,restriccion
1242,1246,restriccion
1242,1247,restriccion
1242,1248,restriccion
1242,1249,restriccion
1242,1250,restriccion
1242,1251,restriccion
1242,1252,restriccion
1242,1253,restriccion
1242,1260,restriccion
1242,1261,restriccion
1242,1262,restriccion
1242,1269,restriccion
1242,1278,restriccion
1242,1287,restriccion
1243,1244,restriccion
1243,1245,restriccion
1243,1246,restriccion
1243,1247,restriccion
1243,1248,restriccion
1243,1249,restriccion
1243,1250,restriccion
1243,1251,restriccion
1243,1252,restriccion
1243,1253,restriccion
1243,1260,restriccion
1243,1261,restriccion
1243,1262,restriccion
1243,1270,restriccion
1243,1279,restriccion
1243,1288,restriccion
1244,1245,restriccion
1244,1246,restriccion
1244,1247,restriccion
1244,1248,restriccion
1244,1249,restriccion
1244,1250,restriccion
1244,1251,restriccion
1244,1252,restriccion
1244,1253,restriccion
1244,1260,restriccion
1244,1261,restriccion
1244,1262,restriccion
1244,1271,restriccion
1244,1280,restriccion
1244,1289,restriccion
1245,1246,restriccion
1245,1247,restriccion
1245,1248,restriccion
1245,1249,restriccion
1245,1250,restriccion
1245,1254,restriccion
1245,1255,restriccion
1245,1256,restriccion
1245,1263,restriccion
1245,1264,restriccion
1245,1265,restriccion
1245,1272,restriccion
1245,1281,restriccion
1245,1290,restriccion
1246,1247,restriccion
1246,1248,restriccion
1246,1249,restriccion
1246,1250,restriccion
1246,1254,restriccion
1246,1255,restriccion
1246,1256,restriccion
1246,1263,restriccion
1246,1264,restriccion
1246,1265,restriccion
1246,1273,restriccion
1246,1282,restriccion
1246,1291,restriccion
1247,1248,restriccion
1247,1249,restriccion
1247,1250,restriccion
1247,1254,restriccion
1247,1255,restriccion
1247,1256,restriccion
1247,1263,restriccion
1247,1264,restriccion
1247,1265,restriccion
1247,1274,restriccion
1247,1283,restriccion
1247,1292,restriccion
1248,1249,restriccion
1248,1250,restriccion
1248,1257,restriccion
1248,1258,restriccion
1248,1259,restriccion
1248,1266,restriccion
1248,1267,restriccion
1248,1268,restriccion
1248,1275,restriccion
1248,1284,restriccion
1248,1293,restriccion
1249,1250,restriccion
1249,1257,restriccion
1249,1258,restriccion
1249,1259,restriccion
1249,1266,restriccion
1249,1267,restriccion
1249,1268,restriccion
1249,1276,restriccion
1249,1285,restriccion
1249,1294,restriccion
1250,1257,restriccion
1250,1258,restriccion
1250,1259,restriccion
1250,1266,restriccion
1250,1267,restriccion
1250,1268,restriccion
1250,1277,restriccion
1250,1286,restriccion
1250,1295,restriccion
1251,1252,restriccion
1251,1253,restriccion
1251,1254,restriccion
1251,1255,restriccion
1251,1256,restriccion
1251,1257,restriccion
1251,1258,restriccion
1251,1259,restriccion
1251,1260,restriccion
1251,1261,restriccion
1251,1262,restriccion
1251,1269,restriccion
1251,1278,restriccion
1251,1287,restriccion
1252,1253,restriccion
1252,1254,restriccion
1252,1255,restriccion
1252,1256,restriccion
1252,1257,restriccion
1252,1258,restriccion
1252,1259,restriccion
1252,1260,restriccion
1252,1261,restriccion
1252,1262,restriccion
1252,1270,restriccion
1252,1279,restriccion
1252,1288,restriccion
1253,1254,restriccion
1253,1255,restriccion
1253,1256,restriccion
1253,1257,restriccion
1253,1258,restriccion
1253,1259,restriccion
1253,1260,restriccion
1253,1261,restriccion
1253,1262,restriccion
1253,1271,restriccion
1253,1280,restriccion
1253,1289,restriccion
1254,1255,restriccion
1254,1256,restriccion
1254,1257,restriccion
1254,1258,restriccion
1254,1259,restriccion
1254,1263,restriccion
1254,1264,restriccion
1254,1265,restriccion
1254,1272,restriccion
1254,1281,restriccion
1254,1290,restriccion
1255,1256,restriccion
1255,1257,restriccion
1255,1258,restriccion
1255,1259,restriccion
1255,1263,restriccion
1255,1264,restriccion
1255,1265,restriccion
1255,1273,restriccion
1255,1282,restriccion
1255,1291,restriccion
1256,1257,restriccion
1256,1258,restriccion
1256,1259,restriccion
1256,1263,restriccion
1256,1264,restriccion
1256,1265,restriccion
1256,1274,restriccion
1256,1283,restriccion
1256,1292,restriccion
1257,1258,restriccion
1257,1259,restriccion
1257,1266,restriccion
1257,1267,restriccion
1257,1268,restriccion
1257,1275,restriccion
1257,1284,restriccion
1257,1293,restriccion
1258,1259,restriccion
1258,1266,restriccion
1258,1267,restriccion
1258,1268,restriccion
1258,1276,restriccion
1258,1285,restriccion
1258,1294,restriccion
1259,1266,restriccion
1259,1267,restriccion
1259,1268,restriccion
1259,1277,restriccion
1259,1286,restriccion
1259,1295,restriccion
1260,1261,restriccion
1260,1262,restriccion
1260,1263,restriccion
1260,1264,restriccion
1260,1265,restriccion
1260,1266,restriccion
1260,1267,restriccion
1260,1268,restriccion
1260,1269,restriccion
1260,1278,restriccion
1260,1287,restriccion
1261,1262,restriccion
1261,1263,restriccion
1261,1264,restriccion
1261,1265,restriccion
1261,1266,restriccion
1261,1267,restriccion
1261,1268,restriccion
1261,1270,restriccion
1261,1279,restriccion
1261,1288,restriccion
1262,1263,restriccion
1262,1264,restriccion
1262,1265,restriccion
1262,1266,restriccion
1262,1267,restriccion
1262,1268,restriccion
1262,1271,restriccion
1262,1280,restriccion
1262,1289,restriccion
1263,1264,restriccion
1263,1265,restriccion
1263,1266,restriccion
1263,1267,restriccion
1263,1268,restriccion
1263,1272,restriccion
1263,1281,restriccion
1263,1290,restriccion
1264,1265,restriccion
1264,1266,restriccion
1264,1267,restriccion
1264,1268,restriccion
1264,1273,restriccion
1264,1282,restriccion
1264,1291,restriccion
1265,1266,restriccion
1265,1267,restriccion
1265,1268,restriccion
1265,1274,restriccion
1265,1283,restriccion
1265,1292,restriccion
1266,1267,restriccion
1266,1268,restriccion
1266,1275,restriccion
1266,1284,restriccion
1266,1293,restriccion
1267,1268,restriccion
1267,1276,restriccion
1267,1285,restriccion
1267,1294,restriccion
1268,1277,restriccion
1268,1286,restriccion
1268,1295,restriccion
1269,1270,restriccion
1269,1271,restriccion
1269,1272,restriccion
1269,1273,restriccion
1269,1274,restriccion
1269,1275,restriccion
1269,1276,restriccion
1269,1277,restriccion
1269,1278,restriccion
1269,1279,restriccion
1269,1280,restriccion
1269,1287,restriccion
1269,1288,restriccion
1269,1289,restriccion
1270,1271,restriccion
1270,1272,restriccion
1270,1273,restriccion
1270,1274,restriccion
1270,1275,restriccion
1270,1276,restriccion
1270,1277,restriccion
1270,1278,restriccion
1270,1279,restriccion
1270,1280,restriccion
1270,1287,restriccion
1270,1288,restriccion
1270,1289,restriccion
1271,1272,restriccion
1271,1273,restriccion
1271,1274,restriccion
1271,1275,restriccion
1271,1276,restriccion
1271,1277,restriccion
1271,1278,restriccion
1271,1279,restriccion
1271,1280,restriccion
1271,1287,restriccion
1271,1288,restriccion
1271,1289,restriccion
1272,1273,restriccion
1272,1274,restriccion
1272,1275,restriccion
1272,1276,restriccion
1272,1277,restriccion
1272,1281,restriccion
1272,1282,restriccion
1272,1283,restriccion
1272,1290,restriccion
1272,1291,restriccion
1272,1292,restriccion
1273,1274,restriccion
1273,1275,restriccion
1273,1276,restriccion
1273,1277,restriccion
1273,1281,restriccion
1273,1282,restriccion
1273,1283,restriccion
1273,1290,restriccion
1273,1291,restriccion
1273,1292,restriccion
1274,1275,restriccion
1274,1276,restriccion
1274,1277,restriccion
1274,1281,restriccion
1274,1282,restriccion
1274,1283,restriccion
1274,1290,restriccion
1274,1291,restriccion
1274,1292,restriccion
1275,1276,restriccion
1275,1277,restriccion
1275,1284,restriccion
1275,1285,restriccion
1275,1286,restriccion
1275,1293,restriccion
1275,1294,restriccion
1275,1295,restriccion
1276,1277,restriccion
1276,1284,restriccion
1276,1285,restriccion
1276,1286,restriccion
1276,1293,restriccion
1276,1294,restriccion
1276,1295,restriccion
1277,1284,restriccion
1277,1285,restriccion
1277,1286,restriccion
1277,1293,restriccion
1277,1294,restriccion
1277,1295,restriccion
1278,1279,restriccion
1278,1280,restriccion
1278,1281,restriccion
1278,1282,restriccion
1278,1283,restriccion
1278,1284,restriccion
1278,1285,restriccion
1278,1286,restriccion
1278,1287,restriccion
1278,1288,restriccion
1278,1289,restriccion
1279,1280,restriccion
1279,1281,restriccion
1279,1282,restriccion
1279,1283,restriccion
1279,1284,restriccion
1279,1285,restriccion
1279,1286,restriccion
1279,1287,restriccion
1279,1288,restriccion
1279,1289,restriccion
1280,1281,restriccion
1280,1282,restriccion
1280,1283,restriccion
1280,1284,restriccion
1280,1285,restriccion
1280,1286,restriccion
1280,1287,restriccion
1280,1288,restriccion
1280,1289,restriccion
1281,1282,restriccion
1281,1283,restriccion
1281,1284,restriccion
1281,1285,restriccion
1281,1286,restriccion
1281,1290,restriccion
1281,1291,restriccion
1281,1292,restriccion
1282,1283,restriccion
1282,1284,restriccion
1282,1285,restriccion
1282,1286,restriccion
1282,1290,restriccion
1282,1291,restriccion
1282,1292,restriccion
1283,1284,restriccion
1283,1285,restriccion
1283,1286,restriccion
1283,1290,restriccion
1283,1291,restriccion
1283,1292,restriccion
1284,1285,restriccion
1284,1286,restriccion
1284,1293,restriccion
1284,1294,restriccion
1284,1295,restriccion
1285,1286,restriccion
1285,1293,restriccion
1285,1294,restriccion
1285,1295,restriccion
1286,1293,restriccion
1286,1294,restriccion
1286,1295,restriccion
1287,1288,restriccion
1287,1289,restriccion
1287,1290,restriccion
1287,1291,restriccion
1287,1292,restriccion
1287,1293,restriccion
1287,1294,restriccion
1287,1295,restriccion
1288,1289,restriccion
1288,1290,restriccion
1288,1291,restriccion
1288,1292,restriccion
1288,1293,restriccion
1288,1294,restriccion
1288,1295,restriccion
1289,1290,restriccion
1289,1291,restriccion
1289,1292,restriccion
1289,1293,restriccion
1289,1294,restriccion
1289,1295,restriccion
1290,1291,restriccion
1290,1292,restriccion
1290,1293,restriccion
1290,1294,restriccion
1290,1295,restriccion
1291,1292,restriccion
1291,1293,restriccion
1291,1294,restriccion
1291,1295,restriccion
1292,1293,restriccion
1292,1294,restriccion
1292,1295,restriccion
1293,1294,restriccion
1293,1295,restriccion
1294,1295,restriccion
1296,1297,restriccion
1296,1298,restriccion
1296,1299,restriccion
1296,1300,restriccion
1296,1301,restriccion
1296,1302,restriccion
1296,1303,restriccion
1296,1304,restriccion
1296,1305,restriccion
1296,1306,restriccion
1296,1307,restriccion
1296,1314,restriccion
1296,1315,restriccion
1296,1316,restriccion
1296,1323,restriccion
1296,1332,restriccion
1296,1341,restriccion
1296,1350,restriccion
1296,1359,restriccion
1296,1368,restriccion
1297,1298,restriccion
1297,1299,restriccion
1297,1300,restriccion
1297,1301,restriccion
1297,1302,restriccion
1297,1303,restriccion
1297,1304,restriccion
1297,1305,restriccion
1297,1306,restriccion
1297,1307,restriccion
1297,1314,restriccion
1297,1315,restriccion
1297,1316,restriccion
1297,1324,restriccion
1297,1333,restriccion
1297,1342,restriccion
1297,1351,restriccion
1297,1360,restriccion
1297,1369,restriccion
1298,1299,restriccion
1298,1300,restriccion
1298,1301,restriccion
1298,1302,restriccion
1298,1303,restriccion
1298,1304,restriccion
1298,1305,restriccion
1298,1306,restriccion
1298,1307,restriccion
1298,1314,restriccion
1298,1315,restriccion
1298,1316,restriccion
1298,1325,restriccion
1298,1334,restriccion
1298,1343,restriccion
1298,1352,restriccion
1298,1361,restriccion
1298,1370,restriccion
1299,1300,restriccion
1299,1301,restriccion
1299,1302,restriccion
1299,1303,restriccion
1299,1304,restriccion
1299,1308,restriccion
1299,1309,restriccion
1299,1310,restriccion
1299,1317,restriccion
1299,1318,restriccion
1299,1319,restriccion
1299,1326,restriccion
1299,1335,restriccion
1299,1344,restriccion
1299,1353,restriccion
1299,1362,restriccion
1299,1371,restriccion
1300,1301,restriccion
1300,1302,restriccion
1300,1303,restriccion
1300,1304,restriccion
1300,1308,restriccion
1300,1309,restriccion
1300,1310,restriccion
1300,1317,restriccion
1300,1318,restriccion
1300,1319,restriccion
1300,1327,restriccion
1300,1336,restriccion
1300,1345,restriccion
1300,1354,restriccion
1300,1363,restriccion
1300,1372,restriccion
1301,1302,restriccion
1301,1303,restriccion
1301,1304,restriccion
1301,1308,restriccion
1301,1309,restriccion
1301,1310,restriccion
1301,1317,restriccion
1301,1318,restriccion
1301,1319,restriccion
1301,1328,restriccion
1301,1337,restriccion
1301,1346,restriccion
1301,1355,restriccion
1301,1364,restriccion
1301,1373,restriccion
1302,1303,restriccion
1302,1304,restriccion
1302,1311,restriccion
1302,1312,restriccion
1302,1313,restriccion
1302,1320,restriccion
1302,1321,restriccion
1302,1322,restriccion
1302,1329,restriccion
1302,1338,restriccion
1302,1347,restriccion
1302,1356,restriccion
1302,1365,restriccion
1302,1374,restriccion
1303,1304,restriccion
1303,1311,restriccion
1303,1312,restriccion
1303,1313,restriccion
1303,1320,restriccion
1303,1321,restriccion
1303,1322,restriccion
1303,1330,restriccion
1303,1339,restriccion
1303,1348,restriccion
1303,1357,restriccion
1303,1366,restriccion
1303,1375,restriccion
1304,1311,restriccion
1304,1312,restriccion
1304,1313,restriccion
1304,1320,restriccion
1304,1321,restriccion
1304,1322,restriccion
1304,1331,restriccion
1304,1340,restriccion
1304,1349,restriccion
1304,1358,restriccion
1304,1367,restriccion
1304,1376,restriccion
1305,1306,restriccion
1305,1307,restriccion
1305,1308,restriccion
1305,1309,restriccion
1305,1310,restriccion
1305,1311,restriccion
1305,1312,restriccion
1305,1313,restriccion
1305,1314,restriccion
1305,1315,restriccion
1305,1316,restriccion
1305,1323,restriccion
1305,1332,restriccion
1305,1341,restriccion
1305,1350,restriccion
1305,1359,restriccion
1305,1368,restriccion
1306,1307,restriccion
1306,1308,restriccion
1306,1309,restriccion
1306,1310,restriccion
1306,1311,restriccion
1306,1312,restriccion
1306,1313,restriccion
1306,1314,restriccion
1306,1315,restriccion
1306,1316,restriccion
1306,1324,restriccion
1306,1333,restriccion
1306,1342,restriccion
1306,1351,restriccion
1306,1360,restriccion
1306,1369,restriccion
1307,1308,restriccion
1307,1309,restriccion
1307,1310,restriccion
1307,1311,restriccion
1307,1312,restriccion
1307,1313,restriccion
1307,1314,restriccion
1307,1315,restriccion
1307,1316,restriccion
1307,1325,restriccion
1307,1334,restriccion
1307,1343,restriccion
1307,1352,restriccion
1307,1361,restriccion
1307,1370,restriccion
1308,1309,restriccion
1308,1310,restriccion
1308,1311,restriccion
1308,1312,restriccion
1308,1313,restriccion
1308,1317,restriccion
1308,1318,restriccion
1308,1319,restriccion
1308,1326,restriccion
1308,1335,restriccion
1308,1344,restriccion
1308,1353,restriccion
1308,1362,restriccion
1308,1371,restriccion
1309,1310,restriccion
1309,1311,restriccion
1309,1312,restriccion
1309,1313,restriccion
1309,1317,restriccion
1309,1318,restriccion
1309,1319,restriccion
1309,1327,restriccion
1309,1336,restriccion
1309,1345,restriccion
1309,1354,restriccion
1309,1363,restriccion
1309,1372,restriccion
1310,1311,restriccion
1310,1312,restriccion
1310,1313,restriccion
1310,1317,restriccion
1310,1318,restriccion
1310,1319,restriccion
1310,1328,restriccion
1310,1337,restriccion
1310,1346,restriccion
1310,1355,restriccion
1310,1364,restriccion
1310,1373,restriccion
1311,1312,restriccion
1311,1313,restriccion
1311,1320,restriccion
1311,1321,restriccion
1311,1322,restriccion
1311,1329,restriccion
1311,1338,restriccion
1311,1347,restriccion
1311,1356,restriccion
1311,1365,restriccion
1311,1374,restriccion
1312,1313,restriccion
1312,1320,restriccion
1312,1321,restriccion
1312,1322,restriccion
1312,1330,restriccion
1312,1339,restriccion
1312,1348,restriccion
1312,1357,restriccion
1312,1366,restriccion
1312,1375,restriccion
1313,1320,restriccion
1313,1321,restriccion
1313,1322,restriccion
1313,1331,restriccion
1313,1340,restriccion
1313,1349,restriccion
1313,1358,restriccion
1313,1367,restriccion
1313,1376,restriccion
1314,1315,restriccion
1314,1316,restriccion
1314,1317,restriccion
1314,1318,restriccion
1314,1319,restriccion
1314,1320,restriccion
1314,1321,restriccion
1314,1322,restriccion
1314,1323,restriccion
1314,1332,restriccion
1314,1341,restriccion
1314,1350,restriccion
1314,1359,restriccion
1314,1368,restriccion
1315,1316,restriccion
1315,1317,restriccion
1315,1318,restriccion
1315,1319,restriccion
1315,1320,restriccion
1315,1321,restriccion
1315,1322,restriccion
1315,1324,restriccion
1315,1333,restriccion
1315,1342,restriccion
1315,1351,restriccion
1315,1360,restriccion
1315,1369,restriccion
1316,1317,restriccion
1316,1318,restriccion
1316,1319,restriccion
1316,1320,restriccion
1316,1321,restriccion
1316,1322,restriccion
1316,1325,restriccion
1316,1334,restriccion
1316,1343,restriccion
1316,1352,restriccion
1316,1361,restriccion
1316,1370,restriccion
1317,1318,restriccion
1317,1319,restriccion
1317,1320,restriccion
1317,1321,restriccion
1317,1322,restriccion
1317,1326,restriccion
1317,1335,restriccion
1317,1344,restriccion
1317,1353,restriccion
1317,1362,restriccion
1317,1371,restriccion
1318,1319,restriccion
1318,1320,restriccion
1318,1321,restriccion
1318,1322,restriccion
1318,1327,restriccion
1318,1336,restriccion
1318,1345,restriccion
1318,1354,restriccion
1318,1363,restriccion
1318,1372,restriccion
1319,1320,restriccion
1319,1321,restriccion
1319,1322,restriccion
1319,1328,restriccion
1319,1337,restriccion
1319,1346,restriccion
1319,1355,restriccion
1319,1364,restriccion
1319,1373,restriccion
1320,1321,restriccion
1320,1322,restriccion
1320,1329,restriccion
1320,1338,restriccion
1320,1347,restriccion
1320,1356,restriccion
1320,1365,restriccion
1320,1374,restriccion
1321,1322,restriccion
1321,1330,restriccion
1321,1339,restriccion
1321,1348,restriccion
1321,1357,restriccion
1321,1366,restriccion
1321,1375,restriccion
1322,1331,restriccion
1322,1340,restriccion
1322,1349,restriccion
1322,1358,restriccion
1322,1367,restriccion
1322,1376,restriccion
1323,1324,restriccion
1323,1325,restriccion
1323,1326,restriccion
1323,1327,restriccion
1323,1328,restriccion
1323,1329,restriccion
1323,1330,restriccion
1323,1331,restriccion
1323,1332,restriccion
1323,1333,restriccion
1323,1334,restriccion
1323,1341,restriccion
1323,1342,restriccion
1323,1343,restriccion
1323,1350,restriccion
1323,1359,restriccion
1323,1368,restriccion
1324,1325,restriccion
1324,1326,restriccion
1324,1327,restriccion
1324,1328,restriccion
1324,1329,restriccion
1324,1330,restriccion
1324,1331,restriccion
1324,1332,restriccion
1324,1333,restriccion
1324,1334,restriccion
1324,1341,restriccion
1324,1342,restriccion
1324,1343,restriccion
1324,1351,restriccion
1324,1360,restriccion
1324,1369,restriccion
1325,1326,restriccion
1325,1327,restriccion
1325,1328,restriccion
1325,1329,restriccion
1325,1330,restriccion
1325,1331,restriccion
1325,1332,restriccion
1325,1333,restriccion
1325,1334,restriccion
1325,1341,restriccion
1325,1342,restriccion
1325,1343,restriccion
1325,1352,restriccion
1325,1361,restriccion
1325,1370,restriccion
1326,1327,restriccion
1326,1328,restriccion
1326,1329,restriccion
1326,1330,restriccion
1326,1331,restriccion
1326,1335,restriccion
1326,1336,restriccion
1326,1337,restriccion
1326,1344,restriccion
1326,1345,restriccion
1326,1346,restriccion
1326,1353,restriccion
1326,1362,restriccion
1326,1371,restriccion
1327,1328,restriccion
1327,1329,restriccion
1327,1330,restriccion
1327,1331,restriccion
1327,1335,restriccion
1327,1336,restriccion
1327,1337,restriccion
1327,1344,restriccion
1327,1345,restriccion
1327,1346,restriccion
1327,1354,restriccion
1327,1363,restriccion
1327,1372,restriccion
1328,1329,restriccion
1328,1330,restriccion
1328,1331,restriccion
1328,1335,restriccion
1328,1336,restriccion
1328,1337,restriccion
1328,1344,restriccion
1328,1345,restriccion
1328,1346,restriccion
1328,1355,restriccion
1328,1364,restriccion
1328,1373,restriccion
1329,1330,restriccion
1329,1331,restriccion
1329,1338,restriccion
1329,1339,restriccion
1329,1340,restriccion
1329,1347,restriccion
1329,1348,restriccion
1329,1349,restriccion
1329,1356,restriccion
1329,1365,restriccion
1329,1374,restriccion
1330,1331,restriccion
1330,1338,restriccion
1330,1339,restriccion
1330,1340,restriccion
1330,1347,restriccion
1330,1348,restriccion
1330,1349,restriccion
1330,1357,restriccion
1330,1366,restriccion
1330,1375,restriccion
1331,1338,restriccion
1331,1339,restriccion
1331,1340,restriccion
1331,1347,restriccion
1331,1348,restriccion
1331,1349,restriccion
1331,1358,restriccion
1331,1367,restriccion
1331,1376,restriccion
1332,1333,restriccion
1332,1334,restriccion
1332,1335,restriccion
1332,1336,restriccion
1332,1337,restriccion
1332,1338,restriccion
1332,1339,restriccion
1332,1340,restriccion
1332,1341,restriccion
1332,1342,restriccion
1332,1343,restriccion
1332,1350,restriccion
1332,1359,restriccion
1332,1368,restriccion
1333,1334,restriccion
1333,1335,restriccion
1333,1336,restriccion
1333,1337,restriccion
1333,1338,restriccion
1333,1339,restriccion
1333,1340,restriccion
1333,1341,restriccion
1333,1342,restriccion
1333,1343,restriccion
1333,1351,restriccion
1333,1360,restriccion
1333,1369,restriccion
1334,1335,restriccion
1334,1336,restriccion
1334,1337,restriccion
1334,1338,restriccion
1334,1339,restriccion
1334,1340,restriccion
1334,1341,restriccion
1334,1342,restriccion
1334,1343,restriccion
1334,1352,restriccion
1334,1361,restriccion
1334,1370,restriccion
1335,1336,restriccion
1335,1337,restriccion
1335,1338,restriccion
1335,1339,restriccion
1335,1340,restriccion
1335,1344,restriccion
1335,1345,restriccion
1335,1346,restriccion
1335,1353,restriccion
1335,1362,restriccion
1335,1371,restriccion
1336,1337,restriccion
1336,1338,restriccion
1336,1339,restriccion
1336,1340,restriccion
1336,1344,restriccion
1336,1345,restriccion
1336,1346,restriccion
1336,1354,restriccion
1336,1363,restriccion
1336,1372,restriccion
1337,1338,restriccion
1337,1339,restriccion
1337,1340,restriccion
1337,1344,restriccion
1337,1345,restriccion
1337,1346,restriccion
1337,1355,restriccion
1337,1364,restriccion
1337,1373,restriccion
1338,1339,restriccion
1338,1340,restriccion
1338,1347,restriccion
1338,1348,restriccion
1338,1349,restriccion
1338,1356,restriccion
1338,1365,restriccion
1338,1374,restriccion
1339,1340,restriccion
1339,1347,restriccion
1339,1348,restriccion
1339,1349,restriccion
1339,1357,restriccion
1339,1366,restriccion
1339,1375,restriccion
1340,1347,restriccion
1340,1348,restriccion
1340,1349,restriccion
1340,1358,restriccion
1340,1367,restriccion
1340,1376,restriccion
1341,1342,restriccion
1341,1343,restriccion
1341,1344,restriccion
1341,1345,restriccion
1341,1346,restriccion
1341,1347,restriccion
1341,1348,restriccion
1341,1349,restriccion
1341,1350,restriccion
1341,1359,restriccion
1341,1368,restriccion
1342,1343,restriccion
1342,1344,restriccion
1342,1345,restriccion
1342,1346,restriccion
1342,1347,restriccion
1342,1348,restriccion
1342,1349,restriccion
1342,1351,restriccion
1342,1360,restriccion
1342,1369,restriccion
1343,1344,restriccion
1343,1345,restriccion
1343,1346,restriccion
1343,1347,restriccion
1343,1348,restriccion
1343,1349,restriccion
1343,1352,restriccion
1343,1361,restriccion
1343,1370,restriccion
1344,1345,restriccion
1344,1346,restriccion
1344,1347,restriccion
1344,1348,restriccion
1344,1349,restriccion
1344,1353,restriccion
1344,1362,restriccion
1344,1371,restriccion
1345,1346,restriccion
1345,1347,restriccion
1345,1348,restriccion
1345,1349,restriccion
1345,1354,restriccion
1345,1363,restriccion
1345,1372,restriccion
1346,1347,restriccion
1346,1348,restriccion
1346,1349,restriccion
1346,1355,restriccion
1346,1364,restriccion
1346,1373,restriccion
1347,1348,restriccion
1347,1349,restriccion
1347,1356,restriccion
1347,1365,restriccion
1347,1374,restriccion
1348,1349,restriccion
1348,1357,restriccion
1348,1366,restriccion
1348,1375,restriccion
1349,1358,restriccion
1349,1367,restriccion
1349,1376,restriccion
1350,1351,restriccion
1350,1352,restriccion
1350,1353,restriccion
1350,1354,restriccion
1350,1355,restriccion
1350,1356,restriccion
1350,1357,restriccion
1350,1358,restriccion
1350,1359,restriccion
1350,1360,restriccion
1350,1361,restriccion
1350,1368,restriccion
1350,1369,restriccion
1350,1370,restriccion
1351,1352,restriccion
1351,1353,restriccion
1351,1354,restriccion
1351,1355,restriccion
1351,1356,restriccion
1351,1357,restriccion
1351,1358,restriccion
1351,1359,restriccion
1351,1360,restriccion
1351,1361,restriccion
1351,1368,restriccion
1351,1369,restriccion
1351,1370,restriccion
1352,1353,restriccion
1352,1354,restriccion
1352,1355,restriccion
1352,1356,restriccion
1352,1357,restriccion
1352,1358,restriccion
1352,1359,restriccion
1352,1360,restriccion
1352,1361,restriccion
1352,1368,restriccion
1352,1369,restriccion
1352,1370,restriccion
1353,1354,restriccion
1353,1355,restriccion
1353,1356,restriccion
1353,1357,restriccion
1353,1358,restriccion
1353,1362,restriccion
1353,1363,restriccion
1353,1364,restriccion
1353,1371,restriccion
1353,1372,restriccion
1353,1373,restriccion
1354,1355,restriccion
1354,1356,restriccion
1354,1357,restriccion
1354,1358,restriccion
1354,1362,restriccion
1354,1363,restriccion
1354,1364,restriccion
1354,1371,restriccion
1354,1372,restriccion
1354,1373,restriccion
1355,1356,restriccion
1355,1357,restriccion
1355,1358,restriccion
1355,1362,restriccion
1355,1363,restriccion
1355,1364,restriccion
1355,1371,restriccion
1355,1372,restriccion
1355,1373,restriccion
1356,1357,restriccion
1356,1358,restriccion
1356,1365,restriccion
1356,1366,restriccion
1356,1367,restriccion
1356,1374,restriccion
1356,1375,restriccion
1356,1376,restriccion
1357,1358,restriccion
1357,1365,restriccion
1357,1366,restriccion
1357,1367,restriccion
1357,1374,restriccion
1357,1375,restriccion
1357,1376,restriccion
1358,1365,restriccion
1358,1366,restriccion
1358,1367,restriccion
1358,1374,restriccion
1358,1375,restriccion
1358,1376,restriccion
1359,1360,restriccion
1359,1361,restriccion
1359,1362,restriccion
1359,1363,restriccion
1359,1364,restriccion
1359,1365,restriccion
1359,1366,restriccion
1359,1367,restriccion
1359,1368,restriccion
1359,1369,restriccion
1359,1370,restriccion
1360,1361,restriccion
1360,1362,restriccion
1360,1363,restriccion
1360,1364,restriccion
1360,1365,restriccion
1360,1366,restriccion
1360,1367,restriccion
1360,1368,restriccion
1360,1369,restriccion
1360,1370,restriccion
1361,1362,restriccion
1361,1363,restriccion
1361,1364,restriccion
1361,1365,restriccion
1361,1366,restriccion
1361,1367,restriccion
1361,1368,restriccion
1361,1369,restriccion
1361,1370,restriccion
1362,1363,restriccion
1362,1364,restriccion
1362,1365,restriccion
1362,1366,restriccion
1362,1367,restriccion
1362,1371,restriccion
1362,1372,restriccion
1362,1373,restriccion
1363,1364,restriccion
1363,1365,restriccion
1363,1366,restriccion
1363,1367,restriccion
1363,1371,restriccion
1363,1372,restriccion
1363,1373,restriccion
1364,1365,restriccion
1364,1366,restriccion
1364,1367,restriccion
1364,1371,restriccion
1364,1372,restriccion
1364,1373,restriccion
1365,1366,restriccion
1365,1367,restriccion
1365,1374,restriccion
1365,1375,restriccion
1365,1376,restriccion
1366,1367,restriccion
1366,1374,restriccion
1366,1375,restriccion
1366,1376,restriccion
1367,1374,restriccion
1367,1375,restriccion
1367,1376,restriccion
1368,1369,restriccion
1368,1370,restriccion
1368,1371,restriccion
1368,1372,restriccion
1368,1373,restriccion
1368,1374,restriccion
1368,1375,restriccion
1368,1376,restriccion
1369,1370,restriccion
1369,1371,restriccion
1369,1372,restriccion
1369,1373,restriccion
1369,1374,restriccion
1369,1375,restriccion
1369,1376,restriccion
1370,1371,restriccion
1370,1372,restriccion
1370,1373,restriccion
1370,1374,restriccion
1370,1375,restriccion
1370,1376,restriccion
1371,1372,restriccion
1371,1373,restriccion
1371,1374,restriccion
1371,1375,restriccion
1371,1376,restriccion
1372,1373,restriccion
1372,1374,restriccion
1372,1375,restriccion
1372,1376,restriccion
1373,1374,restriccion
1373,1375,restriccion
1373,1376,restriccion
1374,1375,restriccion
1374,1376,restriccion
1375,1376,restriccion
1377,1378,restriccion
1377,1379,restriccion
1377,1380,restriccion
1377,1381,restriccion
1377,1382,restriccion
1377,1383,restriccion
1377,1384,restriccion
1377,1385,restriccion
1377,1386,restriccion
1377,1387,restriccion
1377,1388,restriccion
1377,1395,restriccion
1377,1396,restriccion
1377,1397,restriccion
1377,1404,restriccion
1377,1413,restriccion
1377,1422,restriccion
1377,1431,restriccion
1377,1440,restriccion
1377,1449,restriccion
1378,1379,restriccion
1378,1380,restriccion
1378,1381,restriccion
1378,1382,restriccion
1378,1383,restriccion
1378,1384,restriccion
1378,1385,restriccion
1378,1386,restriccion
1378,1387,restriccion
1378,1388,restriccion
1378,1395,restriccion
1378,1396,restriccion
1378,1397,restriccion
1378,1405,restriccion
1378,1414,restriccion
1378,1423,restriccion
1378,1432,restriccion
1378,1441,restriccion
1378,1450,restriccion
1379,1380,restriccion
1379,1381,restriccion
1379,1382,restriccion
1379,1383,restriccion
1379,1384,restriccion
1379,1385,restriccion
1379,1386,restriccion
1379,1387,restriccion
1379,1388,restriccion
1379,1395,restriccion
1379,1396,restriccion
1379,1397,restriccion
1379,1406,restriccion
1379,1415,restriccion
1379,1424,restriccion
1379,1433,restriccion
1379,1442,restriccion
1379,1451,restriccion
1380,1381,restriccion
1380,1382,restriccion
1380,1383,restriccion
1380,1384,restriccion
1380,1385,restriccion
1380,1389,restriccion
1380,1390,restriccion
1380,1391,restriccion
1380,1398,restriccion
1380,1399,restriccion
1380,1400,restriccion
1380,1407,restriccion
1380,1416,restriccion
1380,1425,restriccion
1380,1434,restriccion
1380,1443,restriccion
1380,1452,restriccion
1381,1382,restriccion
1381,1383,restriccion
1381,1384,restriccion
1381,1385,restriccion
1381,1389,restriccion
1381,1390,restriccion
1381,1391,restriccion
1381,1398,restriccion
1381,1399,restriccion
1381,1400,restriccion
1381,1408,restriccion
1381,1417,restriccion
1381,1426,restriccion
1381,1435,restriccion
1381,1444,restriccion
1381,1453,restriccion
1382,1383,restriccion
1382,1384,restriccion
1382,1385,restriccion
1382,1389,restriccion
1382,1390,restriccion
1382,1391,restriccion
1382,1398,restriccion
1382,1399,restriccion
1382,1400,restriccion
1382,1409,restriccion
1382,1418,restriccion
1382,1427,restriccion
1382,1436,restriccion
1382,1445,restriccion
1382,1454,restriccion
1383,1384,restriccion
1383,1385,restriccion
1383,1392,restriccion
1383,1393,restriccion
1383,1394,restriccion
1383,1401,restriccion
1383,1402,restriccion
1383,1403,restriccion
1383,1410,restriccion
1383,1419,restriccion
1383,1428,restriccion
1383,1437,restriccion
1383,1446,restriccion
1383,1455,restriccion
1384,1385,restriccion
1384,1392,restriccion
1384,1393,restriccion
1384,1394,restriccion
1384,1401,restriccion
1384,1402,restriccion
1384,1403,restriccion
1384,1411,restriccion
1384,1420,restriccion
1384,1429,restriccion
1384,1438,restriccion
1384,1447,restriccion
1384,1456,restriccion
1385,1392,restriccion
1385,1393,restriccion
1385,1394,restriccion
1385,1401,restriccion
1385,1402,restriccion
1385,1403,restriccion
1385,1412,restriccion
1385,1421,restriccion
1385,1430,restriccion
1385,1439,restriccion
1385,1448,restriccion
1385,1457,restriccion
1386,1387,restriccion
1386,1388,restriccion
1386,1389,restriccion
1386,1390,restriccion
1386,1391,restriccion
1386,1392,restriccion
1386,1393,restriccion
1386,1394,restriccion
1386,1395,restriccion
1386,1396,restriccion
1386,1397,restriccion
1386,1404,restriccion
1386,1413,restriccion
1386,1422,restriccion
1386,1431,restriccion
1386,1440,restriccion
1386,1449,restriccion
1387,1388,restriccion
1387,1389,restriccion
1387,1390,restriccion
1387,1391,restriccion
1387,1392,restriccion
1387,1393,restriccion
1387,1394,restriccion
1387,1395,restriccion
1387,1396,restriccion
1387,1397,restriccion
1387,1405,restriccion
1387,1414,restriccion
1387,1423,restriccion
1387,1432,restriccion
1387,1441,restriccion
1387,1450,restriccion
1388,1389,restriccion
1388,1390,restriccion
1388,1391,restriccion
1388,1392,restriccion
1388,1393,restriccion
1388,1394,restriccion
1388,1395,restriccion
1388,1396,restriccion
1388,1397,restriccion
1388,1406,restriccion
1388,1415,restriccion
1388,1424,restriccion
1388,1433,restriccion
1388,1442,restriccion
1388,1451,restriccion
1389,1390,restriccion
1389,1391,restriccion
1389,1392,restriccion
1389,1393,restriccion
1389,1394,restriccion
1389,1398,restriccion
1389,1399,restriccion
1389,1400,restriccion
1389,1407,restriccion
1389,1416,restriccion
1389,1425,restriccion
1389,1434,restriccion
1389,1443,restriccion
1389,1452,restriccion
1390,1391,restriccion
1390,1392,restriccion
1390,1393,restriccion
1390,1394,restriccion
1390,1398,restriccion
1390,1399,restriccion
1390,1400,restriccion
1390,1408,restriccion
1390,1417,restriccion
1390,1426,restriccion
1390,1435,restriccion
1390,1444,restriccion
1390,1453,restriccion
1391,1392,restriccion
1391,1393,restriccion
1391,1394,restriccion
1391,1398,restriccion
1391,1399,restriccion
1391,1400,restriccion
1391,1409,restriccion
1391,1418,restriccion
1391,1427,restriccion
1391,1436,restriccion
1391,1445,restriccion
1391,1454,restriccion
1392,1393,restriccion
1392,1394,restriccion
1392,1401,restriccion
1392,1402,restriccion
1392,1403,restriccion
1392,1410,restriccion
1392,1419,restriccion
1392,1428,restriccion
1392,1437,restriccion
1392,1446,restriccion
1392,1455,restriccion
1393,1394,restriccion
1393,1401,restriccion
1393,1402,restriccion
1393,1403,restriccion
1393,1411,restriccion
1393,1420,restriccion
1393,1429,restriccion
1393,1438,restriccion
1393,1447,restriccion
1393,1456,restriccion
1394,1401,restriccion
1394,1402,restriccion
1394,1403,restriccion
1394,1412,restriccion
1394,1421,restriccion
1394,1430,restriccion
1394,1439,restriccion
1394,1448,restriccion
1394,1457,restriccion
1395,1396,restriccion
1395,1397,restriccion
1395,1398,restriccion
1395,1399,restriccion
1395,1400,restriccion
1395,1401,restriccion
1395,1402,restriccion
1395,1403,restriccion
1395,1404,restriccion
1395,1413,restriccion
1395,1422,restriccion
1395,1431,restriccion
1395,1440,restriccion
1395,1449,restriccion
1396,1397,restriccion
1396,1398,restriccion
1396,1399,restriccion
1396,1400,restriccion
1396,1401,restriccion
1396,1402,restriccion
1396,1403,restriccion
1396,1405,restriccion
1396,1414,restriccion
1396,1423,restriccion
1396,1432,restriccion
1396,1441,restriccion
1396,1450,restriccion
1397,1398,restriccion
1397,1399,restriccion
1397,1400,restriccion
1397,1401,restriccion
1397,1402,restriccion
1397,1403,restriccion
1397,1406,restriccion
1397,1415,restriccion
1397,1424,restriccion
1397,1433,restriccion
1397,1442,restriccion
1397,1451,restriccion
1398,1399,restriccion
1398,1400,restriccion
1398,1401,restriccion
1398,1402,restriccion
1398,1403,restriccion
1398,1407,restriccion
1398,1416,restriccion
1398,1425,restriccion
1398,1434,restriccion
1398,1443,restriccion
1398,1452,restriccion
1399,1400,restriccion
1399,1401,restriccion
1399,1402,restriccion
1399,1403,restriccion
1399,1408,restriccion
1399,1417,restriccion
1399,1426,restriccion
1399,1435,restriccion
1399,1444,restriccion
1399,1453,restriccion
1400,1401,restriccion
1400,1402,restriccion
1400,1403,restriccion
1400,1409,restriccion
1400,1418,restriccion
1400,1427,restriccion
1400,1436,restriccion
1400,1445,restriccion
1400,1454,restriccion
1401,1402,restriccion
1401,1403,restriccion
1401,1410,restriccion
1401,1419,restriccion
1401,1428,restriccion
1401,1437,restriccion
1401,1446,restriccion
1401,1455,restriccion
1402,1403,restriccion
1402,1411,restriccion
1402,1420,restriccion
1402,1429,restriccion
1402,1438,restriccion
1402,1447,restriccion
1402,1456,restriccion
1403,1412,restriccion
1403,1421,restriccion
1403,1430,restriccion
1403,1439,restriccion
1403,1448,restriccion
1403,1457,restriccion
1404,1405,restriccion
1404,1406,restriccion
1404,1407,restriccion
1404,1408,restriccion
1404,1409,restriccion
1404,1410,restriccion
1404,1411,restriccion
1404,1412,restriccion
1404,1413,restriccion
1404,1414,restriccion
1404,1415,restriccion
1404,1422,restriccion
1404,1423,restriccion
1404,1424,restriccion
1404,1431,restriccion
1404,1440,restriccion
1404,1449,restriccion
1405,1406,restriccion
1405,1407,restriccion
1405,1408,restriccion
1405,1409,restriccion
1405,1410,restriccion
1405,1411,restriccion
1405,1412,restriccion
1405,1413,restriccion
1405,1414,restriccion
1405,1415,restriccion
1405,1422,restriccion
1405,1423,restriccion
1405,1424,restriccion
1405,1432,restriccion
1405,1441,restriccion
1405,1450,restriccion
1406,1407,restriccion
1406,1408,restriccion
1406,1409,restriccion
1406,1410,restriccion
1406,1411,restriccion
1406,1412,restriccion
1406,1413,restriccion
1406,1414,restriccion
1406,1415,restriccion
1406,1422,restriccion
1406,1423,restriccion
1406,1424,restriccion
1406,1433,restriccion
1406,1442,restriccion
1406,1451,restriccion
1407,1408,restriccion
1407,1409,restriccion
1407,1410,restriccion
1407,1411,restriccion
1407,1412,restriccion
1407,1416,restriccion
1407,1417,restriccion
1407,1418,restriccion
1407,1425,restriccion
1407,1426,restriccion
1407,1427,restriccion
1407,1434,restriccion
1407,1443,restriccion
1407,1452,restriccion
1408,1409,restriccion
1408,1410,restriccion
1408,1411,restriccion
1408,1412,restriccion
1408,1416,restriccion
1408,1417,restriccion
1408,1418,restriccion
1408,1425,restriccion
1408,1426,restriccion
1408,1427,restriccion
1408,1435,restriccion
1408,1444,restriccion
1408,1453,restriccion
1409,1410,restriccion
1409,1411,restriccion
1409,1412,restriccion
1409,1416,restriccion
1409,1417,restriccion
1409,1418,restriccion
1409,1425,restriccion
1409,1426,restriccion
1409,1427,restriccion
1409,1436,restriccion
1409,1445,restriccion
1409,1454,restriccion
1410,1411,restriccion
1410,1412,restriccion
1410,1419,restriccion
1410,1420,restriccion
1410,1421,restriccion
1410,1428,restriccion
1410,1429,restriccion
1410,1430,restriccion
1410,1437,restriccion
1410,1446,restriccion
1410,1455,restriccion
1411,1412,restriccion
1411,1419,restriccion
1411,1420,restriccion
1411,1421,restriccion
1411,1428,restriccion
1411,1429,restriccion
1411,1430,restriccion
1411,1438,restriccion
1411,1447,restriccion
1411,1456,restriccion
1412,1419,restriccion
1412,1420,restriccion
1412,1421,restriccion
1412,1428,restriccion
1412,1429,restriccion
1412,1430,restriccion
1412,1439,restriccion
1412,1448,restriccion
1412,1457,restriccion
1413,1414,restriccion
1413,1415,restriccion
1413,1416,restriccion
1413,1417,restriccion
1413,1418,restriccion
1413,1419,restriccion
1413,1420,restriccion
1413,1421,restriccion
1413,1422,restriccion
1413,1423,restriccion
1413,1424,restriccion
1413,1431,restriccion
1413,1440,restriccion
1413,1449,restriccion
1414,1415,restriccion
1414,1416,restriccion
1414,1417,restriccion
1414,1418,restriccion
1414,1419,restriccion
1414,1420,restriccion
1414,1421,restriccion
1414,1422,restriccion
1414,1423,restriccion
1414,1424,restriccion
1414,1432,restriccion
1414,1441,restriccion
1414,1450,restriccion
1415,1416,restriccion
1415,1417,restriccion
1415,1418,restriccion
1415,1419,restriccion
1415,1420,restriccion
1415,1421,restriccion
1415,1422,restriccion
1415,1423,restriccion
1415,1424,restriccion
1415,1433,restriccion
1415,1442,restriccion
1415,1451,restriccion
1416,1417,restriccion
1416,1418,restriccion
1416,1419,restriccion
1416,1420,restriccion
1416,1421,restriccion
1416,1425,restriccion
1416,1426,restriccion
1416,1427,restriccion
1416,1434,restriccion
1416,1443,restriccion
1416,1452,restriccion
1417,1418,restriccion
1417,1419,restriccion
1417,1420,restriccion
1417,1421,restriccion
1417,1425,restriccion
1417,1426,restriccion
1417,1427,restriccion
1417,1435,restriccion
1417,1444,restriccion
1417,1453,restriccion
1418,1419,restriccion
1418,1420,restriccion
1418,1421,restriccion
1418,1425,restriccion
1418,1426,restriccion
1418,1427,restriccion
1418,1436,restriccion
1418,1445,restriccion
1418,1454,restriccion
1419,1420,restriccion
1419,1421,restriccion
1419,1428,restriccion
1419,1429,restriccion
1419,1430,restriccion
1419,1437,restriccion
1419,1446,restriccion
1419,1455,restriccion
1420,1421,restriccion
1420,1428,restriccion
1420,1429,restriccion
1420,1430,restriccion
1420,1438,restriccion
1420,1447,restriccion
1420,1456,restriccion
1421,1428,restriccion
1421,1429,restriccion
1421,1430,restriccion
1421,1439,restriccion
1421,1448,restriccion
1421,1457,restriccion
1422,1423,restriccion
1422,1424,restriccion
1422,1425,restriccion
1422,1426,restriccion
1422,1427,restriccion
1422,1428,restriccion
1422,1429,restriccion
1422,1430,restriccion
1422,1431,restriccion
1422,1440,restriccion
1422,1449,restriccion
1423,1424,restriccion
1423,1425,restriccion
1423,1426,restriccion
1423,1427,restriccion
1423,1428,restriccion
1423,1429,restriccion
1423,1430,restriccion
1423,1432,restriccion
1423,1441,restriccion
1423,1450,restriccion
1424,1425,restriccion
1424,1426,restriccion
1424,1427,restriccion
1424,1428,restriccion
1424,1429,restriccion
1424,1430,restriccion
1424,1433,restriccion
1424,1442,restriccion
1424,1451,restriccion
1425,1426,restriccion
1425,1427,restriccion
1425,1428,restriccion
1425,1429,restriccion
1425,1430,restriccion
1425,1434,restriccion
1425,1443,restriccion
1425,1452,restriccion
1426,1427,restriccion
1426,1428,restriccion
1426,1429,restriccion
1426,1430,restriccion
1426,1435,restriccion
1426,1444,restriccion
1426,1453,restriccion
1427,1428,restriccion
1427,1429,restriccion
1427,1430,restriccion
1427,1436,restriccion
1427,1445,restriccion
1427,1454,restriccion
1428,1429,restriccion
1428,1430,restriccion
1428,1437,restriccion
1428,1446,restriccion
1428,1455,restriccion
1429,1430,restriccion
1429,1438,restriccion
1429,1447,restriccion
1429,1456,restriccion
1430,1439,restriccion
1430,1448,restriccion
1430,1457,restriccion
1431,1432,restriccion
1431,1433,restriccion
1431,1434,restriccion
1431,1435,restriccion
1431,1436,restriccion
1431,1437,restriccion
1431,1438,restriccion
1431,1439,restriccion
1431,1440,restriccion
1431,1441,restriccion
1431,1442,restriccion
1431,1449,restriccion
1431,1450,restriccion
1431,1451,restriccion
1432,1433,restriccion
1432,1434,restriccion
1432,1435,restriccion
1432,1436,restriccion
1432,1437,restriccion
1432,1438,restriccion
1432,1439,restriccion
1432,1440,restriccion
1432,1441,restriccion
1432,1442,restriccion
1432,1449,restriccion
1432,1450,restriccion
1432,1451,restriccion
1433,1434,restriccion
1433,1435,restriccion
1433,1436,restriccion
1433,1437,restriccion
1433,1438,restriccion
1433,1439,restriccion
1433,1440,restriccion
1433,1441,restriccion
1433,1442,restriccion
1433,1449,restriccion
1433,1450,restriccion
1433,1451,restriccion
1434,1435,restriccion
1434,1436,restriccion
1434,1437,restriccion
1434,1438,restriccion
1434,1439,restriccion
1434,1443,restriccion
1434,1444,restriccion
1434,1445,restriccion
1434,1452,restriccion
1434,1453,restriccion
1434,1454,restriccion
1435,1436,restriccion
1435,1437,restriccion
1435,1438,restriccion
1435,1439,restriccion
1435,1443,restriccion
1435,1444,restriccion
1435,1445,restriccion
1435,1452,restriccion
1435,1453,restriccion
1435,1454,restriccion
1436,1437,restriccion
1436,1438,restriccion
1436,1439,restriccion
1436,1443,restriccion
1436,1444,restriccion
1436,1445,restriccion
1436,1452,restriccion
1436,1453,restriccion
1436,1454,restriccion
1437,1438,restriccion
1437,1439,restriccion
1437,1446,restriccion
1437,1447,restriccion
1437,1448,restriccion
1437,1455,restriccion
1437,1456,restriccion
1437,1457,restriccion
1438,1439,restriccion
1438,1446,restriccion
1438,1447,restriccion
1438,1448,restriccion
1438,1455,restriccion
1438,1456,restriccion
1438,1457,restriccion
1439,1446,restriccion
1439,1447,restriccion
1439,1448,restriccion
1439,1455,restriccion
1439,1456,restriccion
1439,1457,restriccion
1440,1441,restriccion
1440,1442,restriccion
1440,1443,restriccion
1440,1444,restriccion
1440,1445,restriccion
1440,1446,restriccion
1440,1447,restriccion
1440,1448,restriccion
1440,1449,restriccion
1440,1450,restriccion
1440,1451,restriccion
1441,1442,restriccion
1441,1443,restriccion
1441,1444,restriccion
1441,1445,restriccion
1441,1446,restriccion
1441,1447,restriccion
1441,1448,restriccion
1441,1449,restriccion
1441,1450,restriccion
1441,1451,restriccion
1442,1443,restriccion
1442,1444,restriccion
1442,1445,restriccion
1442,1446,restriccion
1442,1447,restriccion
1442,1448,restriccion
1442,1449,restriccion
1442,1450,restriccion
1442,1451,restriccion
1443,1444,restriccion
1443,1445,restriccion
1443,1446,restriccion
1443,1447,restriccion
1443,1448,restriccion
1443,1452,restriccion
1443,1453,restriccion
1443,1454,restriccion
1444,1445,restriccion
1444,1446,restriccion
1444,1447,restriccion
1444,1448,restriccion
1444,1452,restriccion
1444,1453,restriccion
1444,1454,restriccion
1445,1446,restriccion
1445,1447,restriccion
1445,1448,restriccion
1445,1452,restriccion
1445,1453,restriccion
1445,1454,restriccion
1446,1447,restriccion
1446,1448,restriccion
1446,1455,restriccion
1446,1456,restriccion
1446,1457,restriccion
1447,1448,restriccion
1447,1455,restriccion
1447,1456,restriccion
1447,1457,restriccion
1448,1455,restriccion
1448,1456,restriccion
1448,1457,restriccion
1449,1450,restriccion
1449,1451,restriccion
1449,1452,restriccion
1449,1453,restriccion
1449,1454,restriccion
1449,1455,restriccion
1449,1456,restriccion
1449,1457,restriccion
1450,1451,restriccion
1450,1452,restriccion
1450,1453,restriccion
1450,1454,restriccion
1450,1455,restriccion
1450,1456,restriccion
1450,1457,restriccion
1451,1452,restriccion
1451,1453,restriccion
1451,1454,restriccion
1451,1455,restriccion
1451,1456,restriccion
1451,1457,restriccion
1452,1453,restriccion
1452,1454,restriccion
1452,1455,restriccion
1452,1456,restriccion
1452,1457,restriccion
1453,1454,restriccion
1453,1455,restriccion
1453,1456,restriccion
1453,1457,restriccion
1454,1455,restriccion
1454,1456,restriccion
1454,1457,restriccion
1455,1456,restriccion
1455,1457,restriccion
1456,1457,restriccion
1458,1459,restriccion
1458,1460,restriccion
1458,1461,restriccion
1458,1462,restriccion
1458,1463,restriccion
1458,1464,restriccion
1458,1465,restriccion
1458,1466,restriccion
1458,1467,restriccion
1458,1468,restriccion
1458,1469,restriccion
1458,1476,restriccion
1458,1477,restriccion
1458,1478,restriccion
1458,1485,restriccion
1458,1494,restriccion
1458,1503,restriccion
1458,1512,restriccion
1458,1521,restriccion
1458,1530,restriccion
1459,1460,restriccion
1459,1461,restriccion
1459,1462,restriccion
1459,1463,restriccion
1459,1464,restriccion
1459,1465,restriccion
1459,1466,restriccion
1459,1467,restriccion
1459,1468,restriccion
1459,1469,restriccion
1459,1476,restriccion
1459,1477,restriccion
1459,1478,restriccion
1459,1486,restriccion
1459,1495,restriccion
1459,1504,restriccion
1459,1513,restriccion
1459,1522,restriccion
1459,1531,restriccion
1460,1461,restriccion
1460,1462,restriccion
1460,1463,restriccion
1460,1464,restriccion
1460,1465,restriccion
1460,1466,restriccion
1460,1467,restriccion
1460,1468,restriccion
1460,1469,restriccion
1460,1476,restriccion
1460,1477,restriccion
1460,1478,restriccion
1460,1487,restriccion
1460,1496,restriccion
1460,1505,restriccion
1460,1514,restriccion
1460,1523,restriccion
1460,1532,restriccion
1461,1462,restriccion
1461,1463,restriccion
1461,1464,restriccion
1461,1465,restriccion
1461,1466,restriccion
1461,1470,restriccion
1461,1471,restriccion
1461,1472,restriccion
1461,1479,restriccion
1461,1480,restriccion
1461,1481,restriccion
1461,1488,restriccion
1461,1497,restriccion
1461,1506,restriccion
1461,1515,restriccion
1461,1524,restriccion
1461,1533,restriccion
1462,1463,restriccion
1462,1464,restriccion
1462,1465,restriccion
1462,1466,restriccion
1462,1470,restriccion
1462,1471,restriccion
1462,1472,restriccion
1462,1479,restriccion
1462,1480,restriccion
1462,1481,restriccion
1462,1489,restriccion
1462,1498,restriccion
1462,1507,restriccion
1462,1516,restriccion
1462,1525,restriccion
1462,1534,restriccion
1463,1464,restriccion
1463,1465,restriccion
1463,1466,restriccion
1463,1470,restriccion
1463,1471,restriccion
1463,1472,restriccion
1463,1479,restriccion
1463,1480,restriccion
1463,1481,restriccion
1463,1490,restriccion
1463,1499,restriccion
1463,1508,restriccion
1463,1517,restriccion
1463,1526,restriccion
1463,1535,restriccion
1464,1465,restriccion
1464,1466,restriccion
1464,1473,restriccion
1464,1474,restriccion
1464,1475,restriccion
1464,1482,restriccion
1464,1483,restriccion
1464,1484,restriccion
1464,1491,restriccion
1464,1500,restriccion
1464,1509,restriccion
1464,1518,restriccion
1464,1527,restriccion
1464,1536,restriccion
1465,1466,restriccion
1465,1473,restriccion
1465,1474,restriccion
1465,1475,restriccion
1465,1482,restriccion
1465,1483,restriccion
1465,1484,restriccion
1465,1492,restriccion
1465,1501,restriccion
1465,1510,restriccion
1465,1519,restriccion
1465,1528,restriccion
1465,1537,restriccion
1466,1473,restriccion
1466,1474,restriccion
1466,1475,restriccion
1466,1482,restriccion
1466,1483,restriccion
1466,1484,restriccion
1466,1493,restriccion
1466,1502,restriccion
1466,1511,restriccion
1466,1520,restriccion
1466,1529,restriccion
1466,1538,restriccion
1467,1468,restriccion
1467,1469,restriccion
1467,1470,restriccion
1467,1471,restriccion
1467,1472,restriccion
1467,1473,restriccion
1467,1474,restriccion
1467,1475,restriccion
1467,1476,restriccion
1467,1477,restriccion
1467,1478,restriccion
1467,1485,restriccion
1467,1494,restriccion
1467,1503,restriccion
1467,1512,restriccion
1467,1521,restriccion
1467,1530,restriccion
1468,1469,restriccion
1468,1470,restriccion
1468,1471,restriccion
1468,1472,restriccion
1468,1473,restriccion
1468,1474,restriccion
1468,1475,restriccion
1468,1476,restriccion
1468,1477,restriccion
1468,1478,restriccion
1468,1486,restriccion
1468,1495,restriccion
1468,1504,restriccion
1468,1513,restriccion
1468,1522,restriccion
1468,1531,restriccion
1469,1470,restriccion
1469,1471,restriccion
1469,1472,restriccion
1469,1473,restriccion
1469,1474,restriccion
1469,1475,restriccion
1469,1476,restriccion
1469,1477,restriccion
1469,1478,restriccion
1469,1487,restriccion
1469,1496,restriccion
1469,1505,restriccion
1469,1514,restriccion
1469,1523,restriccion
1469,1532,restriccion
1470,1471,restriccion
1470,1472,restriccion
1470,1473,restriccion
1470,1474,restriccion
1470,1475,restriccion
1470,1479,restriccion
1470,1480,restriccion
1470,1481,restriccion
1470,1488,restriccion
1470,1497,restriccion
1470,1506,restriccion
1470,1515,restriccion
1470,1524,restriccion
1470,1533,restriccion
1471,1472,restriccion
1471,1473,restriccion
1471,1474,restriccion
1471,1475,restriccion
1471,1479,restriccion
1471,1480,restriccion
1471,1481,restriccion
1471,1489,restriccion
1471,1498,restriccion
1471,1507,restriccion
1471,1516,restriccion
1471,1525,restriccion
1471,1534,restriccion
1472,1473,restriccion
1472,1474,restriccion
1472,1475,restriccion
1472,1479,restriccion
1472,1480,restriccion
1472,1481,restriccion
1472,1490,restriccion
1472,1499,restriccion
1472,1508,restriccion
1472,1517,restriccion
1472,1526,restriccion
1472,1535,restriccion
1473,1474,restriccion
1473,1475,restriccion
1473,1482,restriccion
1473,1483,restriccion
1473,1484,restriccion
1473,1491,restriccion
1473,1500,restriccion
1473,1509,restriccion
1473,1518,restriccion
1473,1527,restriccion
1473,1536,restriccion
1474,1475,restriccion
1474,1482,restriccion
1474,1483,restriccion
1474,1484,restriccion
1474,1492,restriccion
1474,1501,restriccion
1474,1510,restriccion
1474,1519,restriccion
1474,1528,restriccion
1474,1537,restriccion
1475,1482,restriccion
1475,1483,restriccion
1475,1484,restriccion
1475,1493,restriccion
1475,1502,restriccion
1475,1511,restriccion
1475,1520,restriccion
1475,1529,restriccion
1475,1538,restriccion
1476,1477,restriccion
1476,1478,restriccion
1476,1479,restriccion
1476,1480,restriccion
1476,1481,restriccion
1476,1482,restriccion
1476,1483,restriccion
1476,1484,restriccion
1476,1485,restriccion
1476,1494,restriccion
1476,1503,restriccion
1476,1512,restriccion
1476,1521,restriccion
1476,1530,restriccion
1477,1478,restriccion
1477,1479,restriccion
1477,1480,restriccion
1477,1481,restriccion
1477,1482,restriccion
1477,1483,restriccion
1477,1484,restriccion
1477,1486,restriccion
1477,1495,restriccion
1477,1504,restriccion
1477,1513,restriccion
1477,1522,restriccion
1477,1531,restriccion
1478,1479,restriccion
1478,1480,restriccion
1478,1481,restriccion
1478,1482,restriccion
1478,1483,restriccion
1478,1484,restriccion
1478,1487,restriccion
1478,1496,restriccion
1478,1505,restriccion
1478,1514,restriccion
1478,1523,restriccion
1478,1532,restriccion
1479,1480,restriccion
1479,1481,restriccion
1479,1482,restriccion
1479,1483,restriccion
1479,1484,restriccion
1479,1488,restriccion
1479,1497,restriccion
1479,1506,restriccion
1479,1515,restriccion
1479,1524,restriccion
1479,1533,restriccion
1480,1481,restriccion
1480,1482,restriccion
1480,1483,restriccion
1480,1484,restriccion
1480,1489,restriccion
1480,1498,restriccion
1480,1507,restriccion
1480,1516,restriccion
1480,1525,restriccion
1480,1534,restriccion
1481,1482,restriccion
1481,1483,restriccion
1481,1484,restriccion
1481,1490,restriccion
1481,1499,restriccion
1481,1508,restriccion
1481,1517,restriccion
1481,1526,restriccion
1481,1535,restriccion
1482,1483,restriccion
1482,1484,restriccion
1482,1491,restriccion
1482,1500,restriccion
1482,1509,restriccion
1482,1518,restriccion
1482,1527,restriccion
1482,1536,restriccion
1483,1484,restriccion
1483,1492,restriccion
1483,1501,restriccion
1483,1510,restriccion
1483,1519,restriccion
1483,1528,restriccion
1483,1537,restriccion
1484,1493,restriccion
1484,1502,restriccion
1484,1511,restriccion
1484,1520,restriccion
1484,1529,restriccion
1484,1538,restriccion
1485,1486,restriccion
1485,1487,restriccion
1485,1488,restriccion
1485,1489,restriccion
1485,1490,restriccion
1485,1491,restriccion
1485,1492,restriccion
1485,1493,restriccion
1485,1494,restriccion
1485,1495,restriccion
1485,1496,restriccion
1485,1503,restriccion
1485,1504,restriccion
1485,1505,restriccion
1485,1512,restriccion
1485,1521,restriccion
1485,1530,restriccion
1486,1487,restriccion
1486,1488,restriccion
1486,1489,restriccion
1486,1490,restriccion
1486,1491,restriccion
1486,1492,restriccion
1486,1493,restriccion
1486,1494,restriccion
1486,1495,restriccion
1486,1496,restriccion
1486,1503,restriccion
1486,1504,restriccion
1486,1505,restriccion
1486,1513,restriccion
1486,1522,restriccion
1486,1531,restriccion
1487,1488,restriccion
1487,1489,restriccion
1487,1490,restriccion
1487,1491,restriccion
1487,1492,restriccion
1487,1493,restriccion
1487,1494,restriccion
1487,1495,restriccion
1487,1496,restriccion
1487,1503,restriccion
1487,1504,restriccion
1487,1505,restriccion
1487,1514,restriccion
1487,1523,restriccion
1487,1532,restriccion
1488,1489,restriccion
1488,1490,restriccion
1488,1491,restriccion
1488,1492,restriccion
1488,1493,restriccion
1488,1497,restriccion
1488,1498,restriccion
1488,1499,restriccion
1488,1506,restriccion
1488,1507,restriccion
1488,1508,restriccion
1488,1515,restriccion
1488,1524,restriccion
1488,1533,restriccion
1489,1490,restriccion
1489,1491,restriccion
1489,1492,restriccion
1489,1493,restriccion
1489,1497,restriccion
1489,1498,restriccion
1489,1499,restriccion
1489,1506,restriccion
1489,1507,restriccion
1489,1508,restriccion
1489,1516,restriccion
1489,1525,restriccion
1489,1534,restriccion
1490,1491,restriccion
1490,1492,restriccion
1490,1493,restriccion
1490,1497,restriccion
1490,1498,restriccion
1490,1499,restriccion
1490,1506,restriccion
1490,1507,restriccion
1490,1508,restriccion
1490,1517,restriccion
1490,1526,restriccion
1490,1535,restriccion
1491,1492,restriccion
1491,1493,restriccion
1491,1500,restriccion
1491,1501,restriccion
1491,1502,restriccion
1491,1509,restriccion
1491,1510,restriccion
1491,1511,restriccion
1491,1518,restriccion
1491,1527,restriccion
1491,1536,restriccion
1492,1493,restriccion
1492,1500,restriccion
1492,1501,restriccion
1492,1502,restriccion
1492,1509,restriccion
1492,1510,restriccion
1492,1511,restriccion
1492,1519,restriccion
1492,1528,restriccion
1492,1537,restriccion
1493,1500,restriccion
1493,1501,restriccion
1493,1502,restriccion
1493,1509,restriccion
1493,1510,restriccion
1493,1511,restriccion
1493,1520,restriccion
1493,1529,restriccion
1493,1538,restriccion
1494,1495,restriccion
1494,1496,restriccion
1494,1497,restriccion
1494,1498,restriccion
1494,1499,restriccion
1494,1500,restriccion
1494,1501,restriccion
1494,1502,restriccion
1494,1503,restriccion
1494,1504,restriccion
1494,1505,restriccion
1494,1512,restriccion
1494,1521,restriccion
1494,1530,restriccion
1495,1496,restriccion
1495,1497,restriccion
1495,1498,restriccion
1495,1499,restriccion
1495,1500,restriccion
1495,1501,restriccion
1495,1502,restriccion
1495,1503,restriccion
1495,1504,restriccion
1495,1505,restriccion
1495,1513,restriccion
1495,1522,restriccion
1495,1531,restriccion
1496,1497,restriccion
1496,1498,restriccion
1496,1499,restriccion
1496,1500,restriccion
1496,1501,restriccion
1496,1502,restriccion
1496,1503,restriccion
1496,1504,restriccion
1496,1505,restriccion
1496,1514,restriccion
1496,1523,restriccion
1496,1532,restriccion
1497,1498,restriccion
1497,1499,restriccion
1497,1500,restriccion
1497,1501,restriccion
1497,1502,restriccion
1497,1506,restriccion
1497,1507,restriccion
1497,1508,restriccion
1497,1515,restriccion
1497,1524,restriccion
1497,1533,restriccion
1498,1499,restriccion
1498,1500,restriccion
1498,1501,restriccion
1498,1502,restriccion
1498,1506,restriccion
1498,1507,restriccion
1498,1508,restriccion
1498,1516,restriccion
1498,1525,restriccion
1498,1534,restriccion
1499,1500,restriccion
1499,1501,restriccion
1499,1502,restriccion
1499,1506,restriccion
1499,1507,restriccion
1499,1508,restriccion
1499,1517,restriccion
1499,1526,restriccion
1499,1535,restriccion
1500,1501,restriccion
1500,1502,restriccion
1500,1509,restriccion
1500,1510,restriccion
1500,1511,restriccion
1500,1518,restriccion
1500,1527,restriccion
1500,1536,restriccion
1501,1502,restriccion
1501,1509,restriccion
1501,1510,restriccion
1501,1511,restriccion
1501,1519,restriccion
1501,1528,restriccion
1501,1537,restriccion
1502,1509,restriccion
1502,1510,restriccion
1502,1511,restriccion
1502,1520,restriccion
1502,1529,restriccion
1502,1538,restriccion
1503,1504,restriccion
1503,1505,restriccion
1503,1506,restriccion
1503,1507,restriccion
1503,1508,restriccion
1503,1509,restriccion
1503,1510,restriccion
1503,1511,restriccion
1503,1512,restriccion
1503,1521,restriccion
1503,1530,restriccion
1504,1505,restriccion
1504,1506,restriccion
1504,1507,restriccion
1504,1508,restriccion
1504,1509,restriccion
1504,1510,restriccion
1504,1511,restriccion
1504,1513,restriccion
1504,1522,restriccion
1504,1531,restriccion
1505,1506,restriccion
1505,1507,restriccion
1505,1508,restriccion
1505,1509,restriccion
1505,1510,restriccion
1505,1511,restriccion
1505,1514,restriccion
1505,1523,restriccion
1505,1532,restriccion
1506,1507,restriccion
1506,1508,restriccion
1506,1509,restriccion
1506,1510,restriccion
1506,1511,restriccion
1506,1515,restriccion
1506,1524,restriccion
1506,1533,restriccion
1507,1508,restriccion
1507,1509,restriccion
1507,1510,restriccion
1507,1511,restriccion
1507,1516,restriccion
1507,1525,restriccion
1507,1534,restriccion
1508,1509,restriccion
1508,1510,restriccion
1508,1511,restriccion
1508,1517,restriccion
1508,1526,restriccion
1508,1535,restriccion
1509,1510,restriccion
1509,1511,restriccion
1509,1518,restriccion
1509,1527,restriccion
1509,1536,restriccion
1510,1511,restriccion
1510,1519,restriccion
1510,1528,restriccion
1510,1537,restriccion
1511,1520,restriccion
1511,1529,restriccion
1511,1538,restriccion
1512,1513,restriccion
1512,1514,restriccion
1512,1515,restriccion
1512,1516,restriccion
1512,1517,restriccion
1512,1518,restriccion
1512,1519,restriccion
1512,1520,restriccion
1512,1521,restriccion
1512,1522,restriccion
1512,1523,restriccion
1512,1530,restriccion
1512,1531,restriccion
1512,1532,restriccion
1513,1514,restriccion
1513,1515,restriccion
1513,1516,restriccion
1513,1517,restriccion
1513,1518,restriccion
1513,1519,restriccion
1513,1520,restriccion
1513,1521,restriccion
1513,1522,restriccion
1513,1523,restriccion
1513,1530,restriccion
1513,1531,restriccion
1513,1532,restriccion
1514,1515,restriccion
1514,1516,restriccion
1514,1517,restriccion
1514,1518,restriccion
1514,1519,restriccion
1514,1520,restriccion
1514,1521,restriccion
1514,1522,restriccion
1514,1523,restriccion
1514,1530,restriccion
1514,1531,restriccion
1514,1532,restriccion
1515,1516,restriccion
1515,1517,restriccion
1515,1518,restriccion
1515,1519,restriccion
1515,1520,restriccion
1515,1524,restriccion
1515,1525,restriccion
1515,1526,restriccion
1515,1533,restriccion
1515,1534,restriccion
1515,1535,restriccion
1516,1517,restriccion
1516,1518,restriccion
1516,1519,restriccion
1516,1520,restriccion
1516,1524,restriccion
1516,1525,restriccion
1516,1526,restriccion
1516,1533,restriccion
1516,1534,restriccion
1516,1535,restriccion
1517,1518,restriccion
1517,1519,restriccion
1517,1520,restriccion
1517,1524,restriccion
1517,1525,restriccion
1517,1526,restriccion
1517,1533,restriccion
1517,1534,restriccion
1517,1535,restriccion
1518,1519,restriccion
1518,1520,restriccion
1518,1527,restriccion
1518,1528,restriccion
1518,1529,restriccion
1518,1536,restriccion
1518,1537,restriccion
1518,1538,restriccion
1519,1520,restriccion
1519,1527,restriccion
1519,1528,restriccion
1519,1529,restriccion
1519,1536,restriccion
1519,1537,restriccion
1519,1538,restriccion
1520,1527,restriccion
1520,1528,restriccion
1520,1529,restriccion
1520,1536,restriccion
1520,1537,restriccion
1520,1538,restriccion
1521,1522,restriccion
1521,1523,restriccion
1521,1524,restriccion
1521,1525,restriccion
1521,1526,restriccion
1521,1527,restriccion
1521,1528,restriccion
1521,1529,restriccion
1521,1530,restriccion
1521,1531,restriccion
1521,1532,restriccion
1522,1523,restriccion
1522,1524,restriccion
1522,1525,restriccion
1522,1526,restriccion
1522,1527,restriccion
1522,1528,restriccion
1522,1529,restriccion
1522,1530,restriccion
1522,1531,restriccion
1522,1532,restriccion
1523,1524,restriccion
1523,1525,restriccion
1523,1526,restriccion
1523,1527,restriccion
1523,1528,restriccion
1523,1529,restriccion
1523,1530,restriccion
1523,1531,restriccion
1523,1532,restriccion
1524,1525,restriccion
1524,1526,restriccion
1524,1527,restriccion
1524,1528,restriccion
1524,1529,restriccion
1524,1533,restriccion
1524,1534,restriccion
1524,1535,restriccion
1525,1526,restriccion
1525,1527,restriccion
1525,1528,restriccion
1525,1529,restriccion
1525,1533,restriccion
1525,1534,restriccion
1525,1535,restriccion
1526,1527,restriccion
1526,1528,restriccion
1526,1529,restriccion
1526,1533,restriccion
1526,1534,restriccion
1526,1535,restriccion
1527,1528,restriccion
1527,1529,restriccion
1527,1536,restriccion
1527,1537,restriccion
1527,1538,restriccion
1528,1529,restriccion
1528,1536,restriccion
1528,1537,restriccion
1528,1538,restriccion
1529,1536,restriccion
1529,1537,restriccion
1529,1538,restriccion
1530,1531,restriccion
1530,1532,restriccion
1530,1533,restriccion
1530,1534,restriccion
1530,1535,restriccion
1530,1536,restriccion
1530,1537,restriccion
1530,1538,restriccion
1531,1532,restriccion
1531,1533,restriccion
1531,1534,restriccion
1531,1535,restriccion
1531,1536,restriccion
1531,1537,restriccion
1531,1538,restriccion
1532,1533,restriccion
1532,1534,restriccion
1532,1535,restriccion
1532,1536,restriccion
1532,1537,restriccion
1532,1538,restriccion
1533,1534,restriccion
1533,1535,restriccion
1533,1536,restriccion
1533,1537,restriccion
1533,1538,restriccion
1534,1535,restriccion
1534,1536,restriccion
1534,1537,restriccion
1534,1538,restriccion
1535,1536,restriccion
1535,1537,restriccion
1535,1538,restriccion
1536,1537,restriccion
1536,1538,restriccion
1537,1538,restriccion
1539,1540,restriccion
1539,1541,restriccion
1539,1542,restriccion
1539,1543,restriccion
1539,1544,restriccion
1539,1545,restriccion
1539,1546,restriccion
1539,1547,restriccion
1539,1548,restriccion
1539,1549,restriccion
1539,1550,restriccion
1539,1557,restriccion
1539,1558,restriccion
1539,1559,restriccion
1539,1566,restriccion
1539,1575,restriccion
1539,1584,restriccion
1539,1593,restriccion
1539,1602,restriccion
1539,1611,restriccion
1540,1541,restriccion
1540,1542,restriccion
1540,1543,restriccion
1540,1544,restriccion
1540,1545,restriccion
1540,1546,restriccion
1540,1547,restriccion
1540,1548,restriccion
1540,1549,restriccion
1540,1550,restriccion
1540,1557,restriccion
1540,1558,restriccion
1540,1559,restriccion
1540,1567,restriccion
1540,1576,restriccion
1540,1585,restriccion
1540,1594,restriccion
1540,1603,restriccion
1540,1612,restriccion
1541,1542,restriccion
1541,1543,restriccion
1541,1544,restriccion
1541,1545,restriccion
1541,1546,restriccion
1541,1547,restriccion
1541,1548,restriccion
1541,1549,restriccion
1541,1550,restriccion
1541,1557,restriccion
1541,1558,restriccion
1541,1559,restriccion
1541,1568,restriccion
1541,1577,restriccion
1541,1586,restriccion
1541,1595,restriccion
1541,1604,restriccion
1541,1613,restriccion
1542,1543,restriccion
1542,1544,restriccion
1542,1545,restriccion
1542,1546,restriccion
1542,1547,restriccion
1542,1551,restriccion
1542,1552,restriccion
1542,1553,restriccion
1542,1560,restriccion
1542,1561,restriccion
1542,1562,restriccion
1542,1569,restriccion
1542,1578,restriccion
1542,1587,restriccion
1542,1596,restriccion
1542,1605,restriccion
1542,1614,restriccion
1543,1544,restriccion
1543,1545,restriccion
1543,1546,restriccion
1543,1547,restriccion
1543,1551,restriccion
1543,1552,restriccion
1543,1553,restriccion
1543,1560,restriccion
1543,1561,restriccion
1543,1562,restriccion
1543,1570,restriccion
1543,1579,restriccion
1543,1588,restriccion
1543,1597,restriccion
1543,1606,restriccion
1543,1615,restriccion
1544,1545,restriccion
1544,1546,restriccion
1544,1547,restriccion
1544,1551,restriccion
1544,1552,restriccion
1544,1553,restriccion
1544,1560,restriccion
1544,1561,restriccion
1544,1562,restriccion
1544,1571,restriccion
1544,1580,restriccion
1544,1589,restriccion
1544,1598,restriccion
1544,1607,restriccion
1544,1616,restriccion
1545,1546,restriccion
1545,1547,restriccion
1545,1554,restriccion
1545,1555,restriccion
1545,1556,restriccion
1545,1563,restriccion
1545,1564,restriccion
1545,1565,restriccion
1545,1572,restriccion
1545,1581,restriccion
1545,1590,restriccion
1545,1599,restriccion
1545,1608,restriccion
1545,1617,restriccion
1546,1547,restriccion
1546,1554,restriccion
1546,1555,restriccion
1546,1556,restriccion
1546,1563,restriccion
1546,1564,restriccion
1546,1565,restriccion
1546,1573,restriccion
1546,1582,restriccion
1546,1591,restriccion
1546,1600,restriccion
1546,1609,restriccion
1546,1618,restriccion
1547,1554,restriccion
1547,1555,restriccion
1547,1556,restriccion
1547,1563,restriccion
1547,1564,restriccion
1547,1565,restriccion
1547,1574,restriccion
1547,1583,restriccion
1547,1592,restriccion
1547,1601,restriccion
1547,1610,restriccion
1547,1619,restriccion
1548,1549,restriccion
1548,1550,restriccion
1548,1551,restriccion
1548,1552,restriccion
1548,1553,restriccion
1548,1554,restriccion
1548,1555,restriccion
1548,1556,restriccion
1548,1557,restriccion
1548,1558,restriccion
1548,1559,restriccion
1548,1566,restriccion
1548,1575,restriccion
1548,1584,restriccion
1548,1593,restriccion
1548,1602,restriccion
1548,1611,restriccion
1549,1550,restriccion
1549,1551,restriccion
1549,1552,restriccion
1549,1553,restriccion
1549,1554,restriccion
1549,1555,restriccion
1549,1556,restriccion
1549,1557,restriccion
1549,1558,restriccion
1549,1559,restriccion
1549,1567,restriccion
1549,1576,restriccion
1549,1585,restriccion
1549,1594,restriccion
1549,1603,restriccion
1549,1612,restriccion
1550,1551,restriccion
1550,1552,restriccion
1550,1553,restriccion
1550,1554,restriccion
1550,1555,restriccion
1550,1556,restriccion
1550,1557,restriccion
1550,1558,restriccion
1550,1559,restriccion
1550,1568,restriccion
1550,1577,restriccion
1550,1586,restriccion
1550,1595,restriccion
1550,1604,restriccion
1550,1613,restriccion
1551,1552,restriccion
1551,1553,restriccion
1551,1554,restriccion
1551,1555,restriccion
1551,1556,restriccion
1551,1560,restriccion
1551,1561,restriccion
1551,1562,restriccion
1551,1569,restriccion
1551,1578,restriccion
1551,1587,restriccion
1551,1596,restriccion
1551,1605,restriccion
1551,1614,restriccion
1552,1553,restriccion
1552,1554,restriccion
1552,1555,restriccion
1552,1556,restriccion
1552,1560,restriccion
1552,1561,restriccion
1552,1562,restriccion
1552,1570,restriccion
1552,1579,restriccion
1552,1588,restriccion
1552,1597,restriccion
1552,1606,restriccion
1552,1615,restriccion
1553,1554,restriccion
1553,1555,restriccion
1553,1556,restriccion
1553,1560,restriccion
1553,1561,restriccion
1553,1562,restriccion
1553,1571,restriccion
1553,1580,restriccion
1553,1589,restriccion
1553,1598,restriccion
1553,1607,restriccion
1553,1616,restriccion
1554,1555,restriccion
1554,1556,restriccion
1554,1563,restriccion
1554,1564,restriccion
1554,1565,restriccion
1554,1572,restriccion
1554,1581,restriccion
1554,1590,restriccion
1554,1599,restriccion
1554,1608,restriccion
1554,1617,restriccion
1555,1556,restriccion
1555,1563,restriccion
1555,1564,restriccion
1555,1565,restriccion
1555,1573,restriccion
1555,1582,restriccion
1555,1591,restriccion
1555,1600,restriccion
1555,1609,restriccion
1555,1618,restriccion
1556,1563,restriccion
1556,1564,restriccion
1556,1565,restriccion
1556,1574,restriccion
1556,1583,restriccion
1556,1592,restriccion
1556,1601,restriccion
1556,1610,restriccion
1556,1619,restriccion
1557,1558,restriccion
1557,1559,restriccion
1557,1560,restriccion
1557,1561,restriccion
1557,1562,restriccion
1557,1563,restriccion
1557,1564,restriccion
1557,1565,restriccion
1557,1566,restriccion
1557,1575,restriccion
1557,1584,restriccion
1557,1593,restriccion
1557,1602,restriccion
1557,1611,restriccion
1558,1559,restriccion
1558,1560,restriccion
1558,1561,restriccion
1558,1562,restriccion
1558,1563,restriccion
1558,1564,restriccion
1558,1565,restriccion
1558,1567,restriccion
1558,1576,restriccion
1558,1585,restriccion
1558,1594,restriccion
1558,1603,restriccion
1558,1612,restriccion
1559,1560,restriccion
1559,1561,restriccion
1559,1562,restriccion
1559,1563,restriccion
1559,1564,restriccion
1559,1565,restriccion
1559,1568,restriccion
1559,1577,restriccion
1559,1586,restriccion
1559,1595,restriccion
1559,1604,restriccion
1559,1613,restriccion
1560,1561,restriccion
1560,1562,restriccion
1560,1563,restriccion
1560,1564,restriccion
1560,1565,restriccion
1560,1569,restriccion
1560,1578,restriccion
1560,1587,restriccion
1560,1596,restriccion
1560,1605,restriccion
1560,1614,restriccion
1561,1562,restriccion
1561,1563,restriccion
1561,1564,restriccion
1561,1565,restriccion
1561,1570,restriccion
1561,1579,restriccion
1561,1588,restriccion
1561,1597,restriccion
1561,1606,restriccion
1561,1615,restriccion
1562,1563,restriccion
1562,1564,restriccion
1562,1565,restriccion
1562,1571,restriccion
1562,1580,restriccion
1562,1589,restriccion
1562,1598,restriccion
1562,1607,restriccion
1562,1616,restriccion
1563,1564,restriccion
1563,1565,restriccion
1563,1572,restriccion
1563,1581,restriccion
1563,1590,restriccion
1563,1599,restriccion
1563,1608,restriccion
1563,1617,restriccion
1564,1565,restriccion
1564,1573,restriccion
1564,1582,restriccion
1564,1591,restriccion
1564,1600,restriccion
1564,1609,restriccion
1564,1618,restriccion
1565,1574,restriccion
1565,1583,restriccion
1565,1592,restriccion
1565,1601,restriccion
1565,1610,restriccion
1565,1619,restriccion
1566,1567,restriccion
1566,1568,restriccion
1566,1569,restriccion
1566,1570,restriccion
1566,1571,restriccion
1566,1572,restriccion
1566,1573,restriccion
1566,1574,restriccion
1566,1575,restriccion
1566,1576,restriccion
1566,1577,restriccion
1566,1584,restriccion
1566,1585,restriccion
1566,1586,restriccion
1566,1593,restriccion
1566,1602,restriccion
1566,1611,restriccion
1567,1568,restriccion
1567,1569,restriccion
1567,1570,restriccion
1567,1571,restriccion
1567,1572,restriccion
1567,1573,restriccion
1567,1574,restriccion
1567,1575,restriccion
1567,1576,restriccion
1567,1577,restriccion
1567,1584,restriccion
1567,1585,restriccion
1567,1586,restriccion
1567,1594,restriccion
1567,1603,restriccion
1567,1612,restriccion
1568,1569,restriccion
1568,1570,restriccion
1568,1571,restriccion
1568,1572,restriccion
1568,1573,restriccion
1568,1574,restriccion
1568,1575,restriccion
1568,1576,restriccion
1568,1577,restriccion
1568,1584,restriccion
1568,1585,restriccion
1568,1586,restriccion
1568,1595,restriccion
1568,1604,restriccion
1568,1613,restriccion
1569,1570,restriccion
1569,1571,restriccion
1569,1572,restriccion
1569,1573,restriccion
1569,1574,restriccion
1569,1578,restriccion
1569,1579,restriccion
1569,1580,restriccion
1569,1587,restriccion
1569,1588,restriccion
1569,1589,restriccion
1569,1596,restriccion
1569,1605,restriccion
1569,1614,restriccion
1570,1571,restriccion
1570,1572,restriccion
1570,1573,restriccion
1570,1574,restriccion
1570,1578,restriccion
1570,1579,restriccion
1570,1580,restriccion
1570,1587,restriccion
1570,1588,restriccion
1570,1589,restriccion
1570,1597,restriccion
1570,1606,restriccion
1570,1615,restriccion
1571,1572,restriccion
1571,1573,restriccion
1571,1574,restriccion
1571,1578,restriccion
1571,1579,restriccion
1571,1580,restriccion
1571,1587,restriccion
1571,1588,restriccion
1571,1589,restriccion
1571,1598,restriccion
1571,1607,restriccion
1571,1616,restriccion
1572,1573,restriccion
1572,1574,restriccion
1572,1581,restriccion
1572,1582,restriccion
1572,1583,restriccion
1572,1590,restriccion
1572,1591,restriccion
1572,1592,restriccion
1572,1599,restriccion
1572,1608,restriccion
1572,1617,restriccion
1573,1574,restriccion
1573,1581,restriccion
1573,1582,restriccion
1573,1583,restriccion
1573,1590,restriccion
1573,1591,restriccion
1573,1592,restriccion
1573,1600,restriccion
1573,1609,restriccion
1573,1618,restriccion
1574,1581,restriccion
1574,1582,restriccion
1574,1583,restriccion
1574,1590,restriccion
1574,1591,restriccion
1574,1592,restriccion
1574,1601,restriccion
1574,1610,restriccion
1574,1619,restriccion
1575,1576,restriccion
1575,1577,restriccion
1575,1578,restriccion
1575,1579,restriccion
1575,1580,restriccion
1575,1581,restriccion
1575,1582,restriccion
1575,1583,restriccion
1575,1584,restriccion
1575,1585,restriccion
1575,1586,restriccion
1575,1593,restriccion
1575,1602,restriccion
1575,1611,restriccion
1576,1577,restriccion
1576,1578,restriccion
1576,1579,restriccion
1576,1580,restriccion
1576,1581,restriccion
1576,1582,restriccion
1576,1583,restriccion
1576,1584,restriccion
1576,1585,restriccion
1576,1586,restriccion
1576,1594,restriccion
1576,1603,restriccion
1576,1612,restriccion
1577,1578,restriccion
1577,1579,restriccion
1577,1580,restriccion
1577,1581,restriccion
1577,1582,restriccion
1577,1583,restriccion
1577,1584,restriccion
1577,1585,restriccion
1577,1586,restriccion
1577,1595,restriccion
1577,1604,restriccion
1577,1613,restriccion
1578,1579,restriccion
1578,1580,restriccion
1578,1581,restriccion
1578,1582,restriccion
1578,1583,restriccion
1578,1587,restriccion
1578,1588,restriccion
1578,1589,restriccion
1578,1596,restriccion
1578,1605,restriccion
1578,1614,restriccion
1579,1580,restriccion
1579,1581,restriccion
1579,1582,restriccion
1579,1583,restriccion
1579,1587,restriccion
1579,1588,restriccion
1579,1589,restriccion
1579,1597,restriccion
1579,1606,restriccion
1579,1615,restriccion
1580,1581,restriccion
1580,1582,restriccion
1580,1583,restriccion
1580,1587,restriccion
1580,1588,restriccion
1580,1589,restriccion
1580,1598,restriccion
1580,1607,restriccion
1580,1616,restriccion
1581,1582,restriccion
1581,1583,restriccion
1581,1590,restriccion
1581,1591,restriccion
1581,1592,restriccion
1581,1599,restriccion
1581,1608,restriccion
1581,1617,restriccion
1582,1583,restriccion
1582,1590,restriccion
1582,1591,restriccion
1582,1592,restriccion
1582,1600,restriccion
1582,1609,restriccion
1582,1618,restriccion
1583,1590,restriccion
1583,1591,restriccion
1583,1592,restriccion
1583,1601,restriccion
1583,1610,restriccion
1583,1619,restriccion
1584,1585,restriccion
1584,1586,restriccion
1584,1587,restriccion
1584,1588,restriccion
1584,1589,restriccion
1584,1590,restriccion
1584,1591,restriccion
1584,1592,restriccion
1584,1593,restriccion
1584,1602,restriccion
1584,1611,restriccion
1585,1586,restriccion
1585,1587,restriccion
1585,1588,restriccion
1585,1589,restriccion
1585,1590,restriccion
1585,1591,restriccion
1585,1592,restriccion
1585,1594,restriccion
1585,1603,restriccion
1585,1612,restriccion
1586,1587,restriccion
1586,1588,restriccion
1586,1589,restriccion
1586,1590,restriccion
1586,1591,restriccion
1586,1592,restriccion
1586,1595,restriccion
1586,1604,restriccion
1586,1613,restriccion
1587,1588,restriccion
1587,1589,restriccion
1587,1590,restriccion
1587,1591,restriccion
1587,1592,restriccion
1587,1596,restriccion
1587,1605,restriccion
1587,1614,restriccion
1588,1589,restriccion
1588,1590,restriccion
1588,1591,restriccion
1588,1592,restriccion
1588,1597,restriccion
1588,1606,restriccion
1588,1615,restriccion
1589,1590,restriccion
1589,1591,restriccion
1589,1592,restriccion
1589,1598,restriccion
1589,1607,restriccion
1589,1616,restriccion
1590,1591,restriccion
1590,1592,restriccion
1590,1599,restriccion
1590,1608,restriccion
1590,1617,restriccion
1591,1592,restriccion
1591,1600,restriccion
1591,1609,restriccion
1591,1618,restriccion
1592,1601,restriccion
1592,1610,restriccion
1592,1619,restriccion
1593,1594,restriccion
1593,1595,restriccion
1593,1596,restriccion
1593,1597,restriccion
1593,1598,restriccion
1593,1599,restriccion
1593,1600,restriccion
1593,1601,restriccion
1593,1602,restriccion
1593,1603,restriccion
1593,1604,restriccion
1593,1611,restriccion
1593,1612,restriccion
1593,1613,restriccion
1594,1595,restriccion
1594,1596,restriccion
1594,1597,restriccion
1594,1598,restriccion
1594,1599,restriccion
1594,1600,restriccion
1594,1601,restriccion
1594,1602,restriccion
1594,1603,restriccion
1594,1604,restriccion
1594,1611,restriccion
1594,1612,restriccion
1594,1613,restriccion
1595,1596,restriccion
1595,1597,restriccion
1595,1598,restriccion
1595,1599,restriccion
1595,1600,restriccion
1595,1601,restriccion
1595,1602,restriccion
1595,1603,restriccion
1595,1604,restriccion
1595,1611,restriccion
1595,1612,restriccion
1595,1613,restriccion
1596,1597,restriccion
1596,1598,restriccion
1596,1599,restriccion
1596,1600,restriccion
1596,1601,restriccion
1596,1605,restriccion
1596,1606,restriccion
1596,1607,restriccion
1596,1614,restriccion
1596,1615,restriccion
1596,1616,restriccion
1597,1598,restriccion
1597,1599,restriccion
1597,1600,restriccion
1597,1601,restriccion
1597,1605,restriccion
1597,1606,restriccion
1597,1607,restriccion
1597,1614,restriccion
1597,1615,restriccion
1597,1616,restriccion
1598,1599,restriccion
1598,1600,restriccion
1598,1601,restriccion
1598,1605,restriccion
1598,1606,restriccion
1598,1607,restriccion
1598,1614,restriccion
1598,1615,restriccion
1598,1616,restriccion
1599,1600,restriccion
1599,1601,restriccion
1599,1608,restriccion
1599,1609,restriccion
1599,1610,restriccion
1599,1617,restriccion
1599,1618,restriccion
1599,1619,restriccion
1600,1601,restriccion
1600,1608,restriccion
1600,1609,restriccion
1600,1610,restriccion
1600,1617,restriccion
1600,1618,restriccion
1600,1619,restriccion
1601,1608,restriccion
1601,1609,restriccion
1601,1610,restriccion
1601,1617,restriccion
1601,1618,restriccion
1601,1619,restriccion
1602,1603,restriccion
1602,1604,restriccion
1602,1605,restriccion
1602,1606,restriccion
1602,1607,restriccion
1602,1608,restriccion
1602,1609,restriccion
1602,1610,restriccion
1602,1611,restriccion
1602,1612,restriccion
1602,1613,restriccion
1603,1604,restriccion
1603,1605,restriccion
1603,1606,restriccion
1603,1607,restriccion
1603,1608,restriccion
1603,1609,restriccion
1603,1610,restriccion
1603,1611,restriccion
1603,1612,restriccion
1603,1613,restriccion
1604,1605,restriccion
1604,1606,restriccion
1604,1607,restriccion
1604,1608,restriccion
1604,1609,restriccion
1604,1610,restriccion
1604,1611,restriccion
1604,1612,restriccion
1604,1613,restriccion
1605,1606,restriccion
1605,1607,restriccion
1605,1608,restriccion
1605,1609,restriccion
1605,1610,restriccion
1605,1614,restriccion
1605,1615,restriccion
1605,1616,restriccion
1606,1607,restriccion
1606,1608,restriccion
1606,1609,restriccion
1606,1610,restriccion
1606,1614,restriccion
1606,1615,restriccion
1606,1616,restriccion
1607,1608,restriccion
1607,1609,restriccion
1607,1610,restriccion
1607,1614,restriccion
1607,1615,restriccion
1607,1616,restriccion
1608,1609,restriccion
1608,1610,restriccion
1608,1617,restriccion
1608,1618,restriccion
1608,1619,restriccion
1609,1610,restriccion
1609,1617,restriccion
1609,1618,restriccion
1609,1619,restriccion
1610,1617,restriccion
1610,1618,restriccion
1610,1619,restriccion
1611,1612,restriccion
1611,1613,restriccion
1611,1614,restriccion
1611,1615,restriccion
1611,1616,restriccion
1611,1617,restriccion
1611,1618,restriccion
1611,1619,restriccion
1612,1613,restriccion
1612,1614,restriccion
1612,1615,restriccion
1612,1616,restriccion
1612,1617,restriccion
1612,1618,restriccion
1612,1619,restriccion
1613,1614,restriccion
1613,1615,restriccion
1613,1616,restriccion
1613,1617,restriccion
1613,1618,restriccion
1613,1619,restriccion
1614,1615,restriccion
1614,1616,restriccion
1614,1617,restriccion
1614,1618,restriccion
1614,1619,restriccion
1615,1616,restriccion
1615,1617,restriccion
1615,1618,restriccion
1615,1619,restriccion
1616,1617,restriccion
1616,1618,restriccion
1616,1619,restriccion
1617,1618,restriccion
1617,1619,restriccion
1618,1619,restriccion
